ISO-10303-21;
HEADER;
FILE_DESCRIPTION(('KiCad electronic assembly'),'2;1');
FILE_NAME('12u Alpha.step','2025-12-14T14:50:28',('Pcbnew'),('Kicad'),
  'Open CASCADE STEP processor 7.9','KiCad to STEP converter','Unknown'
  );
FILE_SCHEMA(('AUTOMOTIVE_DESIGN { 1 0 10303 214 1 1 1 1 }'));
ENDSEC;
DATA;
#1 = APPLICATION_PROTOCOL_DEFINITION('international standard',
  'automotive_design',2000,#2);
#2 = APPLICATION_CONTEXT(
  'core data for automotive mechanical design processes');
#3 = SHAPE_DEFINITION_REPRESENTATION(#4,#10);
#4 = PRODUCT_DEFINITION_SHAPE('','',#5);
#5 = PRODUCT_DEFINITION('design','',#6,#9);
#6 = PRODUCT_DEFINITION_FORMATION('','',#7);
#7 = PRODUCT('12u Alpha 1','12u Alpha 1','',(#8));
#8 = PRODUCT_CONTEXT('',#2,'mechanical');
#9 = PRODUCT_DEFINITION_CONTEXT('part definition',#2,'design');
#10 = SHAPE_REPRESENTATION('',(#11,#15,#19),#23);
#11 = AXIS2_PLACEMENT_3D('',#12,#13,#14);
#12 = CARTESIAN_POINT('',(0.,0.,0.));
#13 = DIRECTION('',(0.,0.,1.));
#14 = DIRECTION('',(1.,0.,-0.));
#15 = AXIS2_PLACEMENT_3D('',#16,#17,#18);
#16 = CARTESIAN_POINT('',(129.664647,-55.6175,0.265));
#17 = DIRECTION('',(1.,1.110223024625E-16,-2.334869823773E-16));
#18 = DIRECTION('',(1.110223024625E-16,-1.,0.));
#19 = AXIS2_PLACEMENT_3D('',#20,#21,#22);
#20 = CARTESIAN_POINT('',(0.,0.,0.));
#21 = DIRECTION('',(0.,0.,1.));
#22 = DIRECTION('',(1.,0.,-0.));
#23 = ( GEOMETRIC_REPRESENTATION_CONTEXT(3) 
GLOBAL_UNCERTAINTY_ASSIGNED_CONTEXT((#27)) GLOBAL_UNIT_ASSIGNED_CONTEXT(
(#24,#25,#26)) REPRESENTATION_CONTEXT('Context #1',
  '3D Context with UNIT and UNCERTAINTY') );
#24 = ( LENGTH_UNIT() NAMED_UNIT(*) SI_UNIT(.MILLI.,.METRE.) );
#25 = ( NAMED_UNIT(*) PLANE_ANGLE_UNIT() SI_UNIT($,.RADIAN.) );
#26 = ( NAMED_UNIT(*) SI_UNIT($,.STERADIAN.) SOLID_ANGLE_UNIT() );
#27 = UNCERTAINTY_MEASURE_WITH_UNIT(LENGTH_MEASURE(1.E-07),#24,
  'distance_accuracy_value','confusion accuracy');
#28 = PRODUCT_RELATED_PRODUCT_CATEGORY('part',$,(#7));
#29 = SHAPE_DEFINITION_REPRESENTATION(#30,#36);
#30 = PRODUCT_DEFINITION_SHAPE('','',#31);
#31 = PRODUCT_DEFINITION('design','',#32,#35);
#32 = PRODUCT_DEFINITION_FORMATION('','',#33);
#33 = PRODUCT('SM04B-SRSS-TB_LF__SN_','SM04B-SRSS-TB_LF__SN_','',(#34));
#34 = PRODUCT_CONTEXT('',#2,'mechanical');
#35 = PRODUCT_DEFINITION_CONTEXT('part definition',#2,'design');
#36 = SHAPE_REPRESENTATION('',(#11,#37,#830,#1454,#2078,#2702,#3495,
    #4119),#7333);
#37 = MANIFOLD_SOLID_BREP('',#38);
#38 = CLOSED_SHELL('',(#39,#79,#110,#141,#172,#203,#236,#267,#300,#333,
    #364,#397,#430,#461,#494,#525,#556,#587,#620,#651,#684,#715,#746,
    #768,#799));
#39 = ADVANCED_FACE('',(#40),#74,.F.);
#40 = FACE_BOUND('',#41,.T.);
#41 = EDGE_LOOP('',(#42,#52,#60,#68));
#42 = ORIENTED_EDGE('',*,*,#43,.F.);
#43 = EDGE_CURVE('',#44,#46,#48,.T.);
#44 = VERTEX_POINT('',#45);
#45 = CARTESIAN_POINT('',(-2.5,0.905,3.395));
#46 = VERTEX_POINT('',#47);
#47 = CARTESIAN_POINT('',(-2.5,1.555,3.395));
#48 = LINE('',#49,#50);
#49 = CARTESIAN_POINT('',(-2.5,0.905,3.395));
#50 = VECTOR('',#51,1.);
#51 = DIRECTION('',(0.,1.,2.668805347657E-15));
#52 = ORIENTED_EDGE('',*,*,#53,.F.);
#53 = EDGE_CURVE('',#54,#44,#56,.T.);
#54 = VERTEX_POINT('',#55);
#55 = CARTESIAN_POINT('',(-2.7,0.905,3.395));
#56 = LINE('',#57,#58);
#57 = CARTESIAN_POINT('',(-2.7,0.905,3.395));
#58 = VECTOR('',#59,1.);
#59 = DIRECTION('',(1.,0.,6.938893903907E-15));
#60 = ORIENTED_EDGE('',*,*,#61,.T.);
#61 = EDGE_CURVE('',#54,#62,#64,.T.);
#62 = VERTEX_POINT('',#63);
#63 = CARTESIAN_POINT('',(-2.7,1.555,3.395));
#64 = LINE('',#65,#66);
#65 = CARTESIAN_POINT('',(-2.7,0.905,3.395));
#66 = VECTOR('',#67,1.);
#67 = DIRECTION('',(0.,1.,2.668805347657E-15));
#68 = ORIENTED_EDGE('',*,*,#69,.T.);
#69 = EDGE_CURVE('',#62,#46,#70,.T.);
#70 = LINE('',#71,#72);
#71 = CARTESIAN_POINT('',(-2.7,1.555,3.395));
#72 = VECTOR('',#73,1.);
#73 = DIRECTION('',(1.,0.,6.938893903907E-15));
#74 = PLANE('',#75);
#75 = AXIS2_PLACEMENT_3D('',#76,#77,#78);
#76 = CARTESIAN_POINT('',(-2.7,0.905,3.395));
#77 = DIRECTION('',(-6.938893903907E-15,-2.668805347657E-15,1.));
#78 = DIRECTION('',(-1.,0.,-6.938893903907E-15));
#79 = ADVANCED_FACE('',(#80),#105,.F.);
#80 = FACE_BOUND('',#81,.T.);
#81 = EDGE_LOOP('',(#82,#90,#91,#99));
#82 = ORIENTED_EDGE('',*,*,#83,.F.);
#83 = EDGE_CURVE('',#46,#84,#86,.T.);
#84 = VERTEX_POINT('',#85);
#85 = CARTESIAN_POINT('',(-2.5,1.555,3.795));
#86 = LINE('',#87,#88);
#87 = CARTESIAN_POINT('',(-2.5,1.555,3.395));
#88 = VECTOR('',#89,1.);
#89 = DIRECTION('',(-7.589415207398E-15,0.,1.));
#90 = ORIENTED_EDGE('',*,*,#69,.F.);
#91 = ORIENTED_EDGE('',*,*,#92,.T.);
#92 = EDGE_CURVE('',#62,#93,#95,.T.);
#93 = VERTEX_POINT('',#94);
#94 = CARTESIAN_POINT('',(-2.7,1.555,3.795));
#95 = LINE('',#96,#97);
#96 = CARTESIAN_POINT('',(-2.7,1.555,3.395));
#97 = VECTOR('',#98,1.);
#98 = DIRECTION('',(-7.589415207398E-15,0.,1.));
#99 = ORIENTED_EDGE('',*,*,#100,.T.);
#100 = EDGE_CURVE('',#93,#84,#101,.T.);
#101 = LINE('',#102,#103);
#102 = CARTESIAN_POINT('',(-2.7,1.555,3.795));
#103 = VECTOR('',#104,1.);
#104 = DIRECTION('',(1.,0.,6.938893903907E-15));
#105 = PLANE('',#106);
#106 = AXIS2_PLACEMENT_3D('',#107,#108,#109);
#107 = CARTESIAN_POINT('',(-2.7,1.555,3.395));
#108 = DIRECTION('',(0.,-1.,-0.));
#109 = DIRECTION('',(-0.,0.,-1.));
#110 = ADVANCED_FACE('',(#111),#136,.F.);
#111 = FACE_BOUND('',#112,.T.);
#112 = EDGE_LOOP('',(#113,#121,#122,#130));
#113 = ORIENTED_EDGE('',*,*,#114,.F.);
#114 = EDGE_CURVE('',#84,#115,#117,.T.);
#115 = VERTEX_POINT('',#116);
#116 = CARTESIAN_POINT('',(-2.5,1.455,3.895));
#117 = LINE('',#118,#119);
#118 = CARTESIAN_POINT('',(-2.5,1.555,3.795));
#119 = VECTOR('',#120,1.);
#120 = DIRECTION('',(-3.066586833367E-15,-0.707106781187,0.707106781187)
  );
#121 = ORIENTED_EDGE('',*,*,#100,.F.);
#122 = ORIENTED_EDGE('',*,*,#123,.T.);
#123 = EDGE_CURVE('',#93,#124,#126,.T.);
#124 = VERTEX_POINT('',#125);
#125 = CARTESIAN_POINT('',(-2.7,1.455,3.895));
#126 = LINE('',#127,#128);
#127 = CARTESIAN_POINT('',(-2.7,1.555,3.795));
#128 = VECTOR('',#129,1.);
#129 = DIRECTION('',(-3.066586833367E-15,-0.707106781187,0.707106781187)
  );
#130 = ORIENTED_EDGE('',*,*,#131,.T.);
#131 = EDGE_CURVE('',#124,#115,#132,.T.);
#132 = LINE('',#133,#134);
#133 = CARTESIAN_POINT('',(-2.7,1.455,3.895));
#134 = VECTOR('',#135,1.);
#135 = DIRECTION('',(1.,0.,6.938893903907E-15));
#136 = PLANE('',#137);
#137 = AXIS2_PLACEMENT_3D('',#138,#139,#140);
#138 = CARTESIAN_POINT('',(-2.7,1.555,3.795));
#139 = DIRECTION('',(4.906538933387E-15,-0.707106781187,-0.707106781187)
  );
#140 = DIRECTION('',(0.,0.707106781187,-0.707106781187));
#141 = ADVANCED_FACE('',(#142),#167,.F.);
#142 = FACE_BOUND('',#143,.T.);
#143 = EDGE_LOOP('',(#144,#152,#153,#161));
#144 = ORIENTED_EDGE('',*,*,#145,.F.);
#145 = EDGE_CURVE('',#115,#146,#148,.T.);
#146 = VERTEX_POINT('',#147);
#147 = CARTESIAN_POINT('',(-2.5,1.305,3.895));
#148 = LINE('',#149,#150);
#149 = CARTESIAN_POINT('',(-2.5,1.455,3.895));
#150 = VECTOR('',#151,1.);
#151 = DIRECTION('',(0.,-1.,0.));
#152 = ORIENTED_EDGE('',*,*,#131,.F.);
#153 = ORIENTED_EDGE('',*,*,#154,.T.);
#154 = EDGE_CURVE('',#124,#155,#157,.T.);
#155 = VERTEX_POINT('',#156);
#156 = CARTESIAN_POINT('',(-2.7,1.305,3.895));
#157 = LINE('',#158,#159);
#158 = CARTESIAN_POINT('',(-2.7,1.455,3.895));
#159 = VECTOR('',#160,1.);
#160 = DIRECTION('',(0.,-1.,0.));
#161 = ORIENTED_EDGE('',*,*,#162,.T.);
#162 = EDGE_CURVE('',#155,#146,#163,.T.);
#163 = LINE('',#164,#165);
#164 = CARTESIAN_POINT('',(-2.7,1.305,3.895));
#165 = VECTOR('',#166,1.);
#166 = DIRECTION('',(1.,0.,6.938893903907E-15));
#167 = PLANE('',#168);
#168 = AXIS2_PLACEMENT_3D('',#169,#170,#171);
#169 = CARTESIAN_POINT('',(-2.7,1.455,3.895));
#170 = DIRECTION('',(6.938893903907E-15,0.,-1.));
#171 = DIRECTION('',(1.,0.,6.938893903907E-15));
#172 = ADVANCED_FACE('',(#173),#198,.F.);
#173 = FACE_BOUND('',#174,.T.);
#174 = EDGE_LOOP('',(#175,#183,#184,#192));
#175 = ORIENTED_EDGE('',*,*,#176,.F.);
#176 = EDGE_CURVE('',#146,#177,#179,.T.);
#177 = VERTEX_POINT('',#178);
#178 = CARTESIAN_POINT('',(-2.5,1.305,3.845));
#179 = LINE('',#180,#181);
#180 = CARTESIAN_POINT('',(-2.5,1.305,3.895));
#181 = VECTOR('',#182,1.);
#182 = DIRECTION('',(0.,0.,-1.));
#183 = ORIENTED_EDGE('',*,*,#162,.F.);
#184 = ORIENTED_EDGE('',*,*,#185,.T.);
#185 = EDGE_CURVE('',#155,#186,#188,.T.);
#186 = VERTEX_POINT('',#187);
#187 = CARTESIAN_POINT('',(-2.7,1.305,3.845));
#188 = LINE('',#189,#190);
#189 = CARTESIAN_POINT('',(-2.7,1.305,3.895));
#190 = VECTOR('',#191,1.);
#191 = DIRECTION('',(0.,0.,-1.));
#192 = ORIENTED_EDGE('',*,*,#193,.T.);
#193 = EDGE_CURVE('',#186,#177,#194,.T.);
#194 = LINE('',#195,#196);
#195 = CARTESIAN_POINT('',(-2.7,1.305,3.845));
#196 = VECTOR('',#197,1.);
#197 = DIRECTION('',(1.,0.,6.938893903907E-15));
#198 = PLANE('',#199);
#199 = AXIS2_PLACEMENT_3D('',#200,#201,#202);
#200 = CARTESIAN_POINT('',(-2.7,1.305,3.895));
#201 = DIRECTION('',(0.,1.,0.));
#202 = DIRECTION('',(0.,-0.,1.));
#203 = ADVANCED_FACE('',(#204),#231,.F.);
#204 = FACE_BOUND('',#205,.F.);
#205 = EDGE_LOOP('',(#206,#216,#223,#224));
#206 = ORIENTED_EDGE('',*,*,#207,.F.);
#207 = EDGE_CURVE('',#208,#210,#212,.T.);
#208 = VERTEX_POINT('',#209);
#209 = CARTESIAN_POINT('',(-2.7,1.255,3.795));
#210 = VERTEX_POINT('',#211);
#211 = CARTESIAN_POINT('',(-2.5,1.255,3.795));
#212 = LINE('',#213,#214);
#213 = CARTESIAN_POINT('',(-2.7,1.255,3.795));
#214 = VECTOR('',#215,1.);
#215 = DIRECTION('',(1.,0.,6.938893903907E-15));
#216 = ORIENTED_EDGE('',*,*,#217,.F.);
#217 = EDGE_CURVE('',#186,#208,#218,.T.);
#218 = CIRCLE('',#219,5.E-02);
#219 = AXIS2_PLACEMENT_3D('',#220,#221,#222);
#220 = CARTESIAN_POINT('',(-2.7,1.255,3.845));
#221 = DIRECTION('',(-1.,0.,-6.938893903907E-15));
#222 = DIRECTION('',(-6.938893903907E-15,0.,1.));
#223 = ORIENTED_EDGE('',*,*,#193,.T.);
#224 = ORIENTED_EDGE('',*,*,#225,.T.);
#225 = EDGE_CURVE('',#177,#210,#226,.T.);
#226 = CIRCLE('',#227,5.E-02);
#227 = AXIS2_PLACEMENT_3D('',#228,#229,#230);
#228 = CARTESIAN_POINT('',(-2.5,1.255,3.845));
#229 = DIRECTION('',(-1.,0.,-6.938893903907E-15));
#230 = DIRECTION('',(-6.938893903907E-15,0.,1.));
#231 = CYLINDRICAL_SURFACE('',#232,5.E-02);
#232 = AXIS2_PLACEMENT_3D('',#233,#234,#235);
#233 = CARTESIAN_POINT('',(-2.7,1.255,3.845));
#234 = DIRECTION('',(1.,0.,6.938893903907E-15));
#235 = DIRECTION('',(-6.938893903907E-15,0.,1.));
#236 = ADVANCED_FACE('',(#237),#262,.F.);
#237 = FACE_BOUND('',#238,.T.);
#238 = EDGE_LOOP('',(#239,#247,#248,#256));
#239 = ORIENTED_EDGE('',*,*,#240,.F.);
#240 = EDGE_CURVE('',#210,#241,#243,.T.);
#241 = VERTEX_POINT('',#242);
#242 = CARTESIAN_POINT('',(-2.5,1.141602540378,3.795));
#243 = LINE('',#244,#245);
#244 = CARTESIAN_POINT('',(-2.5,1.255,3.795));
#245 = VECTOR('',#246,1.);
#246 = DIRECTION('',(0.,-1.,0.));
#247 = ORIENTED_EDGE('',*,*,#207,.F.);
#248 = ORIENTED_EDGE('',*,*,#249,.T.);
#249 = EDGE_CURVE('',#208,#250,#252,.T.);
#250 = VERTEX_POINT('',#251);
#251 = CARTESIAN_POINT('',(-2.7,1.141602540378,3.795));
#252 = LINE('',#253,#254);
#253 = CARTESIAN_POINT('',(-2.7,1.255,3.795));
#254 = VECTOR('',#255,1.);
#255 = DIRECTION('',(0.,-1.,0.));
#256 = ORIENTED_EDGE('',*,*,#257,.T.);
#257 = EDGE_CURVE('',#250,#241,#258,.T.);
#258 = LINE('',#259,#260);
#259 = CARTESIAN_POINT('',(-2.7,1.141602540378,3.795));
#260 = VECTOR('',#261,1.);
#261 = DIRECTION('',(1.,0.,6.938893903907E-15));
#262 = PLANE('',#263);
#263 = AXIS2_PLACEMENT_3D('',#264,#265,#266);
#264 = CARTESIAN_POINT('',(-2.7,1.255,3.795));
#265 = DIRECTION('',(6.938893903907E-15,0.,-1.));
#266 = DIRECTION('',(1.,0.,6.938893903907E-15));
#267 = ADVANCED_FACE('',(#268),#295,.F.);
#268 = FACE_BOUND('',#269,.F.);
#269 = EDGE_LOOP('',(#270,#280,#287,#288));
#270 = ORIENTED_EDGE('',*,*,#271,.F.);
#271 = EDGE_CURVE('',#272,#274,#276,.T.);
#272 = VERTEX_POINT('',#273);
#273 = CARTESIAN_POINT('',(-2.7,1.098301270189,3.82));
#274 = VERTEX_POINT('',#275);
#275 = CARTESIAN_POINT('',(-2.5,1.098301270189,3.82));
#276 = LINE('',#277,#278);
#277 = CARTESIAN_POINT('',(-2.7,1.098301270189,3.82));
#278 = VECTOR('',#279,1.);
#279 = DIRECTION('',(1.,0.,6.938893903907E-15));
#280 = ORIENTED_EDGE('',*,*,#281,.F.);
#281 = EDGE_CURVE('',#250,#272,#282,.T.);
#282 = CIRCLE('',#283,5.E-02);
#283 = AXIS2_PLACEMENT_3D('',#284,#285,#286);
#284 = CARTESIAN_POINT('',(-2.7,1.141602540378,3.845));
#285 = DIRECTION('',(-1.,0.,-6.938893903907E-15));
#286 = DIRECTION('',(-6.938893903907E-15,0.,1.));
#287 = ORIENTED_EDGE('',*,*,#257,.T.);
#288 = ORIENTED_EDGE('',*,*,#289,.T.);
#289 = EDGE_CURVE('',#241,#274,#290,.T.);
#290 = CIRCLE('',#291,5.E-02);
#291 = AXIS2_PLACEMENT_3D('',#292,#293,#294);
#292 = CARTESIAN_POINT('',(-2.5,1.141602540378,3.845));
#293 = DIRECTION('',(-1.,0.,-6.938893903907E-15));
#294 = DIRECTION('',(-6.938893903907E-15,0.,1.));
#295 = CYLINDRICAL_SURFACE('',#296,5.E-02);
#296 = AXIS2_PLACEMENT_3D('',#297,#298,#299);
#297 = CARTESIAN_POINT('',(-2.7,1.141602540378,3.845));
#298 = DIRECTION('',(1.,0.,6.938893903907E-15));
#299 = DIRECTION('',(-6.938893903907E-15,0.,1.));
#300 = ADVANCED_FACE('',(#301),#328,.T.);
#301 = FACE_BOUND('',#302,.T.);
#302 = EDGE_LOOP('',(#303,#312,#313,#322));
#303 = ORIENTED_EDGE('',*,*,#304,.F.);
#304 = EDGE_CURVE('',#274,#305,#307,.T.);
#305 = VERTEX_POINT('',#306);
#306 = CARTESIAN_POINT('',(-2.5,1.055,3.845));
#307 = CIRCLE('',#308,5.E-02);
#308 = AXIS2_PLACEMENT_3D('',#309,#310,#311);
#309 = CARTESIAN_POINT('',(-2.5,1.055,3.795));
#310 = DIRECTION('',(1.,-0.,6.938893903907E-15));
#311 = DIRECTION('',(6.938893903907E-15,0.,-1.));
#312 = ORIENTED_EDGE('',*,*,#271,.F.);
#313 = ORIENTED_EDGE('',*,*,#314,.T.);
#314 = EDGE_CURVE('',#272,#315,#317,.T.);
#315 = VERTEX_POINT('',#316);
#316 = CARTESIAN_POINT('',(-2.7,1.055,3.845));
#317 = CIRCLE('',#318,5.E-02);
#318 = AXIS2_PLACEMENT_3D('',#319,#320,#321);
#319 = CARTESIAN_POINT('',(-2.7,1.055,3.795));
#320 = DIRECTION('',(1.,-0.,6.938893903907E-15));
#321 = DIRECTION('',(6.938893903907E-15,0.,-1.));
#322 = ORIENTED_EDGE('',*,*,#323,.T.);
#323 = EDGE_CURVE('',#315,#305,#324,.T.);
#324 = LINE('',#325,#326);
#325 = CARTESIAN_POINT('',(-2.7,1.055,3.845));
#326 = VECTOR('',#327,1.);
#327 = DIRECTION('',(1.,0.,6.938893903907E-15));
#328 = CYLINDRICAL_SURFACE('',#329,5.E-02);
#329 = AXIS2_PLACEMENT_3D('',#330,#331,#332);
#330 = CARTESIAN_POINT('',(-2.7,1.055,3.795));
#331 = DIRECTION('',(1.,0.,6.938893903907E-15));
#332 = DIRECTION('',(-6.938893903907E-15,0.,1.));
#333 = ADVANCED_FACE('',(#334),#359,.F.);
#334 = FACE_BOUND('',#335,.T.);
#335 = EDGE_LOOP('',(#336,#344,#345,#353));
#336 = ORIENTED_EDGE('',*,*,#337,.F.);
#337 = EDGE_CURVE('',#305,#338,#340,.T.);
#338 = VERTEX_POINT('',#339);
#339 = CARTESIAN_POINT('',(-2.5,0.955,3.845));
#340 = LINE('',#341,#342);
#341 = CARTESIAN_POINT('',(-2.5,1.055,3.845));
#342 = VECTOR('',#343,1.);
#343 = DIRECTION('',(0.,-1.,0.));
#344 = ORIENTED_EDGE('',*,*,#323,.F.);
#345 = ORIENTED_EDGE('',*,*,#346,.T.);
#346 = EDGE_CURVE('',#315,#347,#349,.T.);
#347 = VERTEX_POINT('',#348);
#348 = CARTESIAN_POINT('',(-2.7,0.955,3.845));
#349 = LINE('',#350,#351);
#350 = CARTESIAN_POINT('',(-2.7,1.055,3.845));
#351 = VECTOR('',#352,1.);
#352 = DIRECTION('',(0.,-1.,0.));
#353 = ORIENTED_EDGE('',*,*,#354,.T.);
#354 = EDGE_CURVE('',#347,#338,#355,.T.);
#355 = LINE('',#356,#357);
#356 = CARTESIAN_POINT('',(-2.7,0.955,3.845));
#357 = VECTOR('',#358,1.);
#358 = DIRECTION('',(1.,0.,6.938893903907E-15));
#359 = PLANE('',#360);
#360 = AXIS2_PLACEMENT_3D('',#361,#362,#363);
#361 = CARTESIAN_POINT('',(-2.7,1.055,3.845));
#362 = DIRECTION('',(6.938893903907E-15,0.,-1.));
#363 = DIRECTION('',(1.,0.,6.938893903907E-15));
#364 = ADVANCED_FACE('',(#365),#392,.T.);
#365 = FACE_BOUND('',#366,.T.);
#366 = EDGE_LOOP('',(#367,#376,#377,#386));
#367 = ORIENTED_EDGE('',*,*,#368,.F.);
#368 = EDGE_CURVE('',#338,#369,#371,.T.);
#369 = VERTEX_POINT('',#370);
#370 = CARTESIAN_POINT('',(-2.5,0.911698729811,3.82));
#371 = CIRCLE('',#372,5.E-02);
#372 = AXIS2_PLACEMENT_3D('',#373,#374,#375);
#373 = CARTESIAN_POINT('',(-2.5,0.955,3.795));
#374 = DIRECTION('',(1.,0.,6.938893903907E-15));
#375 = DIRECTION('',(-6.938893903907E-15,0.,1.));
#376 = ORIENTED_EDGE('',*,*,#354,.F.);
#377 = ORIENTED_EDGE('',*,*,#378,.T.);
#378 = EDGE_CURVE('',#347,#379,#381,.T.);
#379 = VERTEX_POINT('',#380);
#380 = CARTESIAN_POINT('',(-2.7,0.911698729811,3.82));
#381 = CIRCLE('',#382,5.E-02);
#382 = AXIS2_PLACEMENT_3D('',#383,#384,#385);
#383 = CARTESIAN_POINT('',(-2.7,0.955,3.795));
#384 = DIRECTION('',(1.,0.,6.938893903907E-15));
#385 = DIRECTION('',(-6.938893903907E-15,0.,1.));
#386 = ORIENTED_EDGE('',*,*,#387,.T.);
#387 = EDGE_CURVE('',#379,#369,#388,.T.);
#388 = LINE('',#389,#390);
#389 = CARTESIAN_POINT('',(-2.7,0.911698729811,3.82));
#390 = VECTOR('',#391,1.);
#391 = DIRECTION('',(1.,0.,6.938893903907E-15));
#392 = CYLINDRICAL_SURFACE('',#393,5.E-02);
#393 = AXIS2_PLACEMENT_3D('',#394,#395,#396);
#394 = CARTESIAN_POINT('',(-2.7,0.955,3.795));
#395 = DIRECTION('',(1.,0.,6.938893903907E-15));
#396 = DIRECTION('',(-6.938893903907E-15,0.,1.));
#397 = ADVANCED_FACE('',(#398),#425,.F.);
#398 = FACE_BOUND('',#399,.F.);
#399 = EDGE_LOOP('',(#400,#410,#417,#418));
#400 = ORIENTED_EDGE('',*,*,#401,.F.);
#401 = EDGE_CURVE('',#402,#404,#406,.T.);
#402 = VERTEX_POINT('',#403);
#403 = CARTESIAN_POINT('',(-2.7,0.868397459622,3.795));
#404 = VERTEX_POINT('',#405);
#405 = CARTESIAN_POINT('',(-2.5,0.868397459622,3.795));
#406 = LINE('',#407,#408);
#407 = CARTESIAN_POINT('',(-2.7,0.868397459622,3.795));
#408 = VECTOR('',#409,1.);
#409 = DIRECTION('',(1.,0.,6.938893903907E-15));
#410 = ORIENTED_EDGE('',*,*,#411,.F.);
#411 = EDGE_CURVE('',#379,#402,#412,.T.);
#412 = CIRCLE('',#413,5.E-02);
#413 = AXIS2_PLACEMENT_3D('',#414,#415,#416);
#414 = CARTESIAN_POINT('',(-2.7,0.868397459622,3.845));
#415 = DIRECTION('',(-1.,-0.,-6.938893903907E-15));
#416 = DIRECTION('',(6.938893903907E-15,0.,-1.));
#417 = ORIENTED_EDGE('',*,*,#387,.T.);
#418 = ORIENTED_EDGE('',*,*,#419,.T.);
#419 = EDGE_CURVE('',#369,#404,#420,.T.);
#420 = CIRCLE('',#421,5.E-02);
#421 = AXIS2_PLACEMENT_3D('',#422,#423,#424);
#422 = CARTESIAN_POINT('',(-2.5,0.868397459622,3.845));
#423 = DIRECTION('',(-1.,-0.,-6.938893903907E-15));
#424 = DIRECTION('',(6.938893903907E-15,0.,-1.));
#425 = CYLINDRICAL_SURFACE('',#426,5.E-02);
#426 = AXIS2_PLACEMENT_3D('',#427,#428,#429);
#427 = CARTESIAN_POINT('',(-2.7,0.868397459622,3.845));
#428 = DIRECTION('',(1.,0.,6.938893903907E-15));
#429 = DIRECTION('',(-6.938893903907E-15,0.,1.));
#430 = ADVANCED_FACE('',(#431),#456,.F.);
#431 = FACE_BOUND('',#432,.T.);
#432 = EDGE_LOOP('',(#433,#441,#442,#450));
#433 = ORIENTED_EDGE('',*,*,#434,.F.);
#434 = EDGE_CURVE('',#404,#435,#437,.T.);
#435 = VERTEX_POINT('',#436);
#436 = CARTESIAN_POINT('',(-2.5,0.755,3.795));
#437 = LINE('',#438,#439);
#438 = CARTESIAN_POINT('',(-2.5,0.755,3.795));
#439 = VECTOR('',#440,1.);
#440 = DIRECTION('',(0.,-1.,-0.));
#441 = ORIENTED_EDGE('',*,*,#401,.F.);
#442 = ORIENTED_EDGE('',*,*,#443,.T.);
#443 = EDGE_CURVE('',#402,#444,#446,.T.);
#444 = VERTEX_POINT('',#445);
#445 = CARTESIAN_POINT('',(-2.7,0.755,3.795));
#446 = LINE('',#447,#448);
#447 = CARTESIAN_POINT('',(-2.7,0.755,3.795));
#448 = VECTOR('',#449,1.);
#449 = DIRECTION('',(0.,-1.,-0.));
#450 = ORIENTED_EDGE('',*,*,#451,.T.);
#451 = EDGE_CURVE('',#444,#435,#452,.T.);
#452 = LINE('',#453,#454);
#453 = CARTESIAN_POINT('',(-2.7,0.755,3.795));
#454 = VECTOR('',#455,1.);
#455 = DIRECTION('',(1.,0.,6.938893903907E-15));
#456 = PLANE('',#457);
#457 = AXIS2_PLACEMENT_3D('',#458,#459,#460);
#458 = CARTESIAN_POINT('',(-2.7,0.755,3.795));
#459 = DIRECTION('',(6.938893903907E-15,0.,-1.));
#460 = DIRECTION('',(1.,0.,6.938893903907E-15));
#461 = ADVANCED_FACE('',(#462),#489,.F.);
#462 = FACE_BOUND('',#463,.F.);
#463 = EDGE_LOOP('',(#464,#474,#481,#482));
#464 = ORIENTED_EDGE('',*,*,#465,.F.);
#465 = EDGE_CURVE('',#466,#468,#470,.T.);
#466 = VERTEX_POINT('',#467);
#467 = CARTESIAN_POINT('',(-2.7,0.705,3.845));
#468 = VERTEX_POINT('',#469);
#469 = CARTESIAN_POINT('',(-2.5,0.705,3.845));
#470 = LINE('',#471,#472);
#471 = CARTESIAN_POINT('',(-2.7,0.705,3.845));
#472 = VECTOR('',#473,1.);
#473 = DIRECTION('',(1.,0.,6.938893903907E-15));
#474 = ORIENTED_EDGE('',*,*,#475,.F.);
#475 = EDGE_CURVE('',#444,#466,#476,.T.);
#476 = CIRCLE('',#477,5.E-02);
#477 = AXIS2_PLACEMENT_3D('',#478,#479,#480);
#478 = CARTESIAN_POINT('',(-2.7,0.755,3.845));
#479 = DIRECTION('',(-1.,-0.,-6.938893903907E-15));
#480 = DIRECTION('',(6.938893903907E-15,0.,-1.));
#481 = ORIENTED_EDGE('',*,*,#451,.T.);
#482 = ORIENTED_EDGE('',*,*,#483,.T.);
#483 = EDGE_CURVE('',#435,#468,#484,.T.);
#484 = CIRCLE('',#485,5.E-02);
#485 = AXIS2_PLACEMENT_3D('',#486,#487,#488);
#486 = CARTESIAN_POINT('',(-2.5,0.755,3.845));
#487 = DIRECTION('',(-1.,-0.,-6.938893903907E-15));
#488 = DIRECTION('',(6.938893903907E-15,0.,-1.));
#489 = CYLINDRICAL_SURFACE('',#490,5.E-02);
#490 = AXIS2_PLACEMENT_3D('',#491,#492,#493);
#491 = CARTESIAN_POINT('',(-2.7,0.755,3.845));
#492 = DIRECTION('',(1.,0.,6.938893903907E-15));
#493 = DIRECTION('',(-6.938893903907E-15,0.,1.));
#494 = ADVANCED_FACE('',(#495),#520,.F.);
#495 = FACE_BOUND('',#496,.T.);
#496 = EDGE_LOOP('',(#497,#505,#506,#514));
#497 = ORIENTED_EDGE('',*,*,#498,.F.);
#498 = EDGE_CURVE('',#468,#499,#501,.T.);
#499 = VERTEX_POINT('',#500);
#500 = CARTESIAN_POINT('',(-2.5,0.705,3.895));
#501 = LINE('',#502,#503);
#502 = CARTESIAN_POINT('',(-2.5,0.705,3.895));
#503 = VECTOR('',#504,1.);
#504 = DIRECTION('',(0.,0.,1.));
#505 = ORIENTED_EDGE('',*,*,#465,.F.);
#506 = ORIENTED_EDGE('',*,*,#507,.T.);
#507 = EDGE_CURVE('',#466,#508,#510,.T.);
#508 = VERTEX_POINT('',#509);
#509 = CARTESIAN_POINT('',(-2.7,0.705,3.895));
#510 = LINE('',#511,#512);
#511 = CARTESIAN_POINT('',(-2.7,0.705,3.895));
#512 = VECTOR('',#513,1.);
#513 = DIRECTION('',(0.,0.,1.));
#514 = ORIENTED_EDGE('',*,*,#515,.T.);
#515 = EDGE_CURVE('',#508,#499,#516,.T.);
#516 = LINE('',#517,#518);
#517 = CARTESIAN_POINT('',(-2.7,0.705,3.895));
#518 = VECTOR('',#519,1.);
#519 = DIRECTION('',(1.,0.,6.938893903907E-15));
#520 = PLANE('',#521);
#521 = AXIS2_PLACEMENT_3D('',#522,#523,#524);
#522 = CARTESIAN_POINT('',(-2.7,0.705,3.895));
#523 = DIRECTION('',(0.,-1.,-0.));
#524 = DIRECTION('',(-0.,0.,-1.));
#525 = ADVANCED_FACE('',(#526),#551,.F.);
#526 = FACE_BOUND('',#527,.T.);
#527 = EDGE_LOOP('',(#528,#536,#537,#545));
#528 = ORIENTED_EDGE('',*,*,#529,.F.);
#529 = EDGE_CURVE('',#499,#530,#532,.T.);
#530 = VERTEX_POINT('',#531);
#531 = CARTESIAN_POINT('',(-2.5,0.47,3.895));
#532 = LINE('',#533,#534);
#533 = CARTESIAN_POINT('',(-2.5,0.705,3.895));
#534 = VECTOR('',#535,1.);
#535 = DIRECTION('',(0.,-1.,0.));
#536 = ORIENTED_EDGE('',*,*,#515,.F.);
#537 = ORIENTED_EDGE('',*,*,#538,.T.);
#538 = EDGE_CURVE('',#508,#539,#541,.T.);
#539 = VERTEX_POINT('',#540);
#540 = CARTESIAN_POINT('',(-2.7,0.47,3.895));
#541 = LINE('',#542,#543);
#542 = CARTESIAN_POINT('',(-2.7,0.705,3.895));
#543 = VECTOR('',#544,1.);
#544 = DIRECTION('',(0.,-1.,0.));
#545 = ORIENTED_EDGE('',*,*,#546,.T.);
#546 = EDGE_CURVE('',#539,#530,#547,.T.);
#547 = LINE('',#548,#549);
#548 = CARTESIAN_POINT('',(-2.7,0.47,3.895));
#549 = VECTOR('',#550,1.);
#550 = DIRECTION('',(1.,0.,6.938893903907E-15));
#551 = PLANE('',#552);
#552 = AXIS2_PLACEMENT_3D('',#553,#554,#555);
#553 = CARTESIAN_POINT('',(-2.7,0.705,3.895));
#554 = DIRECTION('',(6.938893903907E-15,0.,-1.));
#555 = DIRECTION('',(1.,0.,6.938893903907E-15));
#556 = ADVANCED_FACE('',(#557),#582,.F.);
#557 = FACE_BOUND('',#558,.T.);
#558 = EDGE_LOOP('',(#559,#567,#568,#576));
#559 = ORIENTED_EDGE('',*,*,#560,.F.);
#560 = EDGE_CURVE('',#530,#561,#563,.T.);
#561 = VERTEX_POINT('',#562);
#562 = CARTESIAN_POINT('',(-2.5,0.334289321881,3.759289321881));
#563 = LINE('',#564,#565);
#564 = CARTESIAN_POINT('',(-2.5,0.47,3.895));
#565 = VECTOR('',#566,1.);
#566 = DIRECTION('',(4.519300729874E-15,-0.707106781187,-0.707106781187)
  );
#567 = ORIENTED_EDGE('',*,*,#546,.F.);
#568 = ORIENTED_EDGE('',*,*,#569,.T.);
#569 = EDGE_CURVE('',#539,#570,#572,.T.);
#570 = VERTEX_POINT('',#571);
#571 = CARTESIAN_POINT('',(-2.7,0.334289321881,3.759289321881));
#572 = LINE('',#573,#574);
#573 = CARTESIAN_POINT('',(-2.7,0.47,3.895));
#574 = VECTOR('',#575,1.);
#575 = DIRECTION('',(4.519300729874E-15,-0.707106781187,-0.707106781187)
  );
#576 = ORIENTED_EDGE('',*,*,#577,.T.);
#577 = EDGE_CURVE('',#570,#561,#578,.T.);
#578 = LINE('',#579,#580);
#579 = CARTESIAN_POINT('',(-2.7,0.334289321881,3.759289321881));
#580 = VECTOR('',#581,1.);
#581 = DIRECTION('',(1.,0.,6.938893903907E-15));
#582 = PLANE('',#583);
#583 = AXIS2_PLACEMENT_3D('',#584,#585,#586);
#584 = CARTESIAN_POINT('',(-2.7,0.47,3.895));
#585 = DIRECTION('',(4.906538933387E-15,0.707106781187,-0.707106781187)
  );
#586 = DIRECTION('',(0.,0.707106781187,0.707106781187));
#587 = ADVANCED_FACE('',(#588),#615,.T.);
#588 = FACE_BOUND('',#589,.T.);
#589 = EDGE_LOOP('',(#590,#599,#600,#609));
#590 = ORIENTED_EDGE('',*,*,#591,.F.);
#591 = EDGE_CURVE('',#561,#592,#594,.T.);
#592 = VERTEX_POINT('',#593);
#593 = CARTESIAN_POINT('',(-2.5,0.305,3.688578643763));
#594 = CIRCLE('',#595,0.1);
#595 = AXIS2_PLACEMENT_3D('',#596,#597,#598);
#596 = CARTESIAN_POINT('',(-2.5,0.405,3.688578643763));
#597 = DIRECTION('',(1.,-0.,6.938893903907E-15));
#598 = DIRECTION('',(6.938893903907E-15,0.,-1.));
#599 = ORIENTED_EDGE('',*,*,#577,.F.);
#600 = ORIENTED_EDGE('',*,*,#601,.T.);
#601 = EDGE_CURVE('',#570,#602,#604,.T.);
#602 = VERTEX_POINT('',#603);
#603 = CARTESIAN_POINT('',(-2.7,0.305,3.688578643763));
#604 = CIRCLE('',#605,0.1);
#605 = AXIS2_PLACEMENT_3D('',#606,#607,#608);
#606 = CARTESIAN_POINT('',(-2.7,0.405,3.688578643763));
#607 = DIRECTION('',(1.,-0.,6.938893903907E-15));
#608 = DIRECTION('',(6.938893903907E-15,0.,-1.));
#609 = ORIENTED_EDGE('',*,*,#610,.T.);
#610 = EDGE_CURVE('',#602,#592,#611,.T.);
#611 = LINE('',#612,#613);
#612 = CARTESIAN_POINT('',(-2.7,0.305,3.688578643763));
#613 = VECTOR('',#614,1.);
#614 = DIRECTION('',(1.,0.,6.938893903907E-15));
#615 = CYLINDRICAL_SURFACE('',#616,0.1);
#616 = AXIS2_PLACEMENT_3D('',#617,#618,#619);
#617 = CARTESIAN_POINT('',(-2.7,0.405,3.688578643763));
#618 = DIRECTION('',(1.,0.,6.938893903907E-15));
#619 = DIRECTION('',(-6.938893903907E-15,0.,1.));
#620 = ADVANCED_FACE('',(#621),#646,.F.);
#621 = FACE_BOUND('',#622,.T.);
#622 = EDGE_LOOP('',(#623,#631,#632,#640));
#623 = ORIENTED_EDGE('',*,*,#624,.F.);
#624 = EDGE_CURVE('',#592,#625,#627,.T.);
#625 = VERTEX_POINT('',#626);
#626 = CARTESIAN_POINT('',(-2.5,0.305,2.601421356237));
#627 = LINE('',#628,#629);
#628 = CARTESIAN_POINT('',(-2.5,0.305,3.688578643763));
#629 = VECTOR('',#630,1.);
#630 = DIRECTION('',(6.781516214349E-15,-4.986408981139E-17,-1.));
#631 = ORIENTED_EDGE('',*,*,#610,.F.);
#632 = ORIENTED_EDGE('',*,*,#633,.T.);
#633 = EDGE_CURVE('',#602,#634,#636,.T.);
#634 = VERTEX_POINT('',#635);
#635 = CARTESIAN_POINT('',(-2.7,0.305,2.601421356237));
#636 = LINE('',#637,#638);
#637 = CARTESIAN_POINT('',(-2.7,0.305,3.688578643763));
#638 = VECTOR('',#639,1.);
#639 = DIRECTION('',(6.781516214349E-15,-4.986408981139E-17,-1.));
#640 = ORIENTED_EDGE('',*,*,#641,.T.);
#641 = EDGE_CURVE('',#634,#625,#642,.T.);
#642 = LINE('',#643,#644);
#643 = CARTESIAN_POINT('',(-2.7,0.305,2.601421356237));
#644 = VECTOR('',#645,1.);
#645 = DIRECTION('',(1.,0.,6.938893903907E-15));
#646 = PLANE('',#647);
#647 = AXIS2_PLACEMENT_3D('',#648,#649,#650);
#648 = CARTESIAN_POINT('',(-2.7,0.305,3.688578643763));
#649 = DIRECTION('',(3.460016288162E-31,1.,-4.986408981139E-17));
#650 = DIRECTION('',(0.,4.986408981139E-17,1.));
#651 = ADVANCED_FACE('',(#652),#679,.T.);
#652 = FACE_BOUND('',#653,.T.);
#653 = EDGE_LOOP('',(#654,#663,#664,#673));
#654 = ORIENTED_EDGE('',*,*,#655,.F.);
#655 = EDGE_CURVE('',#625,#656,#658,.T.);
#656 = VERTEX_POINT('',#657);
#657 = CARTESIAN_POINT('',(-2.5,0.334289321881,2.530710678119));
#658 = CIRCLE('',#659,1.E-01);
#659 = AXIS2_PLACEMENT_3D('',#660,#661,#662);
#660 = CARTESIAN_POINT('',(-2.5,0.405,2.601421356237));
#661 = DIRECTION('',(1.,-0.,6.938893903907E-15));
#662 = DIRECTION('',(6.938893903907E-15,0.,-1.));
#663 = ORIENTED_EDGE('',*,*,#641,.F.);
#664 = ORIENTED_EDGE('',*,*,#665,.T.);
#665 = EDGE_CURVE('',#634,#666,#668,.T.);
#666 = VERTEX_POINT('',#667);
#667 = CARTESIAN_POINT('',(-2.7,0.334289321881,2.530710678119));
#668 = CIRCLE('',#669,1.E-01);
#669 = AXIS2_PLACEMENT_3D('',#670,#671,#672);
#670 = CARTESIAN_POINT('',(-2.7,0.405,2.601421356237));
#671 = DIRECTION('',(1.,-0.,6.938893903907E-15));
#672 = DIRECTION('',(6.938893903907E-15,0.,-1.));
#673 = ORIENTED_EDGE('',*,*,#674,.T.);
#674 = EDGE_CURVE('',#666,#656,#675,.T.);
#675 = LINE('',#676,#677);
#676 = CARTESIAN_POINT('',(-2.7,0.334289321881,2.530710678119));
#677 = VECTOR('',#678,1.);
#678 = DIRECTION('',(1.,0.,6.938893903907E-15));
#679 = CYLINDRICAL_SURFACE('',#680,1.E-01);
#680 = AXIS2_PLACEMENT_3D('',#681,#682,#683);
#681 = CARTESIAN_POINT('',(-2.7,0.405,2.601421356237));
#682 = DIRECTION('',(1.,0.,6.938893903907E-15));
#683 = DIRECTION('',(-6.938893903907E-15,0.,1.));
#684 = ADVANCED_FACE('',(#685),#710,.F.);
#685 = FACE_BOUND('',#686,.T.);
#686 = EDGE_LOOP('',(#687,#695,#696,#704));
#687 = ORIENTED_EDGE('',*,*,#688,.F.);
#688 = EDGE_CURVE('',#656,#689,#691,.T.);
#689 = VERTEX_POINT('',#690);
#690 = CARTESIAN_POINT('',(-2.5,0.47,2.395));
#691 = LINE('',#692,#693);
#692 = CARTESIAN_POINT('',(-2.5,0.334289321881,2.530710678119));
#693 = VECTOR('',#694,1.);
#694 = DIRECTION('',(4.519300729874E-15,0.707106781187,-0.707106781187)
  );
#695 = ORIENTED_EDGE('',*,*,#674,.F.);
#696 = ORIENTED_EDGE('',*,*,#697,.T.);
#697 = EDGE_CURVE('',#666,#698,#700,.T.);
#698 = VERTEX_POINT('',#699);
#699 = CARTESIAN_POINT('',(-2.7,0.47,2.395));
#700 = LINE('',#701,#702);
#701 = CARTESIAN_POINT('',(-2.7,0.334289321881,2.530710678119));
#702 = VECTOR('',#703,1.);
#703 = DIRECTION('',(4.519300729874E-15,0.707106781187,-0.707106781187)
  );
#704 = ORIENTED_EDGE('',*,*,#705,.T.);
#705 = EDGE_CURVE('',#698,#689,#706,.T.);
#706 = LINE('',#707,#708);
#707 = CARTESIAN_POINT('',(-2.7,0.47,2.395));
#708 = VECTOR('',#709,1.);
#709 = DIRECTION('',(1.,0.,6.938893903907E-15));
#710 = PLANE('',#711);
#711 = AXIS2_PLACEMENT_3D('',#712,#713,#714);
#712 = CARTESIAN_POINT('',(-2.7,0.334289321881,2.530710678119));
#713 = DIRECTION('',(-4.906538933387E-15,0.707106781187,0.707106781187)
  );
#714 = DIRECTION('',(0.,-0.707106781187,0.707106781187));
#715 = ADVANCED_FACE('',(#716),#741,.F.);
#716 = FACE_BOUND('',#717,.T.);
#717 = EDGE_LOOP('',(#718,#726,#727,#735));
#718 = ORIENTED_EDGE('',*,*,#719,.F.);
#719 = EDGE_CURVE('',#689,#720,#722,.T.);
#720 = VERTEX_POINT('',#721);
#721 = CARTESIAN_POINT('',(-2.5,0.905,2.395));
#722 = LINE('',#723,#724);
#723 = CARTESIAN_POINT('',(-2.5,0.47,2.395));
#724 = VECTOR('',#725,1.);
#725 = DIRECTION('',(0.,1.,1.993935029858E-15));
#726 = ORIENTED_EDGE('',*,*,#705,.F.);
#727 = ORIENTED_EDGE('',*,*,#728,.T.);
#728 = EDGE_CURVE('',#698,#729,#731,.T.);
#729 = VERTEX_POINT('',#730);
#730 = CARTESIAN_POINT('',(-2.7,0.905,2.395));
#731 = LINE('',#732,#733);
#732 = CARTESIAN_POINT('',(-2.7,0.47,2.395));
#733 = VECTOR('',#734,1.);
#734 = DIRECTION('',(0.,1.,1.993935029858E-15));
#735 = ORIENTED_EDGE('',*,*,#736,.T.);
#736 = EDGE_CURVE('',#729,#720,#737,.T.);
#737 = LINE('',#738,#739);
#738 = CARTESIAN_POINT('',(-2.7,0.905,2.395));
#739 = VECTOR('',#740,1.);
#740 = DIRECTION('',(1.,0.,6.938893903907E-15));
#741 = PLANE('',#742);
#742 = AXIS2_PLACEMENT_3D('',#743,#744,#745);
#743 = CARTESIAN_POINT('',(-2.7,0.47,2.395));
#744 = DIRECTION('',(-6.938893903907E-15,-1.993935029858E-15,1.));
#745 = DIRECTION('',(-1.,0.,-6.938893903907E-15));
#746 = ADVANCED_FACE('',(#747),#763,.F.);
#747 = FACE_BOUND('',#748,.T.);
#748 = EDGE_LOOP('',(#749,#755,#756,#762));
#749 = ORIENTED_EDGE('',*,*,#750,.F.);
#750 = EDGE_CURVE('',#720,#44,#751,.T.);
#751 = LINE('',#752,#753);
#752 = CARTESIAN_POINT('',(-2.5,0.905,2.395));
#753 = VECTOR('',#754,1.);
#754 = DIRECTION('',(-6.938893903907E-15,-2.710505431214E-15,1.));
#755 = ORIENTED_EDGE('',*,*,#736,.F.);
#756 = ORIENTED_EDGE('',*,*,#757,.T.);
#757 = EDGE_CURVE('',#729,#54,#758,.T.);
#758 = LINE('',#759,#760);
#759 = CARTESIAN_POINT('',(-2.7,0.905,2.395));
#760 = VECTOR('',#761,1.);
#761 = DIRECTION('',(-6.938893903907E-15,-2.710505431214E-15,1.));
#762 = ORIENTED_EDGE('',*,*,#53,.T.);
#763 = PLANE('',#764);
#764 = AXIS2_PLACEMENT_3D('',#765,#766,#767);
#765 = CARTESIAN_POINT('',(-2.7,0.905,2.395));
#766 = DIRECTION('',(1.880790961316E-29,-1.,-2.710505431214E-15));
#767 = DIRECTION('',(0.,2.710505431214E-15,-1.));
#768 = ADVANCED_FACE('',(#769),#794,.F.);
#769 = FACE_BOUND('',#770,.T.);
#770 = EDGE_LOOP('',(#771,#772,#773,#774,#775,#776,#777,#778,#779,#780,
    #781,#782,#783,#784,#785,#786,#787,#788,#789,#790,#791,#792,#793));
#771 = ORIENTED_EDGE('',*,*,#61,.F.);
#772 = ORIENTED_EDGE('',*,*,#757,.F.);
#773 = ORIENTED_EDGE('',*,*,#728,.F.);
#774 = ORIENTED_EDGE('',*,*,#697,.F.);
#775 = ORIENTED_EDGE('',*,*,#665,.F.);
#776 = ORIENTED_EDGE('',*,*,#633,.F.);
#777 = ORIENTED_EDGE('',*,*,#601,.F.);
#778 = ORIENTED_EDGE('',*,*,#569,.F.);
#779 = ORIENTED_EDGE('',*,*,#538,.F.);
#780 = ORIENTED_EDGE('',*,*,#507,.F.);
#781 = ORIENTED_EDGE('',*,*,#475,.F.);
#782 = ORIENTED_EDGE('',*,*,#443,.F.);
#783 = ORIENTED_EDGE('',*,*,#411,.F.);
#784 = ORIENTED_EDGE('',*,*,#378,.F.);
#785 = ORIENTED_EDGE('',*,*,#346,.F.);
#786 = ORIENTED_EDGE('',*,*,#314,.F.);
#787 = ORIENTED_EDGE('',*,*,#281,.F.);
#788 = ORIENTED_EDGE('',*,*,#249,.F.);
#789 = ORIENTED_EDGE('',*,*,#217,.F.);
#790 = ORIENTED_EDGE('',*,*,#185,.F.);
#791 = ORIENTED_EDGE('',*,*,#154,.F.);
#792 = ORIENTED_EDGE('',*,*,#123,.F.);
#793 = ORIENTED_EDGE('',*,*,#92,.F.);
#794 = PLANE('',#795);
#795 = AXIS2_PLACEMENT_3D('',#796,#797,#798);
#796 = CARTESIAN_POINT('',(-2.7,1.255,3.845));
#797 = DIRECTION('',(1.,0.,6.938893903907E-15));
#798 = DIRECTION('',(-6.938893903907E-15,0.,1.));
#799 = ADVANCED_FACE('',(#800),#825,.T.);
#800 = FACE_BOUND('',#801,.T.);
#801 = EDGE_LOOP('',(#802,#803,#804,#805,#806,#807,#808,#809,#810,#811,
    #812,#813,#814,#815,#816,#817,#818,#819,#820,#821,#822,#823,#824));
#802 = ORIENTED_EDGE('',*,*,#43,.T.);
#803 = ORIENTED_EDGE('',*,*,#83,.T.);
#804 = ORIENTED_EDGE('',*,*,#114,.T.);
#805 = ORIENTED_EDGE('',*,*,#145,.T.);
#806 = ORIENTED_EDGE('',*,*,#176,.T.);
#807 = ORIENTED_EDGE('',*,*,#225,.T.);
#808 = ORIENTED_EDGE('',*,*,#240,.T.);
#809 = ORIENTED_EDGE('',*,*,#289,.T.);
#810 = ORIENTED_EDGE('',*,*,#304,.T.);
#811 = ORIENTED_EDGE('',*,*,#337,.T.);
#812 = ORIENTED_EDGE('',*,*,#368,.T.);
#813 = ORIENTED_EDGE('',*,*,#419,.T.);
#814 = ORIENTED_EDGE('',*,*,#434,.T.);
#815 = ORIENTED_EDGE('',*,*,#483,.T.);
#816 = ORIENTED_EDGE('',*,*,#498,.T.);
#817 = ORIENTED_EDGE('',*,*,#529,.T.);
#818 = ORIENTED_EDGE('',*,*,#560,.T.);
#819 = ORIENTED_EDGE('',*,*,#591,.T.);
#820 = ORIENTED_EDGE('',*,*,#624,.T.);
#821 = ORIENTED_EDGE('',*,*,#655,.T.);
#822 = ORIENTED_EDGE('',*,*,#688,.T.);
#823 = ORIENTED_EDGE('',*,*,#719,.T.);
#824 = ORIENTED_EDGE('',*,*,#750,.T.);
#825 = PLANE('',#826);
#826 = AXIS2_PLACEMENT_3D('',#827,#828,#829);
#827 = CARTESIAN_POINT('',(-2.5,1.255,3.845));
#828 = DIRECTION('',(1.,0.,6.938893903907E-15));
#829 = DIRECTION('',(-6.938893903907E-15,0.,1.));
#830 = MANIFOLD_SOLID_BREP('',#831);
#831 = CLOSED_SHELL('',(#832,#872,#903,#934,#965,#996,#1029,#1060,#1093,
    #1124,#1157,#1188,#1219,#1252,#1283,#1316,#1347,#1380,#1402,#1428));
#832 = ADVANCED_FACE('',(#833),#867,.F.);
#833 = FACE_BOUND('',#834,.T.);
#834 = EDGE_LOOP('',(#835,#845,#853,#861));
#835 = ORIENTED_EDGE('',*,*,#836,.T.);
#836 = EDGE_CURVE('',#837,#839,#841,.T.);
#837 = VERTEX_POINT('',#838);
#838 = CARTESIAN_POINT('',(-1.6,2.435,0.195));
#839 = VERTEX_POINT('',#840);
#840 = CARTESIAN_POINT('',(-1.6,2.435,2.645));
#841 = LINE('',#842,#843);
#842 = CARTESIAN_POINT('',(-1.6,2.435,0.895));
#843 = VECTOR('',#844,1.);
#844 = DIRECTION('',(7.186711543332E-15,-2.973811673103E-15,1.));
#845 = ORIENTED_EDGE('',*,*,#846,.F.);
#846 = EDGE_CURVE('',#847,#839,#849,.T.);
#847 = VERTEX_POINT('',#848);
#848 = CARTESIAN_POINT('',(-1.4,2.435,2.645));
#849 = LINE('',#850,#851);
#850 = CARTESIAN_POINT('',(-1.4,2.435,2.645));
#851 = VECTOR('',#852,1.);
#852 = DIRECTION('',(-1.,-5.605193857299E-45,6.982966722219E-15));
#853 = ORIENTED_EDGE('',*,*,#854,.F.);
#854 = EDGE_CURVE('',#855,#847,#857,.T.);
#855 = VERTEX_POINT('',#856);
#856 = CARTESIAN_POINT('',(-1.4,2.435,0.195));
#857 = LINE('',#858,#859);
#858 = CARTESIAN_POINT('',(-1.4,2.435,0.195));
#859 = VECTOR('',#860,1.);
#860 = DIRECTION('',(6.814985084195E-15,0.,1.));
#861 = ORIENTED_EDGE('',*,*,#862,.T.);
#862 = EDGE_CURVE('',#855,#837,#863,.T.);
#863 = LINE('',#864,#865);
#864 = CARTESIAN_POINT('',(-1.4,2.435,0.195));
#865 = VECTOR('',#866,1.);
#866 = DIRECTION('',(-1.,-5.605193857299E-45,6.982966722219E-15));
#867 = PLANE('',#868);
#868 = AXIS2_PLACEMENT_3D('',#869,#870,#871);
#869 = CARTESIAN_POINT('',(-1.4,2.435,0.895));
#870 = DIRECTION('',(-2.076602795142E-29,-1.,-2.973811673103E-15));
#871 = DIRECTION('',(0.,2.973811673103E-15,-1.));
#872 = ADVANCED_FACE('',(#873),#898,.F.);
#873 = FACE_BOUND('',#874,.T.);
#874 = EDGE_LOOP('',(#875,#883,#891,#897));
#875 = ORIENTED_EDGE('',*,*,#876,.T.);
#876 = EDGE_CURVE('',#839,#877,#879,.T.);
#877 = VERTEX_POINT('',#878);
#878 = CARTESIAN_POINT('',(-1.6,2.085,2.645));
#879 = LINE('',#880,#881);
#880 = CARTESIAN_POINT('',(-1.6,2.435,2.645));
#881 = VECTOR('',#882,1.);
#882 = DIRECTION('',(0.,-1.,-1.239088197126E-15));
#883 = ORIENTED_EDGE('',*,*,#884,.F.);
#884 = EDGE_CURVE('',#885,#877,#887,.T.);
#885 = VERTEX_POINT('',#886);
#886 = CARTESIAN_POINT('',(-1.4,2.085,2.645));
#887 = LINE('',#888,#889);
#888 = CARTESIAN_POINT('',(-1.4,2.085,2.645));
#889 = VECTOR('',#890,1.);
#890 = DIRECTION('',(-1.,-5.605193857299E-45,6.982966722219E-15));
#891 = ORIENTED_EDGE('',*,*,#892,.F.);
#892 = EDGE_CURVE('',#847,#885,#893,.T.);
#893 = LINE('',#894,#895);
#894 = CARTESIAN_POINT('',(-1.4,2.435,2.645));
#895 = VECTOR('',#896,1.);
#896 = DIRECTION('',(0.,-1.,-1.239088197126E-15));
#897 = ORIENTED_EDGE('',*,*,#846,.T.);
#898 = PLANE('',#899);
#899 = AXIS2_PLACEMENT_3D('',#900,#901,#902);
#900 = CARTESIAN_POINT('',(-1.4,2.435,2.645));
#901 = DIRECTION('',(-6.982966722219E-15,1.239088197126E-15,-1.));
#902 = DIRECTION('',(-1.,0.,6.982966722219E-15));
#903 = ADVANCED_FACE('',(#904),#929,.F.);
#904 = FACE_BOUND('',#905,.T.);
#905 = EDGE_LOOP('',(#906,#914,#922,#928));
#906 = ORIENTED_EDGE('',*,*,#907,.T.);
#907 = EDGE_CURVE('',#877,#908,#910,.T.);
#908 = VERTEX_POINT('',#909);
#909 = CARTESIAN_POINT('',(-1.6,1.955,0.895));
#910 = LINE('',#911,#912);
#911 = CARTESIAN_POINT('',(-1.6,2.085,2.645));
#912 = VECTOR('',#913,1.);
#913 = DIRECTION('',(-7.166963780252E-15,-7.408159078957E-02,
    -0.997252183706));
#914 = ORIENTED_EDGE('',*,*,#915,.F.);
#915 = EDGE_CURVE('',#916,#908,#918,.T.);
#916 = VERTEX_POINT('',#917);
#917 = CARTESIAN_POINT('',(-1.4,1.955,0.895));
#918 = LINE('',#919,#920);
#919 = CARTESIAN_POINT('',(-1.4,1.955,0.895));
#920 = VECTOR('',#921,1.);
#921 = DIRECTION('',(-1.,-5.605193857299E-45,6.982966722219E-15));
#922 = ORIENTED_EDGE('',*,*,#923,.F.);
#923 = EDGE_CURVE('',#885,#916,#924,.T.);
#924 = LINE('',#925,#926);
#925 = CARTESIAN_POINT('',(-1.4,2.085,2.645));
#926 = VECTOR('',#927,1.);
#927 = DIRECTION('',(-7.166963780252E-15,-7.408159078957E-02,
    -0.997252183706));
#928 = ORIENTED_EDGE('',*,*,#884,.T.);
#929 = PLANE('',#930);
#930 = AXIS2_PLACEMENT_3D('',#931,#932,#933);
#931 = CARTESIAN_POINT('',(-1.4,2.085,2.645));
#932 = DIRECTION('',(-5.173092832126E-16,0.997252183706,
    -7.408159078957E-02));
#933 = DIRECTION('',(0.,7.408159078957E-02,0.997252183706));
#934 = ADVANCED_FACE('',(#935),#960,.F.);
#935 = FACE_BOUND('',#936,.T.);
#936 = EDGE_LOOP('',(#937,#945,#953,#959));
#937 = ORIENTED_EDGE('',*,*,#938,.T.);
#938 = EDGE_CURVE('',#908,#939,#941,.T.);
#939 = VERTEX_POINT('',#940);
#940 = CARTESIAN_POINT('',(-1.6,1.955,0.195));
#941 = LINE('',#942,#943);
#942 = CARTESIAN_POINT('',(-1.6,1.955,0.895));
#943 = VECTOR('',#944,1.);
#944 = DIRECTION('',(-6.814985084195E-15,0.,-1.));
#945 = ORIENTED_EDGE('',*,*,#946,.F.);
#946 = EDGE_CURVE('',#947,#939,#949,.T.);
#947 = VERTEX_POINT('',#948);
#948 = CARTESIAN_POINT('',(-1.4,1.955,0.195));
#949 = LINE('',#950,#951);
#950 = CARTESIAN_POINT('',(-1.4,1.955,0.195));
#951 = VECTOR('',#952,1.);
#952 = DIRECTION('',(-1.,-5.605193857299E-45,6.982966722219E-15));
#953 = ORIENTED_EDGE('',*,*,#954,.F.);
#954 = EDGE_CURVE('',#916,#947,#955,.T.);
#955 = LINE('',#956,#957);
#956 = CARTESIAN_POINT('',(-1.4,1.955,0.895));
#957 = VECTOR('',#958,1.);
#958 = DIRECTION('',(-6.814985084195E-15,0.,-1.));
#959 = ORIENTED_EDGE('',*,*,#915,.T.);
#960 = PLANE('',#961);
#961 = AXIS2_PLACEMENT_3D('',#962,#963,#964);
#962 = CARTESIAN_POINT('',(-1.4,1.955,0.895));
#963 = DIRECTION('',(-5.605193857299E-45,1.,3.819931253151E-59));
#964 = DIRECTION('',(-1.,-5.605193857299E-45,0.));
#965 = ADVANCED_FACE('',(#966),#991,.F.);
#966 = FACE_BOUND('',#967,.T.);
#967 = EDGE_LOOP('',(#968,#976,#984,#990));
#968 = ORIENTED_EDGE('',*,*,#969,.T.);
#969 = EDGE_CURVE('',#939,#970,#972,.T.);
#970 = VERTEX_POINT('',#971);
#971 = CARTESIAN_POINT('',(-1.6,0.845,0.195));
#972 = LINE('',#973,#974);
#973 = CARTESIAN_POINT('',(-1.6,0.845,0.195));
#974 = VECTOR('',#975,1.);
#975 = DIRECTION('',(-0.,-1.,2.490734720575E-15));
#976 = ORIENTED_EDGE('',*,*,#977,.F.);
#977 = EDGE_CURVE('',#978,#970,#980,.T.);
#978 = VERTEX_POINT('',#979);
#979 = CARTESIAN_POINT('',(-1.4,0.845,0.195));
#980 = LINE('',#981,#982);
#981 = CARTESIAN_POINT('',(-1.4,0.845,0.195));
#982 = VECTOR('',#983,1.);
#983 = DIRECTION('',(-1.,-5.605193857299E-45,6.982966722219E-15));
#984 = ORIENTED_EDGE('',*,*,#985,.F.);
#985 = EDGE_CURVE('',#947,#978,#986,.T.);
#986 = LINE('',#987,#988);
#987 = CARTESIAN_POINT('',(-1.4,0.845,0.195));
#988 = VECTOR('',#989,1.);
#989 = DIRECTION('',(-0.,-1.,2.490734720575E-15));
#990 = ORIENTED_EDGE('',*,*,#946,.T.);
#991 = PLANE('',#992);
#992 = AXIS2_PLACEMENT_3D('',#993,#994,#995);
#993 = CARTESIAN_POINT('',(-1.4,0.845,0.195));
#994 = DIRECTION('',(-6.982966722219E-15,-2.490734720575E-15,-1.));
#995 = DIRECTION('',(-1.,0.,6.982966722219E-15));
#996 = ADVANCED_FACE('',(#997),#1024,.T.);
#997 = FACE_BOUND('',#998,.T.);
#998 = EDGE_LOOP('',(#999,#1008,#1016,#1023));
#999 = ORIENTED_EDGE('',*,*,#1000,.T.);
#1000 = EDGE_CURVE('',#970,#1001,#1003,.T.);
#1001 = VERTEX_POINT('',#1002);
#1002 = CARTESIAN_POINT('',(-1.6,0.774289321881,0.165710678119));
#1003 = CIRCLE('',#1004,0.1);
#1004 = AXIS2_PLACEMENT_3D('',#1005,#1006,#1007);
#1005 = CARTESIAN_POINT('',(-1.6,0.845,9.499999999999E-02));
#1006 = DIRECTION('',(1.,5.605193857299E-45,-6.982966722219E-15));
#1007 = DIRECTION('',(6.982966722219E-15,2.677902033388E-60,1.));
#1008 = ORIENTED_EDGE('',*,*,#1009,.F.);
#1009 = EDGE_CURVE('',#1010,#1001,#1012,.T.);
#1010 = VERTEX_POINT('',#1011);
#1011 = CARTESIAN_POINT('',(-1.4,0.774289321881,0.165710678119));
#1012 = LINE('',#1013,#1014);
#1013 = CARTESIAN_POINT('',(-1.4,0.774289321881,0.165710678119));
#1014 = VECTOR('',#1015,1.);
#1015 = DIRECTION('',(-1.,-5.605193857299E-45,6.982966722219E-15));
#1016 = ORIENTED_EDGE('',*,*,#1017,.F.);
#1017 = EDGE_CURVE('',#978,#1010,#1018,.T.);
#1018 = CIRCLE('',#1019,0.1);
#1019 = AXIS2_PLACEMENT_3D('',#1020,#1021,#1022);
#1020 = CARTESIAN_POINT('',(-1.4,0.845,9.499999999999E-02));
#1021 = DIRECTION('',(1.,5.605193857299E-45,-6.982966722219E-15));
#1022 = DIRECTION('',(6.982966722219E-15,2.677902033388E-60,1.));
#1023 = ORIENTED_EDGE('',*,*,#977,.T.);
#1024 = CYLINDRICAL_SURFACE('',#1025,0.1);
#1025 = AXIS2_PLACEMENT_3D('',#1026,#1027,#1028);
#1026 = CARTESIAN_POINT('',(-1.4,0.845,9.499999999999E-02));
#1027 = DIRECTION('',(-1.,-5.605193857299E-45,6.982966722219E-15));
#1028 = DIRECTION('',(6.982966722219E-15,2.677902033388E-60,1.));
#1029 = ADVANCED_FACE('',(#1030),#1055,.F.);
#1030 = FACE_BOUND('',#1031,.T.);
#1031 = EDGE_LOOP('',(#1032,#1040,#1048,#1054));
#1032 = ORIENTED_EDGE('',*,*,#1033,.T.);
#1033 = EDGE_CURVE('',#1001,#1034,#1036,.T.);
#1034 = VERTEX_POINT('',#1035);
#1035 = CARTESIAN_POINT('',(-1.6,0.324289321881,-0.284289321881));
#1036 = LINE('',#1037,#1038);
#1037 = CARTESIAN_POINT('',(-1.6,0.324289321881,-0.284289321881));
#1038 = VECTOR('',#1039,1.);
#1039 = DIRECTION('',(-5.451709925985E-15,-0.707106781187,
    -0.707106781187));
#1040 = ORIENTED_EDGE('',*,*,#1041,.F.);
#1041 = EDGE_CURVE('',#1042,#1034,#1044,.T.);
#1042 = VERTEX_POINT('',#1043);
#1043 = CARTESIAN_POINT('',(-1.4,0.324289321881,-0.284289321881));
#1044 = LINE('',#1045,#1046);
#1045 = CARTESIAN_POINT('',(-1.4,0.324289321881,-0.284289321881));
#1046 = VECTOR('',#1047,1.);
#1047 = DIRECTION('',(-1.,-5.605193857299E-45,6.982966722219E-15));
#1048 = ORIENTED_EDGE('',*,*,#1049,.F.);
#1049 = EDGE_CURVE('',#1010,#1042,#1050,.T.);
#1050 = LINE('',#1051,#1052);
#1051 = CARTESIAN_POINT('',(-1.4,0.324289321881,-0.284289321881));
#1052 = VECTOR('',#1053,1.);
#1053 = DIRECTION('',(-5.451709925985E-15,-0.707106781187,
    -0.707106781187));
#1054 = ORIENTED_EDGE('',*,*,#1009,.T.);
#1055 = PLANE('',#1056);
#1056 = AXIS2_PLACEMENT_3D('',#1057,#1058,#1059);
#1057 = CARTESIAN_POINT('',(-1.4,0.324289321881,-0.284289321881));
#1058 = DIRECTION('',(-4.937703122081E-15,0.707106781187,-0.707106781187
    ));
#1059 = DIRECTION('',(0.,0.707106781187,0.707106781187));
#1060 = ADVANCED_FACE('',(#1061),#1088,.T.);
#1061 = FACE_BOUND('',#1062,.T.);
#1062 = EDGE_LOOP('',(#1063,#1072,#1080,#1087));
#1063 = ORIENTED_EDGE('',*,*,#1064,.T.);
#1064 = EDGE_CURVE('',#1034,#1065,#1067,.T.);
#1065 = VERTEX_POINT('',#1066);
#1066 = CARTESIAN_POINT('',(-1.6,0.295,-0.355));
#1067 = CIRCLE('',#1068,1.E-01);
#1068 = AXIS2_PLACEMENT_3D('',#1069,#1070,#1071);
#1069 = CARTESIAN_POINT('',(-1.6,0.395,-0.355));
#1070 = DIRECTION('',(1.,5.605193857299E-45,-6.982966722219E-15));
#1071 = DIRECTION('',(6.982966722219E-15,2.677902033388E-60,1.));
#1072 = ORIENTED_EDGE('',*,*,#1073,.F.);
#1073 = EDGE_CURVE('',#1074,#1065,#1076,.T.);
#1074 = VERTEX_POINT('',#1075);
#1075 = CARTESIAN_POINT('',(-1.4,0.295,-0.355));
#1076 = LINE('',#1077,#1078);
#1077 = CARTESIAN_POINT('',(-1.4,0.295,-0.355));
#1078 = VECTOR('',#1079,1.);
#1079 = DIRECTION('',(-1.,-5.605193857299E-45,6.982966722219E-15));
#1080 = ORIENTED_EDGE('',*,*,#1081,.F.);
#1081 = EDGE_CURVE('',#1042,#1074,#1082,.T.);
#1082 = CIRCLE('',#1083,1.E-01);
#1083 = AXIS2_PLACEMENT_3D('',#1084,#1085,#1086);
#1084 = CARTESIAN_POINT('',(-1.4,0.395,-0.355));
#1085 = DIRECTION('',(1.,5.605193857299E-45,-6.982966722219E-15));
#1086 = DIRECTION('',(6.982966722219E-15,2.677902033388E-60,1.));
#1087 = ORIENTED_EDGE('',*,*,#1041,.T.);
#1088 = CYLINDRICAL_SURFACE('',#1089,1.E-01);
#1089 = AXIS2_PLACEMENT_3D('',#1090,#1091,#1092);
#1090 = CARTESIAN_POINT('',(-1.4,0.395,-0.355));
#1091 = DIRECTION('',(-1.,-5.605193857299E-45,6.982966722219E-15));
#1092 = DIRECTION('',(6.982966722219E-15,2.677902033388E-60,1.));
#1093 = ADVANCED_FACE('',(#1094),#1119,.F.);
#1094 = FACE_BOUND('',#1095,.T.);
#1095 = EDGE_LOOP('',(#1096,#1104,#1112,#1118));
#1096 = ORIENTED_EDGE('',*,*,#1097,.T.);
#1097 = EDGE_CURVE('',#1065,#1098,#1100,.T.);
#1098 = VERTEX_POINT('',#1099);
#1099 = CARTESIAN_POINT('',(-1.6,0.295,-0.955));
#1100 = LINE('',#1101,#1102);
#1101 = CARTESIAN_POINT('',(-1.6,0.295,-0.355));
#1102 = VECTOR('',#1103,1.);
#1103 = DIRECTION('',(-6.505213034913E-15,9.035018104046E-17,-1.));
#1104 = ORIENTED_EDGE('',*,*,#1105,.F.);
#1105 = EDGE_CURVE('',#1106,#1098,#1108,.T.);
#1106 = VERTEX_POINT('',#1107);
#1107 = CARTESIAN_POINT('',(-1.4,0.295,-0.955));
#1108 = LINE('',#1109,#1110);
#1109 = CARTESIAN_POINT('',(-1.4,0.295,-0.955));
#1110 = VECTOR('',#1111,1.);
#1111 = DIRECTION('',(-1.,-5.605193857299E-45,6.982966722219E-15));
#1112 = ORIENTED_EDGE('',*,*,#1113,.F.);
#1113 = EDGE_CURVE('',#1074,#1106,#1114,.T.);
#1114 = LINE('',#1115,#1116);
#1115 = CARTESIAN_POINT('',(-1.4,0.295,-0.355));
#1116 = VECTOR('',#1117,1.);
#1117 = DIRECTION('',(-6.505213034913E-15,9.035018104046E-17,-1.));
#1118 = ORIENTED_EDGE('',*,*,#1073,.T.);
#1119 = PLANE('',#1120);
#1120 = AXIS2_PLACEMENT_3D('',#1121,#1122,#1123);
#1121 = CARTESIAN_POINT('',(-1.4,0.295,-0.355));
#1122 = DIRECTION('',(6.30912307552E-31,1.,9.035018104046E-17));
#1123 = DIRECTION('',(0.,-9.035018104046E-17,1.));
#1124 = ADVANCED_FACE('',(#1125),#1152,.T.);
#1125 = FACE_BOUND('',#1126,.T.);
#1126 = EDGE_LOOP('',(#1127,#1136,#1144,#1151));
#1127 = ORIENTED_EDGE('',*,*,#1128,.T.);
#1128 = EDGE_CURVE('',#1098,#1129,#1131,.T.);
#1129 = VERTEX_POINT('',#1130);
#1130 = CARTESIAN_POINT('',(-1.6,0.495,-0.955));
#1131 = CIRCLE('',#1132,0.1);
#1132 = AXIS2_PLACEMENT_3D('',#1133,#1134,#1135);
#1133 = CARTESIAN_POINT('',(-1.6,0.395,-0.955));
#1134 = DIRECTION('',(1.,5.605193857299E-45,-6.982966722219E-15));
#1135 = DIRECTION('',(-6.982966722219E-15,-2.677902033389E-60,-1.));
#1136 = ORIENTED_EDGE('',*,*,#1137,.F.);
#1137 = EDGE_CURVE('',#1138,#1129,#1140,.T.);
#1138 = VERTEX_POINT('',#1139);
#1139 = CARTESIAN_POINT('',(-1.4,0.495,-0.955));
#1140 = LINE('',#1141,#1142);
#1141 = CARTESIAN_POINT('',(-1.4,0.495,-0.955));
#1142 = VECTOR('',#1143,1.);
#1143 = DIRECTION('',(-1.,-5.605193857299E-45,6.982966722219E-15));
#1144 = ORIENTED_EDGE('',*,*,#1145,.F.);
#1145 = EDGE_CURVE('',#1106,#1138,#1146,.T.);
#1146 = CIRCLE('',#1147,0.1);
#1147 = AXIS2_PLACEMENT_3D('',#1148,#1149,#1150);
#1148 = CARTESIAN_POINT('',(-1.4,0.395,-0.955));
#1149 = DIRECTION('',(1.,5.605193857299E-45,-6.982966722219E-15));
#1150 = DIRECTION('',(-6.982966722219E-15,-2.677902033388E-60,-1.));
#1151 = ORIENTED_EDGE('',*,*,#1105,.T.);
#1152 = CYLINDRICAL_SURFACE('',#1153,0.1);
#1153 = AXIS2_PLACEMENT_3D('',#1154,#1155,#1156);
#1154 = CARTESIAN_POINT('',(-1.4,0.395,-0.955));
#1155 = DIRECTION('',(-1.,-5.605193857299E-45,6.982966722219E-15));
#1156 = DIRECTION('',(6.982966722219E-15,2.677902033388E-60,1.));
#1157 = ADVANCED_FACE('',(#1158),#1183,.F.);
#1158 = FACE_BOUND('',#1159,.T.);
#1159 = EDGE_LOOP('',(#1160,#1168,#1176,#1182));
#1160 = ORIENTED_EDGE('',*,*,#1161,.T.);
#1161 = EDGE_CURVE('',#1129,#1162,#1164,.T.);
#1162 = VERTEX_POINT('',#1163);
#1163 = CARTESIAN_POINT('',(-1.6,0.495,-0.575952050175));
#1164 = LINE('',#1165,#1166);
#1165 = CARTESIAN_POINT('',(-1.6,0.495,-0.955));
#1166 = VECTOR('',#1167,1.);
#1167 = DIRECTION('',(6.864791684448E-15,0.,1.));
#1168 = ORIENTED_EDGE('',*,*,#1169,.F.);
#1169 = EDGE_CURVE('',#1170,#1162,#1172,.T.);
#1170 = VERTEX_POINT('',#1171);
#1171 = CARTESIAN_POINT('',(-1.4,0.495,-0.575952050175));
#1172 = LINE('',#1173,#1174);
#1173 = CARTESIAN_POINT('',(-1.4,0.495,-0.575952050175));
#1174 = VECTOR('',#1175,1.);
#1175 = DIRECTION('',(-1.,-5.605193857299E-45,6.982966722219E-15));
#1176 = ORIENTED_EDGE('',*,*,#1177,.F.);
#1177 = EDGE_CURVE('',#1138,#1170,#1178,.T.);
#1178 = LINE('',#1179,#1180);
#1179 = CARTESIAN_POINT('',(-1.4,0.495,-0.955));
#1180 = VECTOR('',#1181,1.);
#1181 = DIRECTION('',(6.864791684448E-15,0.,1.));
#1182 = ORIENTED_EDGE('',*,*,#1137,.T.);
#1183 = PLANE('',#1184);
#1184 = AXIS2_PLACEMENT_3D('',#1185,#1186,#1187);
#1185 = CARTESIAN_POINT('',(-1.4,0.495,-0.955));
#1186 = DIRECTION('',(5.605193857299E-45,-1.,-3.847848818131E-59));
#1187 = DIRECTION('',(1.,5.605193857299E-45,0.));
#1188 = ADVANCED_FACE('',(#1189),#1214,.F.);
#1189 = FACE_BOUND('',#1190,.T.);
#1190 = EDGE_LOOP('',(#1191,#1199,#1207,#1213));
#1191 = ORIENTED_EDGE('',*,*,#1192,.T.);
#1192 = EDGE_CURVE('',#1162,#1193,#1195,.T.);
#1193 = VERTEX_POINT('',#1194);
#1194 = CARTESIAN_POINT('',(-1.6,0.886662728294,-0.184289321881));
#1195 = LINE('',#1196,#1197);
#1196 = CARTESIAN_POINT('',(-1.6,0.495,-0.575952050175));
#1197 = VECTOR('',#1198,1.);
#1198 = DIRECTION('',(4.69779728093E-15,0.707106781187,0.707106781187));
#1199 = ORIENTED_EDGE('',*,*,#1200,.F.);
#1200 = EDGE_CURVE('',#1201,#1193,#1203,.T.);
#1201 = VERTEX_POINT('',#1202);
#1202 = CARTESIAN_POINT('',(-1.4,0.886662728294,-0.184289321881));
#1203 = LINE('',#1204,#1205);
#1204 = CARTESIAN_POINT('',(-1.4,0.886662728294,-0.184289321881));
#1205 = VECTOR('',#1206,1.);
#1206 = DIRECTION('',(-1.,-5.605193857299E-45,6.982966722219E-15));
#1207 = ORIENTED_EDGE('',*,*,#1208,.F.);
#1208 = EDGE_CURVE('',#1170,#1201,#1209,.T.);
#1209 = LINE('',#1210,#1211);
#1210 = CARTESIAN_POINT('',(-1.4,0.495,-0.575952050175));
#1211 = VECTOR('',#1212,1.);
#1212 = DIRECTION('',(4.69779728093E-15,0.707106781187,0.707106781187));
#1213 = ORIENTED_EDGE('',*,*,#1169,.T.);
#1214 = PLANE('',#1215);
#1215 = AXIS2_PLACEMENT_3D('',#1216,#1217,#1218);
#1216 = CARTESIAN_POINT('',(-1.4,0.495,-0.575952050175));
#1217 = DIRECTION('',(4.937703122081E-15,-0.707106781187,0.707106781187)
  );
#1218 = DIRECTION('',(0.,-0.707106781187,-0.707106781187));
#1219 = ADVANCED_FACE('',(#1220),#1247,.F.);
#1220 = FACE_BOUND('',#1221,.F.);
#1221 = EDGE_LOOP('',(#1222,#1223,#1232,#1240));
#1222 = ORIENTED_EDGE('',*,*,#1200,.F.);
#1223 = ORIENTED_EDGE('',*,*,#1224,.T.);
#1224 = EDGE_CURVE('',#1201,#1225,#1227,.T.);
#1225 = VERTEX_POINT('',#1226);
#1226 = CARTESIAN_POINT('',(-1.4,0.957373406412,-0.155));
#1227 = CIRCLE('',#1228,0.1);
#1228 = AXIS2_PLACEMENT_3D('',#1229,#1230,#1231);
#1229 = CARTESIAN_POINT('',(-1.4,0.957373406412,-0.255));
#1230 = DIRECTION('',(-1.,-5.605193857299E-45,6.982966722219E-15));
#1231 = DIRECTION('',(6.982966722219E-15,2.677902033388E-60,1.));
#1232 = ORIENTED_EDGE('',*,*,#1233,.T.);
#1233 = EDGE_CURVE('',#1225,#1234,#1236,.T.);
#1234 = VERTEX_POINT('',#1235);
#1235 = CARTESIAN_POINT('',(-1.6,0.957373406412,-0.155));
#1236 = LINE('',#1237,#1238);
#1237 = CARTESIAN_POINT('',(-1.4,0.957373406412,-0.155));
#1238 = VECTOR('',#1239,1.);
#1239 = DIRECTION('',(-1.,-5.605193857299E-45,6.982966722219E-15));
#1240 = ORIENTED_EDGE('',*,*,#1241,.F.);
#1241 = EDGE_CURVE('',#1193,#1234,#1242,.T.);
#1242 = CIRCLE('',#1243,0.1);
#1243 = AXIS2_PLACEMENT_3D('',#1244,#1245,#1246);
#1244 = CARTESIAN_POINT('',(-1.6,0.957373406412,-0.255));
#1245 = DIRECTION('',(-1.,-5.605193857299E-45,6.982966722219E-15));
#1246 = DIRECTION('',(6.982966722219E-15,2.677902033388E-60,1.));
#1247 = CYLINDRICAL_SURFACE('',#1248,0.1);
#1248 = AXIS2_PLACEMENT_3D('',#1249,#1250,#1251);
#1249 = CARTESIAN_POINT('',(-1.4,0.957373406412,-0.255));
#1250 = DIRECTION('',(-1.,-5.605193857299E-45,6.982966722219E-15));
#1251 = DIRECTION('',(6.982966722219E-15,2.677902033388E-60,1.));
#1252 = ADVANCED_FACE('',(#1253),#1278,.F.);
#1253 = FACE_BOUND('',#1254,.T.);
#1254 = EDGE_LOOP('',(#1255,#1263,#1271,#1277));
#1255 = ORIENTED_EDGE('',*,*,#1256,.T.);
#1256 = EDGE_CURVE('',#1234,#1257,#1259,.T.);
#1257 = VERTEX_POINT('',#1258);
#1258 = CARTESIAN_POINT('',(-1.6,2.655,-0.155));
#1259 = LINE('',#1260,#1261);
#1260 = CARTESIAN_POINT('',(-1.6,0.957373406412,-0.155));
#1261 = VECTOR('',#1262,1.);
#1262 = DIRECTION('',(0.,1.,1.59664406852E-17));
#1263 = ORIENTED_EDGE('',*,*,#1264,.F.);
#1264 = EDGE_CURVE('',#1265,#1257,#1267,.T.);
#1265 = VERTEX_POINT('',#1266);
#1266 = CARTESIAN_POINT('',(-1.4,2.655,-0.155));
#1267 = LINE('',#1268,#1269);
#1268 = CARTESIAN_POINT('',(-1.4,2.655,-0.155));
#1269 = VECTOR('',#1270,1.);
#1270 = DIRECTION('',(-1.,-5.605193857299E-45,6.982966722219E-15));
#1271 = ORIENTED_EDGE('',*,*,#1272,.F.);
#1272 = EDGE_CURVE('',#1225,#1265,#1273,.T.);
#1273 = LINE('',#1274,#1275);
#1274 = CARTESIAN_POINT('',(-1.4,0.957373406412,-0.155));
#1275 = VECTOR('',#1276,1.);
#1276 = DIRECTION('',(0.,1.,1.59664406852E-17));
#1277 = ORIENTED_EDGE('',*,*,#1233,.T.);
#1278 = PLANE('',#1279);
#1279 = AXIS2_PLACEMENT_3D('',#1280,#1281,#1282);
#1280 = CARTESIAN_POINT('',(-1.4,0.957373406412,-0.155));
#1281 = DIRECTION('',(6.982966722219E-15,-1.59664406852E-17,1.));
#1282 = DIRECTION('',(1.,0.,-6.982966722219E-15));
#1283 = ADVANCED_FACE('',(#1284),#1311,.T.);
#1284 = FACE_BOUND('',#1285,.T.);
#1285 = EDGE_LOOP('',(#1286,#1295,#1303,#1310));
#1286 = ORIENTED_EDGE('',*,*,#1287,.T.);
#1287 = EDGE_CURVE('',#1257,#1288,#1290,.T.);
#1288 = VERTEX_POINT('',#1289);
#1289 = CARTESIAN_POINT('',(-1.6,2.755,-5.500000000001E-02));
#1290 = CIRCLE('',#1291,1.E-01);
#1291 = AXIS2_PLACEMENT_3D('',#1292,#1293,#1294);
#1292 = CARTESIAN_POINT('',(-1.6,2.655,-5.500000000001E-02));
#1293 = DIRECTION('',(1.,5.605193857299E-45,-6.982966722219E-15));
#1294 = DIRECTION('',(-6.982966722219E-15,-2.677902033388E-60,-1.));
#1295 = ORIENTED_EDGE('',*,*,#1296,.F.);
#1296 = EDGE_CURVE('',#1297,#1288,#1299,.T.);
#1297 = VERTEX_POINT('',#1298);
#1298 = CARTESIAN_POINT('',(-1.4,2.755,-5.500000000002E-02));
#1299 = LINE('',#1300,#1301);
#1300 = CARTESIAN_POINT('',(-1.4,2.755,-5.500000000002E-02));
#1301 = VECTOR('',#1302,1.);
#1302 = DIRECTION('',(-1.,-5.605193857299E-45,6.982966722219E-15));
#1303 = ORIENTED_EDGE('',*,*,#1304,.F.);
#1304 = EDGE_CURVE('',#1265,#1297,#1305,.T.);
#1305 = CIRCLE('',#1306,1.E-01);
#1306 = AXIS2_PLACEMENT_3D('',#1307,#1308,#1309);
#1307 = CARTESIAN_POINT('',(-1.4,2.655,-5.500000000002E-02));
#1308 = DIRECTION('',(1.,5.605193857299E-45,-6.982966722219E-15));
#1309 = DIRECTION('',(-6.982966722219E-15,-2.677902033388E-60,-1.));
#1310 = ORIENTED_EDGE('',*,*,#1264,.T.);
#1311 = CYLINDRICAL_SURFACE('',#1312,1.E-01);
#1312 = AXIS2_PLACEMENT_3D('',#1313,#1314,#1315);
#1313 = CARTESIAN_POINT('',(-1.4,2.655,-5.500000000002E-02));
#1314 = DIRECTION('',(-1.,-5.605193857299E-45,6.982966722219E-15));
#1315 = DIRECTION('',(6.982966722219E-15,2.677902033388E-60,1.));
#1316 = ADVANCED_FACE('',(#1317),#1342,.F.);
#1317 = FACE_BOUND('',#1318,.T.);
#1318 = EDGE_LOOP('',(#1319,#1327,#1335,#1341));
#1319 = ORIENTED_EDGE('',*,*,#1320,.T.);
#1320 = EDGE_CURVE('',#1288,#1321,#1323,.T.);
#1321 = VERTEX_POINT('',#1322);
#1322 = CARTESIAN_POINT('',(-1.6,2.755,9.499999999999E-02));
#1323 = LINE('',#1324,#1325);
#1324 = CARTESIAN_POINT('',(-1.6,2.755,-5.500000000001E-02));
#1325 = VECTOR('',#1326,1.);
#1326 = DIRECTION('',(8.673617379884E-15,0.,1.));
#1327 = ORIENTED_EDGE('',*,*,#1328,.F.);
#1328 = EDGE_CURVE('',#1329,#1321,#1331,.T.);
#1329 = VERTEX_POINT('',#1330);
#1330 = CARTESIAN_POINT('',(-1.4,2.755,9.499999999999E-02));
#1331 = LINE('',#1332,#1333);
#1332 = CARTESIAN_POINT('',(-1.4,2.755,9.499999999999E-02));
#1333 = VECTOR('',#1334,1.);
#1334 = DIRECTION('',(-1.,-5.605193857299E-45,6.982966722219E-15));
#1335 = ORIENTED_EDGE('',*,*,#1336,.F.);
#1336 = EDGE_CURVE('',#1297,#1329,#1337,.T.);
#1337 = LINE('',#1338,#1339);
#1338 = CARTESIAN_POINT('',(-1.4,2.755,-5.500000000002E-02));
#1339 = VECTOR('',#1340,1.);
#1340 = DIRECTION('',(8.673617379884E-15,0.,1.));
#1341 = ORIENTED_EDGE('',*,*,#1296,.T.);
#1342 = PLANE('',#1343);
#1343 = AXIS2_PLACEMENT_3D('',#1344,#1345,#1346);
#1344 = CARTESIAN_POINT('',(-1.4,2.755,-5.500000000002E-02));
#1345 = DIRECTION('',(5.605193857299E-45,-1.,-4.861730685829E-59));
#1346 = DIRECTION('',(1.,5.605193857299E-45,0.));
#1347 = ADVANCED_FACE('',(#1348),#1375,.T.);
#1348 = FACE_BOUND('',#1349,.T.);
#1349 = EDGE_LOOP('',(#1350,#1359,#1367,#1374));
#1350 = ORIENTED_EDGE('',*,*,#1351,.T.);
#1351 = EDGE_CURVE('',#1321,#1352,#1354,.T.);
#1352 = VERTEX_POINT('',#1353);
#1353 = CARTESIAN_POINT('',(-1.6,2.655,0.195));
#1354 = CIRCLE('',#1355,1.E-01);
#1355 = AXIS2_PLACEMENT_3D('',#1356,#1357,#1358);
#1356 = CARTESIAN_POINT('',(-1.6,2.655,9.499999999999E-02));
#1357 = DIRECTION('',(1.,5.605193857299E-45,-6.982966722219E-15));
#1358 = DIRECTION('',(-6.982966722219E-15,-2.677902033388E-60,-1.));
#1359 = ORIENTED_EDGE('',*,*,#1360,.F.);
#1360 = EDGE_CURVE('',#1361,#1352,#1363,.T.);
#1361 = VERTEX_POINT('',#1362);
#1362 = CARTESIAN_POINT('',(-1.4,2.655,0.195));
#1363 = LINE('',#1364,#1365);
#1364 = CARTESIAN_POINT('',(-1.4,2.655,0.195));
#1365 = VECTOR('',#1366,1.);
#1366 = DIRECTION('',(-1.,-5.605193857299E-45,6.982966722219E-15));
#1367 = ORIENTED_EDGE('',*,*,#1368,.F.);
#1368 = EDGE_CURVE('',#1329,#1361,#1369,.T.);
#1369 = CIRCLE('',#1370,1.E-01);
#1370 = AXIS2_PLACEMENT_3D('',#1371,#1372,#1373);
#1371 = CARTESIAN_POINT('',(-1.4,2.655,9.499999999999E-02));
#1372 = DIRECTION('',(1.,5.605193857299E-45,-6.982966722219E-15));
#1373 = DIRECTION('',(-6.982966722219E-15,-2.677902033388E-60,-1.));
#1374 = ORIENTED_EDGE('',*,*,#1328,.T.);
#1375 = CYLINDRICAL_SURFACE('',#1376,1.E-01);
#1376 = AXIS2_PLACEMENT_3D('',#1377,#1378,#1379);
#1377 = CARTESIAN_POINT('',(-1.4,2.655,9.499999999999E-02));
#1378 = DIRECTION('',(-1.,-5.605193857299E-45,6.982966722219E-15));
#1379 = DIRECTION('',(6.982966722219E-15,2.677902033388E-60,1.));
#1380 = ADVANCED_FACE('',(#1381),#1397,.F.);
#1381 = FACE_BOUND('',#1382,.T.);
#1382 = EDGE_LOOP('',(#1383,#1389,#1390,#1396));
#1383 = ORIENTED_EDGE('',*,*,#1384,.T.);
#1384 = EDGE_CURVE('',#1352,#837,#1385,.T.);
#1385 = LINE('',#1386,#1387);
#1386 = CARTESIAN_POINT('',(-1.6,2.655,0.195));
#1387 = VECTOR('',#1388,1.);
#1388 = DIRECTION('',(0.,-1.,-4.435372523804E-15));
#1389 = ORIENTED_EDGE('',*,*,#862,.F.);
#1390 = ORIENTED_EDGE('',*,*,#1391,.F.);
#1391 = EDGE_CURVE('',#1361,#855,#1392,.T.);
#1392 = LINE('',#1393,#1394);
#1393 = CARTESIAN_POINT('',(-1.4,2.655,0.195));
#1394 = VECTOR('',#1395,1.);
#1395 = DIRECTION('',(0.,-1.,-4.435372523804E-15));
#1396 = ORIENTED_EDGE('',*,*,#1360,.T.);
#1397 = PLANE('',#1398);
#1398 = AXIS2_PLACEMENT_3D('',#1399,#1400,#1401);
#1399 = CARTESIAN_POINT('',(-1.4,2.655,0.195));
#1400 = DIRECTION('',(-6.982966722219E-15,4.435372523804E-15,-1.));
#1401 = DIRECTION('',(-1.,0.,6.982966722219E-15));
#1402 = ADVANCED_FACE('',(#1403),#1423,.F.);
#1403 = FACE_BOUND('',#1404,.T.);
#1404 = EDGE_LOOP('',(#1405,#1406,#1407,#1408,#1409,#1410,#1411,#1412,
    #1413,#1414,#1415,#1416,#1417,#1418,#1419,#1420,#1421,#1422));
#1405 = ORIENTED_EDGE('',*,*,#854,.T.);
#1406 = ORIENTED_EDGE('',*,*,#892,.T.);
#1407 = ORIENTED_EDGE('',*,*,#923,.T.);
#1408 = ORIENTED_EDGE('',*,*,#954,.T.);
#1409 = ORIENTED_EDGE('',*,*,#985,.T.);
#1410 = ORIENTED_EDGE('',*,*,#1017,.T.);
#1411 = ORIENTED_EDGE('',*,*,#1049,.T.);
#1412 = ORIENTED_EDGE('',*,*,#1081,.T.);
#1413 = ORIENTED_EDGE('',*,*,#1113,.T.);
#1414 = ORIENTED_EDGE('',*,*,#1145,.T.);
#1415 = ORIENTED_EDGE('',*,*,#1177,.T.);
#1416 = ORIENTED_EDGE('',*,*,#1208,.T.);
#1417 = ORIENTED_EDGE('',*,*,#1224,.T.);
#1418 = ORIENTED_EDGE('',*,*,#1272,.T.);
#1419 = ORIENTED_EDGE('',*,*,#1304,.T.);
#1420 = ORIENTED_EDGE('',*,*,#1336,.T.);
#1421 = ORIENTED_EDGE('',*,*,#1368,.T.);
#1422 = ORIENTED_EDGE('',*,*,#1391,.T.);
#1423 = PLANE('',#1424);
#1424 = AXIS2_PLACEMENT_3D('',#1425,#1426,#1427);
#1425 = CARTESIAN_POINT('',(-1.4,0.845,9.499999999999E-02));
#1426 = DIRECTION('',(-1.,-5.605193857299E-45,6.982966722219E-15));
#1427 = DIRECTION('',(6.982966722219E-15,0.,1.));
#1428 = ADVANCED_FACE('',(#1429),#1449,.T.);
#1429 = FACE_BOUND('',#1430,.T.);
#1430 = EDGE_LOOP('',(#1431,#1432,#1433,#1434,#1435,#1436,#1437,#1438,
    #1439,#1440,#1441,#1442,#1443,#1444,#1445,#1446,#1447,#1448));
#1431 = ORIENTED_EDGE('',*,*,#836,.F.);
#1432 = ORIENTED_EDGE('',*,*,#1384,.F.);
#1433 = ORIENTED_EDGE('',*,*,#1351,.F.);
#1434 = ORIENTED_EDGE('',*,*,#1320,.F.);
#1435 = ORIENTED_EDGE('',*,*,#1287,.F.);
#1436 = ORIENTED_EDGE('',*,*,#1256,.F.);
#1437 = ORIENTED_EDGE('',*,*,#1241,.F.);
#1438 = ORIENTED_EDGE('',*,*,#1192,.F.);
#1439 = ORIENTED_EDGE('',*,*,#1161,.F.);
#1440 = ORIENTED_EDGE('',*,*,#1128,.F.);
#1441 = ORIENTED_EDGE('',*,*,#1097,.F.);
#1442 = ORIENTED_EDGE('',*,*,#1064,.F.);
#1443 = ORIENTED_EDGE('',*,*,#1033,.F.);
#1444 = ORIENTED_EDGE('',*,*,#1000,.F.);
#1445 = ORIENTED_EDGE('',*,*,#969,.F.);
#1446 = ORIENTED_EDGE('',*,*,#938,.F.);
#1447 = ORIENTED_EDGE('',*,*,#907,.F.);
#1448 = ORIENTED_EDGE('',*,*,#876,.F.);
#1449 = PLANE('',#1450);
#1450 = AXIS2_PLACEMENT_3D('',#1451,#1452,#1453);
#1451 = CARTESIAN_POINT('',(-1.6,0.845,9.499999999999E-02));
#1452 = DIRECTION('',(-1.,-5.605193857299E-45,6.982966722219E-15));
#1453 = DIRECTION('',(6.982966722219E-15,0.,1.));
#1454 = MANIFOLD_SOLID_BREP('',#1455);
#1455 = CLOSED_SHELL('',(#1456,#1496,#1527,#1558,#1589,#1620,#1653,#1684
    ,#1717,#1748,#1781,#1812,#1843,#1876,#1907,#1940,#1971,#2004,#2026,
    #2052));
#1456 = ADVANCED_FACE('',(#1457),#1491,.F.);
#1457 = FACE_BOUND('',#1458,.T.);
#1458 = EDGE_LOOP('',(#1459,#1469,#1477,#1485));
#1459 = ORIENTED_EDGE('',*,*,#1460,.T.);
#1460 = EDGE_CURVE('',#1461,#1463,#1465,.T.);
#1461 = VERTEX_POINT('',#1462);
#1462 = CARTESIAN_POINT('',(-0.6,2.435,0.195));
#1463 = VERTEX_POINT('',#1464);
#1464 = CARTESIAN_POINT('',(-0.6,2.435,2.645));
#1465 = LINE('',#1466,#1467);
#1466 = CARTESIAN_POINT('',(-0.6,2.435,0.895));
#1467 = VECTOR('',#1468,1.);
#1468 = DIRECTION('',(7.186711543332E-15,-2.973811673103E-15,1.));
#1469 = ORIENTED_EDGE('',*,*,#1470,.F.);
#1470 = EDGE_CURVE('',#1471,#1463,#1473,.T.);
#1471 = VERTEX_POINT('',#1472);
#1472 = CARTESIAN_POINT('',(-0.4,2.435,2.645));
#1473 = LINE('',#1474,#1475);
#1474 = CARTESIAN_POINT('',(-0.4,2.435,2.645));
#1475 = VECTOR('',#1476,1.);
#1476 = DIRECTION('',(-1.,-5.605193857299E-45,6.982966722219E-15));
#1477 = ORIENTED_EDGE('',*,*,#1478,.F.);
#1478 = EDGE_CURVE('',#1479,#1471,#1481,.T.);
#1479 = VERTEX_POINT('',#1480);
#1480 = CARTESIAN_POINT('',(-0.4,2.435,0.195));
#1481 = LINE('',#1482,#1483);
#1482 = CARTESIAN_POINT('',(-0.4,2.435,0.195));
#1483 = VECTOR('',#1484,1.);
#1484 = DIRECTION('',(6.814985084195E-15,0.,1.));
#1485 = ORIENTED_EDGE('',*,*,#1486,.T.);
#1486 = EDGE_CURVE('',#1479,#1461,#1487,.T.);
#1487 = LINE('',#1488,#1489);
#1488 = CARTESIAN_POINT('',(-0.4,2.435,0.195));
#1489 = VECTOR('',#1490,1.);
#1490 = DIRECTION('',(-1.,-5.605193857299E-45,6.982966722219E-15));
#1491 = PLANE('',#1492);
#1492 = AXIS2_PLACEMENT_3D('',#1493,#1494,#1495);
#1493 = CARTESIAN_POINT('',(-0.4,2.435,0.895));
#1494 = DIRECTION('',(-2.076602795142E-29,-1.,-2.973811673103E-15));
#1495 = DIRECTION('',(0.,2.973811673103E-15,-1.));
#1496 = ADVANCED_FACE('',(#1497),#1522,.F.);
#1497 = FACE_BOUND('',#1498,.T.);
#1498 = EDGE_LOOP('',(#1499,#1507,#1515,#1521));
#1499 = ORIENTED_EDGE('',*,*,#1500,.T.);
#1500 = EDGE_CURVE('',#1463,#1501,#1503,.T.);
#1501 = VERTEX_POINT('',#1502);
#1502 = CARTESIAN_POINT('',(-0.6,2.085,2.645));
#1503 = LINE('',#1504,#1505);
#1504 = CARTESIAN_POINT('',(-0.6,2.435,2.645));
#1505 = VECTOR('',#1506,1.);
#1506 = DIRECTION('',(0.,-1.,-1.239088197126E-15));
#1507 = ORIENTED_EDGE('',*,*,#1508,.F.);
#1508 = EDGE_CURVE('',#1509,#1501,#1511,.T.);
#1509 = VERTEX_POINT('',#1510);
#1510 = CARTESIAN_POINT('',(-0.4,2.085,2.645));
#1511 = LINE('',#1512,#1513);
#1512 = CARTESIAN_POINT('',(-0.4,2.085,2.645));
#1513 = VECTOR('',#1514,1.);
#1514 = DIRECTION('',(-1.,-5.605193857299E-45,6.982966722219E-15));
#1515 = ORIENTED_EDGE('',*,*,#1516,.F.);
#1516 = EDGE_CURVE('',#1471,#1509,#1517,.T.);
#1517 = LINE('',#1518,#1519);
#1518 = CARTESIAN_POINT('',(-0.4,2.435,2.645));
#1519 = VECTOR('',#1520,1.);
#1520 = DIRECTION('',(0.,-1.,-1.239088197126E-15));
#1521 = ORIENTED_EDGE('',*,*,#1470,.T.);
#1522 = PLANE('',#1523);
#1523 = AXIS2_PLACEMENT_3D('',#1524,#1525,#1526);
#1524 = CARTESIAN_POINT('',(-0.4,2.435,2.645));
#1525 = DIRECTION('',(-6.982966722219E-15,1.239088197126E-15,-1.));
#1526 = DIRECTION('',(-1.,0.,6.982966722219E-15));
#1527 = ADVANCED_FACE('',(#1528),#1553,.F.);
#1528 = FACE_BOUND('',#1529,.T.);
#1529 = EDGE_LOOP('',(#1530,#1538,#1546,#1552));
#1530 = ORIENTED_EDGE('',*,*,#1531,.T.);
#1531 = EDGE_CURVE('',#1501,#1532,#1534,.T.);
#1532 = VERTEX_POINT('',#1533);
#1533 = CARTESIAN_POINT('',(-0.6,1.955,0.895));
#1534 = LINE('',#1535,#1536);
#1535 = CARTESIAN_POINT('',(-0.6,2.085,2.645));
#1536 = VECTOR('',#1537,1.);
#1537 = DIRECTION('',(-7.166963780252E-15,-7.408159078957E-02,
    -0.997252183706));
#1538 = ORIENTED_EDGE('',*,*,#1539,.F.);
#1539 = EDGE_CURVE('',#1540,#1532,#1542,.T.);
#1540 = VERTEX_POINT('',#1541);
#1541 = CARTESIAN_POINT('',(-0.4,1.955,0.895));
#1542 = LINE('',#1543,#1544);
#1543 = CARTESIAN_POINT('',(-0.4,1.955,0.895));
#1544 = VECTOR('',#1545,1.);
#1545 = DIRECTION('',(-1.,-5.605193857299E-45,6.982966722219E-15));
#1546 = ORIENTED_EDGE('',*,*,#1547,.F.);
#1547 = EDGE_CURVE('',#1509,#1540,#1548,.T.);
#1548 = LINE('',#1549,#1550);
#1549 = CARTESIAN_POINT('',(-0.4,2.085,2.645));
#1550 = VECTOR('',#1551,1.);
#1551 = DIRECTION('',(-7.166963780252E-15,-7.408159078957E-02,
    -0.997252183706));
#1552 = ORIENTED_EDGE('',*,*,#1508,.T.);
#1553 = PLANE('',#1554);
#1554 = AXIS2_PLACEMENT_3D('',#1555,#1556,#1557);
#1555 = CARTESIAN_POINT('',(-0.4,2.085,2.645));
#1556 = DIRECTION('',(-5.173092832126E-16,0.997252183706,
    -7.408159078957E-02));
#1557 = DIRECTION('',(0.,7.408159078957E-02,0.997252183706));
#1558 = ADVANCED_FACE('',(#1559),#1584,.F.);
#1559 = FACE_BOUND('',#1560,.T.);
#1560 = EDGE_LOOP('',(#1561,#1569,#1577,#1583));
#1561 = ORIENTED_EDGE('',*,*,#1562,.T.);
#1562 = EDGE_CURVE('',#1532,#1563,#1565,.T.);
#1563 = VERTEX_POINT('',#1564);
#1564 = CARTESIAN_POINT('',(-0.6,1.955,0.195));
#1565 = LINE('',#1566,#1567);
#1566 = CARTESIAN_POINT('',(-0.6,1.955,0.895));
#1567 = VECTOR('',#1568,1.);
#1568 = DIRECTION('',(-6.814985084195E-15,0.,-1.));
#1569 = ORIENTED_EDGE('',*,*,#1570,.F.);
#1570 = EDGE_CURVE('',#1571,#1563,#1573,.T.);
#1571 = VERTEX_POINT('',#1572);
#1572 = CARTESIAN_POINT('',(-0.4,1.955,0.195));
#1573 = LINE('',#1574,#1575);
#1574 = CARTESIAN_POINT('',(-0.4,1.955,0.195));
#1575 = VECTOR('',#1576,1.);
#1576 = DIRECTION('',(-1.,-5.605193857299E-45,6.982966722219E-15));
#1577 = ORIENTED_EDGE('',*,*,#1578,.F.);
#1578 = EDGE_CURVE('',#1540,#1571,#1579,.T.);
#1579 = LINE('',#1580,#1581);
#1580 = CARTESIAN_POINT('',(-0.4,1.955,0.895));
#1581 = VECTOR('',#1582,1.);
#1582 = DIRECTION('',(-6.814985084195E-15,0.,-1.));
#1583 = ORIENTED_EDGE('',*,*,#1539,.T.);
#1584 = PLANE('',#1585);
#1585 = AXIS2_PLACEMENT_3D('',#1586,#1587,#1588);
#1586 = CARTESIAN_POINT('',(-0.4,1.955,0.895));
#1587 = DIRECTION('',(-5.605193857299E-45,1.,3.819931253151E-59));
#1588 = DIRECTION('',(-1.,-5.605193857299E-45,0.));
#1589 = ADVANCED_FACE('',(#1590),#1615,.F.);
#1590 = FACE_BOUND('',#1591,.T.);
#1591 = EDGE_LOOP('',(#1592,#1600,#1608,#1614));
#1592 = ORIENTED_EDGE('',*,*,#1593,.T.);
#1593 = EDGE_CURVE('',#1563,#1594,#1596,.T.);
#1594 = VERTEX_POINT('',#1595);
#1595 = CARTESIAN_POINT('',(-0.6,0.845,0.195));
#1596 = LINE('',#1597,#1598);
#1597 = CARTESIAN_POINT('',(-0.6,0.845,0.195));
#1598 = VECTOR('',#1599,1.);
#1599 = DIRECTION('',(-0.,-1.,2.490734720575E-15));
#1600 = ORIENTED_EDGE('',*,*,#1601,.F.);
#1601 = EDGE_CURVE('',#1602,#1594,#1604,.T.);
#1602 = VERTEX_POINT('',#1603);
#1603 = CARTESIAN_POINT('',(-0.4,0.845,0.195));
#1604 = LINE('',#1605,#1606);
#1605 = CARTESIAN_POINT('',(-0.4,0.845,0.195));
#1606 = VECTOR('',#1607,1.);
#1607 = DIRECTION('',(-1.,-5.605193857299E-45,6.982966722219E-15));
#1608 = ORIENTED_EDGE('',*,*,#1609,.F.);
#1609 = EDGE_CURVE('',#1571,#1602,#1610,.T.);
#1610 = LINE('',#1611,#1612);
#1611 = CARTESIAN_POINT('',(-0.4,0.845,0.195));
#1612 = VECTOR('',#1613,1.);
#1613 = DIRECTION('',(-0.,-1.,2.490734720575E-15));
#1614 = ORIENTED_EDGE('',*,*,#1570,.T.);
#1615 = PLANE('',#1616);
#1616 = AXIS2_PLACEMENT_3D('',#1617,#1618,#1619);
#1617 = CARTESIAN_POINT('',(-0.4,0.845,0.195));
#1618 = DIRECTION('',(-6.982966722219E-15,-2.490734720575E-15,-1.));
#1619 = DIRECTION('',(-1.,0.,6.982966722219E-15));
#1620 = ADVANCED_FACE('',(#1621),#1648,.T.);
#1621 = FACE_BOUND('',#1622,.T.);
#1622 = EDGE_LOOP('',(#1623,#1632,#1640,#1647));
#1623 = ORIENTED_EDGE('',*,*,#1624,.T.);
#1624 = EDGE_CURVE('',#1594,#1625,#1627,.T.);
#1625 = VERTEX_POINT('',#1626);
#1626 = CARTESIAN_POINT('',(-0.6,0.774289321881,0.165710678119));
#1627 = CIRCLE('',#1628,0.1);
#1628 = AXIS2_PLACEMENT_3D('',#1629,#1630,#1631);
#1629 = CARTESIAN_POINT('',(-0.6,0.845,9.499999999999E-02));
#1630 = DIRECTION('',(1.,5.605193857299E-45,-6.982966722219E-15));
#1631 = DIRECTION('',(6.982966722219E-15,2.677902033388E-60,1.));
#1632 = ORIENTED_EDGE('',*,*,#1633,.F.);
#1633 = EDGE_CURVE('',#1634,#1625,#1636,.T.);
#1634 = VERTEX_POINT('',#1635);
#1635 = CARTESIAN_POINT('',(-0.4,0.774289321881,0.165710678119));
#1636 = LINE('',#1637,#1638);
#1637 = CARTESIAN_POINT('',(-0.4,0.774289321881,0.165710678119));
#1638 = VECTOR('',#1639,1.);
#1639 = DIRECTION('',(-1.,-5.605193857299E-45,6.982966722219E-15));
#1640 = ORIENTED_EDGE('',*,*,#1641,.F.);
#1641 = EDGE_CURVE('',#1602,#1634,#1642,.T.);
#1642 = CIRCLE('',#1643,0.1);
#1643 = AXIS2_PLACEMENT_3D('',#1644,#1645,#1646);
#1644 = CARTESIAN_POINT('',(-0.4,0.845,9.499999999999E-02));
#1645 = DIRECTION('',(1.,5.605193857299E-45,-6.982966722219E-15));
#1646 = DIRECTION('',(6.982966722219E-15,-3.606796452549E-61,1.));
#1647 = ORIENTED_EDGE('',*,*,#1601,.T.);
#1648 = CYLINDRICAL_SURFACE('',#1649,0.1);
#1649 = AXIS2_PLACEMENT_3D('',#1650,#1651,#1652);
#1650 = CARTESIAN_POINT('',(-0.4,0.845,9.499999999999E-02));
#1651 = DIRECTION('',(-1.,-5.605193857299E-45,6.982966722219E-15));
#1652 = DIRECTION('',(6.982966722219E-15,-3.606796452549E-61,1.));
#1653 = ADVANCED_FACE('',(#1654),#1679,.F.);
#1654 = FACE_BOUND('',#1655,.T.);
#1655 = EDGE_LOOP('',(#1656,#1664,#1672,#1678));
#1656 = ORIENTED_EDGE('',*,*,#1657,.T.);
#1657 = EDGE_CURVE('',#1625,#1658,#1660,.T.);
#1658 = VERTEX_POINT('',#1659);
#1659 = CARTESIAN_POINT('',(-0.6,0.324289321881,-0.284289321881));
#1660 = LINE('',#1661,#1662);
#1661 = CARTESIAN_POINT('',(-0.6,0.324289321881,-0.284289321881));
#1662 = VECTOR('',#1663,1.);
#1663 = DIRECTION('',(-5.451709925985E-15,-0.707106781187,
    -0.707106781187));
#1664 = ORIENTED_EDGE('',*,*,#1665,.F.);
#1665 = EDGE_CURVE('',#1666,#1658,#1668,.T.);
#1666 = VERTEX_POINT('',#1667);
#1667 = CARTESIAN_POINT('',(-0.4,0.324289321881,-0.284289321881));
#1668 = LINE('',#1669,#1670);
#1669 = CARTESIAN_POINT('',(-0.4,0.324289321881,-0.284289321881));
#1670 = VECTOR('',#1671,1.);
#1671 = DIRECTION('',(-1.,-5.605193857299E-45,6.982966722219E-15));
#1672 = ORIENTED_EDGE('',*,*,#1673,.F.);
#1673 = EDGE_CURVE('',#1634,#1666,#1674,.T.);
#1674 = LINE('',#1675,#1676);
#1675 = CARTESIAN_POINT('',(-0.4,0.324289321881,-0.284289321881));
#1676 = VECTOR('',#1677,1.);
#1677 = DIRECTION('',(-5.451709925985E-15,-0.707106781187,
    -0.707106781187));
#1678 = ORIENTED_EDGE('',*,*,#1633,.T.);
#1679 = PLANE('',#1680);
#1680 = AXIS2_PLACEMENT_3D('',#1681,#1682,#1683);
#1681 = CARTESIAN_POINT('',(-0.4,0.324289321881,-0.284289321881));
#1682 = DIRECTION('',(-4.937703122081E-15,0.707106781187,-0.707106781187
    ));
#1683 = DIRECTION('',(0.,0.707106781187,0.707106781187));
#1684 = ADVANCED_FACE('',(#1685),#1712,.T.);
#1685 = FACE_BOUND('',#1686,.T.);
#1686 = EDGE_LOOP('',(#1687,#1696,#1704,#1711));
#1687 = ORIENTED_EDGE('',*,*,#1688,.T.);
#1688 = EDGE_CURVE('',#1658,#1689,#1691,.T.);
#1689 = VERTEX_POINT('',#1690);
#1690 = CARTESIAN_POINT('',(-0.6,0.295,-0.355));
#1691 = CIRCLE('',#1692,1.E-01);
#1692 = AXIS2_PLACEMENT_3D('',#1693,#1694,#1695);
#1693 = CARTESIAN_POINT('',(-0.6,0.395,-0.355));
#1694 = DIRECTION('',(1.,5.605193857299E-45,-6.982966722219E-15));
#1695 = DIRECTION('',(6.982966722219E-15,2.677902033388E-60,1.));
#1696 = ORIENTED_EDGE('',*,*,#1697,.F.);
#1697 = EDGE_CURVE('',#1698,#1689,#1700,.T.);
#1698 = VERTEX_POINT('',#1699);
#1699 = CARTESIAN_POINT('',(-0.4,0.295,-0.355));
#1700 = LINE('',#1701,#1702);
#1701 = CARTESIAN_POINT('',(-0.4,0.295,-0.355));
#1702 = VECTOR('',#1703,1.);
#1703 = DIRECTION('',(-1.,-5.605193857299E-45,6.982966722219E-15));
#1704 = ORIENTED_EDGE('',*,*,#1705,.F.);
#1705 = EDGE_CURVE('',#1666,#1698,#1706,.T.);
#1706 = CIRCLE('',#1707,1.E-01);
#1707 = AXIS2_PLACEMENT_3D('',#1708,#1709,#1710);
#1708 = CARTESIAN_POINT('',(-0.4,0.395,-0.355));
#1709 = DIRECTION('',(1.,5.605193857299E-45,-6.982966722219E-15));
#1710 = DIRECTION('',(6.982966722219E-15,-3.60679645255E-61,1.));
#1711 = ORIENTED_EDGE('',*,*,#1665,.T.);
#1712 = CYLINDRICAL_SURFACE('',#1713,1.E-01);
#1713 = AXIS2_PLACEMENT_3D('',#1714,#1715,#1716);
#1714 = CARTESIAN_POINT('',(-0.4,0.395,-0.355));
#1715 = DIRECTION('',(-1.,-5.605193857299E-45,6.982966722219E-15));
#1716 = DIRECTION('',(6.982966722219E-15,-3.60679645255E-61,1.));
#1717 = ADVANCED_FACE('',(#1718),#1743,.F.);
#1718 = FACE_BOUND('',#1719,.T.);
#1719 = EDGE_LOOP('',(#1720,#1728,#1736,#1742));
#1720 = ORIENTED_EDGE('',*,*,#1721,.T.);
#1721 = EDGE_CURVE('',#1689,#1722,#1724,.T.);
#1722 = VERTEX_POINT('',#1723);
#1723 = CARTESIAN_POINT('',(-0.6,0.295,-0.955));
#1724 = LINE('',#1725,#1726);
#1725 = CARTESIAN_POINT('',(-0.6,0.295,-0.355));
#1726 = VECTOR('',#1727,1.);
#1727 = DIRECTION('',(-6.505213034913E-15,9.035018104046E-17,-1.));
#1728 = ORIENTED_EDGE('',*,*,#1729,.F.);
#1729 = EDGE_CURVE('',#1730,#1722,#1732,.T.);
#1730 = VERTEX_POINT('',#1731);
#1731 = CARTESIAN_POINT('',(-0.4,0.295,-0.955));
#1732 = LINE('',#1733,#1734);
#1733 = CARTESIAN_POINT('',(-0.4,0.295,-0.955));
#1734 = VECTOR('',#1735,1.);
#1735 = DIRECTION('',(-1.,-5.605193857299E-45,6.982966722219E-15));
#1736 = ORIENTED_EDGE('',*,*,#1737,.F.);
#1737 = EDGE_CURVE('',#1698,#1730,#1738,.T.);
#1738 = LINE('',#1739,#1740);
#1739 = CARTESIAN_POINT('',(-0.4,0.295,-0.355));
#1740 = VECTOR('',#1741,1.);
#1741 = DIRECTION('',(-6.505213034913E-15,9.035018104046E-17,-1.));
#1742 = ORIENTED_EDGE('',*,*,#1697,.T.);
#1743 = PLANE('',#1744);
#1744 = AXIS2_PLACEMENT_3D('',#1745,#1746,#1747);
#1745 = CARTESIAN_POINT('',(-0.4,0.295,-0.355));
#1746 = DIRECTION('',(6.30912307552E-31,1.,9.035018104046E-17));
#1747 = DIRECTION('',(0.,-9.035018104046E-17,1.));
#1748 = ADVANCED_FACE('',(#1749),#1776,.T.);
#1749 = FACE_BOUND('',#1750,.T.);
#1750 = EDGE_LOOP('',(#1751,#1760,#1768,#1775));
#1751 = ORIENTED_EDGE('',*,*,#1752,.T.);
#1752 = EDGE_CURVE('',#1722,#1753,#1755,.T.);
#1753 = VERTEX_POINT('',#1754);
#1754 = CARTESIAN_POINT('',(-0.6,0.495,-0.955));
#1755 = CIRCLE('',#1756,0.1);
#1756 = AXIS2_PLACEMENT_3D('',#1757,#1758,#1759);
#1757 = CARTESIAN_POINT('',(-0.6,0.395,-0.955));
#1758 = DIRECTION('',(1.,5.605193857299E-45,-6.982966722219E-15));
#1759 = DIRECTION('',(-6.982966722219E-15,-2.677902033389E-60,-1.));
#1760 = ORIENTED_EDGE('',*,*,#1761,.F.);
#1761 = EDGE_CURVE('',#1762,#1753,#1764,.T.);
#1762 = VERTEX_POINT('',#1763);
#1763 = CARTESIAN_POINT('',(-0.4,0.495,-0.955));
#1764 = LINE('',#1765,#1766);
#1765 = CARTESIAN_POINT('',(-0.4,0.495,-0.955));
#1766 = VECTOR('',#1767,1.);
#1767 = DIRECTION('',(-1.,-5.605193857299E-45,6.982966722219E-15));
#1768 = ORIENTED_EDGE('',*,*,#1769,.F.);
#1769 = EDGE_CURVE('',#1730,#1762,#1770,.T.);
#1770 = CIRCLE('',#1771,0.1);
#1771 = AXIS2_PLACEMENT_3D('',#1772,#1773,#1774);
#1772 = CARTESIAN_POINT('',(-0.4,0.395,-0.955));
#1773 = DIRECTION('',(1.,5.605193857299E-45,-6.982966722219E-15));
#1774 = DIRECTION('',(-6.982966722219E-15,3.606796452546E-61,-1.));
#1775 = ORIENTED_EDGE('',*,*,#1729,.T.);
#1776 = CYLINDRICAL_SURFACE('',#1777,0.1);
#1777 = AXIS2_PLACEMENT_3D('',#1778,#1779,#1780);
#1778 = CARTESIAN_POINT('',(-0.4,0.395,-0.955));
#1779 = DIRECTION('',(-1.,-5.605193857299E-45,6.982966722219E-15));
#1780 = DIRECTION('',(6.982966722219E-15,-3.606796452546E-61,1.));
#1781 = ADVANCED_FACE('',(#1782),#1807,.F.);
#1782 = FACE_BOUND('',#1783,.T.);
#1783 = EDGE_LOOP('',(#1784,#1792,#1800,#1806));
#1784 = ORIENTED_EDGE('',*,*,#1785,.T.);
#1785 = EDGE_CURVE('',#1753,#1786,#1788,.T.);
#1786 = VERTEX_POINT('',#1787);
#1787 = CARTESIAN_POINT('',(-0.6,0.495,-0.575952050175));
#1788 = LINE('',#1789,#1790);
#1789 = CARTESIAN_POINT('',(-0.6,0.495,-0.955));
#1790 = VECTOR('',#1791,1.);
#1791 = DIRECTION('',(6.864791684448E-15,0.,1.));
#1792 = ORIENTED_EDGE('',*,*,#1793,.F.);
#1793 = EDGE_CURVE('',#1794,#1786,#1796,.T.);
#1794 = VERTEX_POINT('',#1795);
#1795 = CARTESIAN_POINT('',(-0.4,0.495,-0.575952050175));
#1796 = LINE('',#1797,#1798);
#1797 = CARTESIAN_POINT('',(-0.4,0.495,-0.575952050175));
#1798 = VECTOR('',#1799,1.);
#1799 = DIRECTION('',(-1.,-5.605193857299E-45,6.982966722219E-15));
#1800 = ORIENTED_EDGE('',*,*,#1801,.F.);
#1801 = EDGE_CURVE('',#1762,#1794,#1802,.T.);
#1802 = LINE('',#1803,#1804);
#1803 = CARTESIAN_POINT('',(-0.4,0.495,-0.955));
#1804 = VECTOR('',#1805,1.);
#1805 = DIRECTION('',(6.864791684448E-15,0.,1.));
#1806 = ORIENTED_EDGE('',*,*,#1761,.T.);
#1807 = PLANE('',#1808);
#1808 = AXIS2_PLACEMENT_3D('',#1809,#1810,#1811);
#1809 = CARTESIAN_POINT('',(-0.4,0.495,-0.955));
#1810 = DIRECTION('',(5.605193857299E-45,-1.,-3.847848818131E-59));
#1811 = DIRECTION('',(1.,5.605193857299E-45,0.));
#1812 = ADVANCED_FACE('',(#1813),#1838,.F.);
#1813 = FACE_BOUND('',#1814,.T.);
#1814 = EDGE_LOOP('',(#1815,#1823,#1831,#1837));
#1815 = ORIENTED_EDGE('',*,*,#1816,.T.);
#1816 = EDGE_CURVE('',#1786,#1817,#1819,.T.);
#1817 = VERTEX_POINT('',#1818);
#1818 = CARTESIAN_POINT('',(-0.6,0.886662728294,-0.184289321881));
#1819 = LINE('',#1820,#1821);
#1820 = CARTESIAN_POINT('',(-0.6,0.495,-0.575952050175));
#1821 = VECTOR('',#1822,1.);
#1822 = DIRECTION('',(4.69779728093E-15,0.707106781187,0.707106781187));
#1823 = ORIENTED_EDGE('',*,*,#1824,.F.);
#1824 = EDGE_CURVE('',#1825,#1817,#1827,.T.);
#1825 = VERTEX_POINT('',#1826);
#1826 = CARTESIAN_POINT('',(-0.4,0.886662728294,-0.184289321881));
#1827 = LINE('',#1828,#1829);
#1828 = CARTESIAN_POINT('',(-0.4,0.886662728294,-0.184289321881));
#1829 = VECTOR('',#1830,1.);
#1830 = DIRECTION('',(-1.,-5.605193857299E-45,6.982966722219E-15));
#1831 = ORIENTED_EDGE('',*,*,#1832,.F.);
#1832 = EDGE_CURVE('',#1794,#1825,#1833,.T.);
#1833 = LINE('',#1834,#1835);
#1834 = CARTESIAN_POINT('',(-0.4,0.495,-0.575952050175));
#1835 = VECTOR('',#1836,1.);
#1836 = DIRECTION('',(4.69779728093E-15,0.707106781187,0.707106781187));
#1837 = ORIENTED_EDGE('',*,*,#1793,.T.);
#1838 = PLANE('',#1839);
#1839 = AXIS2_PLACEMENT_3D('',#1840,#1841,#1842);
#1840 = CARTESIAN_POINT('',(-0.4,0.495,-0.575952050175));
#1841 = DIRECTION('',(4.937703122081E-15,-0.707106781187,0.707106781187)
  );
#1842 = DIRECTION('',(0.,-0.707106781187,-0.707106781187));
#1843 = ADVANCED_FACE('',(#1844),#1871,.F.);
#1844 = FACE_BOUND('',#1845,.F.);
#1845 = EDGE_LOOP('',(#1846,#1847,#1856,#1864));
#1846 = ORIENTED_EDGE('',*,*,#1824,.F.);
#1847 = ORIENTED_EDGE('',*,*,#1848,.T.);
#1848 = EDGE_CURVE('',#1825,#1849,#1851,.T.);
#1849 = VERTEX_POINT('',#1850);
#1850 = CARTESIAN_POINT('',(-0.4,0.957373406412,-0.155));
#1851 = CIRCLE('',#1852,0.1);
#1852 = AXIS2_PLACEMENT_3D('',#1853,#1854,#1855);
#1853 = CARTESIAN_POINT('',(-0.4,0.957373406412,-0.255));
#1854 = DIRECTION('',(-1.,-5.605193857299E-45,6.982966722219E-15));
#1855 = DIRECTION('',(6.982966722219E-15,-3.606796452549E-61,1.));
#1856 = ORIENTED_EDGE('',*,*,#1857,.T.);
#1857 = EDGE_CURVE('',#1849,#1858,#1860,.T.);
#1858 = VERTEX_POINT('',#1859);
#1859 = CARTESIAN_POINT('',(-0.6,0.957373406412,-0.155));
#1860 = LINE('',#1861,#1862);
#1861 = CARTESIAN_POINT('',(-0.4,0.957373406412,-0.155));
#1862 = VECTOR('',#1863,1.);
#1863 = DIRECTION('',(-1.,-5.605193857299E-45,6.982966722219E-15));
#1864 = ORIENTED_EDGE('',*,*,#1865,.F.);
#1865 = EDGE_CURVE('',#1817,#1858,#1866,.T.);
#1866 = CIRCLE('',#1867,0.1);
#1867 = AXIS2_PLACEMENT_3D('',#1868,#1869,#1870);
#1868 = CARTESIAN_POINT('',(-0.6,0.957373406412,-0.255));
#1869 = DIRECTION('',(-1.,-5.605193857299E-45,6.982966722219E-15));
#1870 = DIRECTION('',(6.982966722219E-15,2.677902033388E-60,1.));
#1871 = CYLINDRICAL_SURFACE('',#1872,0.1);
#1872 = AXIS2_PLACEMENT_3D('',#1873,#1874,#1875);
#1873 = CARTESIAN_POINT('',(-0.4,0.957373406412,-0.255));
#1874 = DIRECTION('',(-1.,-5.605193857299E-45,6.982966722219E-15));
#1875 = DIRECTION('',(6.982966722219E-15,-3.606796452549E-61,1.));
#1876 = ADVANCED_FACE('',(#1877),#1902,.F.);
#1877 = FACE_BOUND('',#1878,.T.);
#1878 = EDGE_LOOP('',(#1879,#1887,#1895,#1901));
#1879 = ORIENTED_EDGE('',*,*,#1880,.T.);
#1880 = EDGE_CURVE('',#1858,#1881,#1883,.T.);
#1881 = VERTEX_POINT('',#1882);
#1882 = CARTESIAN_POINT('',(-0.6,2.655,-0.155));
#1883 = LINE('',#1884,#1885);
#1884 = CARTESIAN_POINT('',(-0.6,0.957373406412,-0.155));
#1885 = VECTOR('',#1886,1.);
#1886 = DIRECTION('',(0.,1.,1.59664406852E-17));
#1887 = ORIENTED_EDGE('',*,*,#1888,.F.);
#1888 = EDGE_CURVE('',#1889,#1881,#1891,.T.);
#1889 = VERTEX_POINT('',#1890);
#1890 = CARTESIAN_POINT('',(-0.4,2.655,-0.155));
#1891 = LINE('',#1892,#1893);
#1892 = CARTESIAN_POINT('',(-0.4,2.655,-0.155));
#1893 = VECTOR('',#1894,1.);
#1894 = DIRECTION('',(-1.,-5.605193857299E-45,6.982966722219E-15));
#1895 = ORIENTED_EDGE('',*,*,#1896,.F.);
#1896 = EDGE_CURVE('',#1849,#1889,#1897,.T.);
#1897 = LINE('',#1898,#1899);
#1898 = CARTESIAN_POINT('',(-0.4,0.957373406412,-0.155));
#1899 = VECTOR('',#1900,1.);
#1900 = DIRECTION('',(0.,1.,1.59664406852E-17));
#1901 = ORIENTED_EDGE('',*,*,#1857,.T.);
#1902 = PLANE('',#1903);
#1903 = AXIS2_PLACEMENT_3D('',#1904,#1905,#1906);
#1904 = CARTESIAN_POINT('',(-0.4,0.957373406412,-0.155));
#1905 = DIRECTION('',(6.982966722219E-15,-1.59664406852E-17,1.));
#1906 = DIRECTION('',(1.,0.,-6.982966722219E-15));
#1907 = ADVANCED_FACE('',(#1908),#1935,.T.);
#1908 = FACE_BOUND('',#1909,.T.);
#1909 = EDGE_LOOP('',(#1910,#1919,#1927,#1934));
#1910 = ORIENTED_EDGE('',*,*,#1911,.T.);
#1911 = EDGE_CURVE('',#1881,#1912,#1914,.T.);
#1912 = VERTEX_POINT('',#1913);
#1913 = CARTESIAN_POINT('',(-0.6,2.755,-5.500000000001E-02));
#1914 = CIRCLE('',#1915,1.E-01);
#1915 = AXIS2_PLACEMENT_3D('',#1916,#1917,#1918);
#1916 = CARTESIAN_POINT('',(-0.6,2.655,-5.500000000001E-02));
#1917 = DIRECTION('',(1.,5.605193857299E-45,-6.982966722219E-15));
#1918 = DIRECTION('',(-6.982966722219E-15,-2.677902033388E-60,-1.));
#1919 = ORIENTED_EDGE('',*,*,#1920,.F.);
#1920 = EDGE_CURVE('',#1921,#1912,#1923,.T.);
#1921 = VERTEX_POINT('',#1922);
#1922 = CARTESIAN_POINT('',(-0.4,2.755,-5.500000000002E-02));
#1923 = LINE('',#1924,#1925);
#1924 = CARTESIAN_POINT('',(-0.4,2.755,-5.500000000002E-02));
#1925 = VECTOR('',#1926,1.);
#1926 = DIRECTION('',(-1.,-5.605193857299E-45,6.982966722219E-15));
#1927 = ORIENTED_EDGE('',*,*,#1928,.F.);
#1928 = EDGE_CURVE('',#1889,#1921,#1929,.T.);
#1929 = CIRCLE('',#1930,1.E-01);
#1930 = AXIS2_PLACEMENT_3D('',#1931,#1932,#1933);
#1931 = CARTESIAN_POINT('',(-0.4,2.655,-5.500000000002E-02));
#1932 = DIRECTION('',(1.,5.605193857299E-45,-6.982966722219E-15));
#1933 = DIRECTION('',(-6.982966722219E-15,3.60679645255E-61,-1.));
#1934 = ORIENTED_EDGE('',*,*,#1888,.T.);
#1935 = CYLINDRICAL_SURFACE('',#1936,1.E-01);
#1936 = AXIS2_PLACEMENT_3D('',#1937,#1938,#1939);
#1937 = CARTESIAN_POINT('',(-0.4,2.655,-5.500000000002E-02));
#1938 = DIRECTION('',(-1.,-5.605193857299E-45,6.982966722219E-15));
#1939 = DIRECTION('',(6.982966722219E-15,-3.60679645255E-61,1.));
#1940 = ADVANCED_FACE('',(#1941),#1966,.F.);
#1941 = FACE_BOUND('',#1942,.T.);
#1942 = EDGE_LOOP('',(#1943,#1951,#1959,#1965));
#1943 = ORIENTED_EDGE('',*,*,#1944,.T.);
#1944 = EDGE_CURVE('',#1912,#1945,#1947,.T.);
#1945 = VERTEX_POINT('',#1946);
#1946 = CARTESIAN_POINT('',(-0.6,2.755,9.499999999999E-02));
#1947 = LINE('',#1948,#1949);
#1948 = CARTESIAN_POINT('',(-0.6,2.755,-5.500000000001E-02));
#1949 = VECTOR('',#1950,1.);
#1950 = DIRECTION('',(8.673617379884E-15,0.,1.));
#1951 = ORIENTED_EDGE('',*,*,#1952,.F.);
#1952 = EDGE_CURVE('',#1953,#1945,#1955,.T.);
#1953 = VERTEX_POINT('',#1954);
#1954 = CARTESIAN_POINT('',(-0.4,2.755,9.499999999999E-02));
#1955 = LINE('',#1956,#1957);
#1956 = CARTESIAN_POINT('',(-0.4,2.755,9.499999999999E-02));
#1957 = VECTOR('',#1958,1.);
#1958 = DIRECTION('',(-1.,-5.605193857299E-45,6.982966722219E-15));
#1959 = ORIENTED_EDGE('',*,*,#1960,.F.);
#1960 = EDGE_CURVE('',#1921,#1953,#1961,.T.);
#1961 = LINE('',#1962,#1963);
#1962 = CARTESIAN_POINT('',(-0.4,2.755,-5.500000000002E-02));
#1963 = VECTOR('',#1964,1.);
#1964 = DIRECTION('',(8.673617379884E-15,0.,1.));
#1965 = ORIENTED_EDGE('',*,*,#1920,.T.);
#1966 = PLANE('',#1967);
#1967 = AXIS2_PLACEMENT_3D('',#1968,#1969,#1970);
#1968 = CARTESIAN_POINT('',(-0.4,2.755,-5.500000000002E-02));
#1969 = DIRECTION('',(5.605193857299E-45,-1.,-4.861730685829E-59));
#1970 = DIRECTION('',(1.,5.605193857299E-45,0.));
#1971 = ADVANCED_FACE('',(#1972),#1999,.T.);
#1972 = FACE_BOUND('',#1973,.T.);
#1973 = EDGE_LOOP('',(#1974,#1983,#1991,#1998));
#1974 = ORIENTED_EDGE('',*,*,#1975,.T.);
#1975 = EDGE_CURVE('',#1945,#1976,#1978,.T.);
#1976 = VERTEX_POINT('',#1977);
#1977 = CARTESIAN_POINT('',(-0.6,2.655,0.195));
#1978 = CIRCLE('',#1979,1.E-01);
#1979 = AXIS2_PLACEMENT_3D('',#1980,#1981,#1982);
#1980 = CARTESIAN_POINT('',(-0.6,2.655,9.499999999999E-02));
#1981 = DIRECTION('',(1.,5.605193857299E-45,-6.982966722219E-15));
#1982 = DIRECTION('',(-6.982966722219E-15,-2.677902033388E-60,-1.));
#1983 = ORIENTED_EDGE('',*,*,#1984,.F.);
#1984 = EDGE_CURVE('',#1985,#1976,#1987,.T.);
#1985 = VERTEX_POINT('',#1986);
#1986 = CARTESIAN_POINT('',(-0.4,2.655,0.195));
#1987 = LINE('',#1988,#1989);
#1988 = CARTESIAN_POINT('',(-0.4,2.655,0.195));
#1989 = VECTOR('',#1990,1.);
#1990 = DIRECTION('',(-1.,-5.605193857299E-45,6.982966722219E-15));
#1991 = ORIENTED_EDGE('',*,*,#1992,.F.);
#1992 = EDGE_CURVE('',#1953,#1985,#1993,.T.);
#1993 = CIRCLE('',#1994,1.E-01);
#1994 = AXIS2_PLACEMENT_3D('',#1995,#1996,#1997);
#1995 = CARTESIAN_POINT('',(-0.4,2.655,9.499999999999E-02));
#1996 = DIRECTION('',(1.,5.605193857299E-45,-6.982966722219E-15));
#1997 = DIRECTION('',(-6.982966722219E-15,3.60679645255E-61,-1.));
#1998 = ORIENTED_EDGE('',*,*,#1952,.T.);
#1999 = CYLINDRICAL_SURFACE('',#2000,1.E-01);
#2000 = AXIS2_PLACEMENT_3D('',#2001,#2002,#2003);
#2001 = CARTESIAN_POINT('',(-0.4,2.655,9.499999999999E-02));
#2002 = DIRECTION('',(-1.,-5.605193857299E-45,6.982966722219E-15));
#2003 = DIRECTION('',(6.982966722219E-15,-3.60679645255E-61,1.));
#2004 = ADVANCED_FACE('',(#2005),#2021,.F.);
#2005 = FACE_BOUND('',#2006,.T.);
#2006 = EDGE_LOOP('',(#2007,#2013,#2014,#2020));
#2007 = ORIENTED_EDGE('',*,*,#2008,.T.);
#2008 = EDGE_CURVE('',#1976,#1461,#2009,.T.);
#2009 = LINE('',#2010,#2011);
#2010 = CARTESIAN_POINT('',(-0.6,2.655,0.195));
#2011 = VECTOR('',#2012,1.);
#2012 = DIRECTION('',(0.,-1.,-4.435372523804E-15));
#2013 = ORIENTED_EDGE('',*,*,#1486,.F.);
#2014 = ORIENTED_EDGE('',*,*,#2015,.F.);
#2015 = EDGE_CURVE('',#1985,#1479,#2016,.T.);
#2016 = LINE('',#2017,#2018);
#2017 = CARTESIAN_POINT('',(-0.4,2.655,0.195));
#2018 = VECTOR('',#2019,1.);
#2019 = DIRECTION('',(0.,-1.,-4.435372523804E-15));
#2020 = ORIENTED_EDGE('',*,*,#1984,.T.);
#2021 = PLANE('',#2022);
#2022 = AXIS2_PLACEMENT_3D('',#2023,#2024,#2025);
#2023 = CARTESIAN_POINT('',(-0.4,2.655,0.195));
#2024 = DIRECTION('',(-6.982966722219E-15,4.435372523804E-15,-1.));
#2025 = DIRECTION('',(-1.,0.,6.982966722219E-15));
#2026 = ADVANCED_FACE('',(#2027),#2047,.F.);
#2027 = FACE_BOUND('',#2028,.T.);
#2028 = EDGE_LOOP('',(#2029,#2030,#2031,#2032,#2033,#2034,#2035,#2036,
    #2037,#2038,#2039,#2040,#2041,#2042,#2043,#2044,#2045,#2046));
#2029 = ORIENTED_EDGE('',*,*,#1478,.T.);
#2030 = ORIENTED_EDGE('',*,*,#1516,.T.);
#2031 = ORIENTED_EDGE('',*,*,#1547,.T.);
#2032 = ORIENTED_EDGE('',*,*,#1578,.T.);
#2033 = ORIENTED_EDGE('',*,*,#1609,.T.);
#2034 = ORIENTED_EDGE('',*,*,#1641,.T.);
#2035 = ORIENTED_EDGE('',*,*,#1673,.T.);
#2036 = ORIENTED_EDGE('',*,*,#1705,.T.);
#2037 = ORIENTED_EDGE('',*,*,#1737,.T.);
#2038 = ORIENTED_EDGE('',*,*,#1769,.T.);
#2039 = ORIENTED_EDGE('',*,*,#1801,.T.);
#2040 = ORIENTED_EDGE('',*,*,#1832,.T.);
#2041 = ORIENTED_EDGE('',*,*,#1848,.T.);
#2042 = ORIENTED_EDGE('',*,*,#1896,.T.);
#2043 = ORIENTED_EDGE('',*,*,#1928,.T.);
#2044 = ORIENTED_EDGE('',*,*,#1960,.T.);
#2045 = ORIENTED_EDGE('',*,*,#1992,.T.);
#2046 = ORIENTED_EDGE('',*,*,#2015,.T.);
#2047 = PLANE('',#2048);
#2048 = AXIS2_PLACEMENT_3D('',#2049,#2050,#2051);
#2049 = CARTESIAN_POINT('',(-0.4,0.845,9.499999999999E-02));
#2050 = DIRECTION('',(-1.,-5.605193857299E-45,6.982966722219E-15));
#2051 = DIRECTION('',(6.982966722219E-15,0.,1.));
#2052 = ADVANCED_FACE('',(#2053),#2073,.T.);
#2053 = FACE_BOUND('',#2054,.T.);
#2054 = EDGE_LOOP('',(#2055,#2056,#2057,#2058,#2059,#2060,#2061,#2062,
    #2063,#2064,#2065,#2066,#2067,#2068,#2069,#2070,#2071,#2072));
#2055 = ORIENTED_EDGE('',*,*,#1460,.F.);
#2056 = ORIENTED_EDGE('',*,*,#2008,.F.);
#2057 = ORIENTED_EDGE('',*,*,#1975,.F.);
#2058 = ORIENTED_EDGE('',*,*,#1944,.F.);
#2059 = ORIENTED_EDGE('',*,*,#1911,.F.);
#2060 = ORIENTED_EDGE('',*,*,#1880,.F.);
#2061 = ORIENTED_EDGE('',*,*,#1865,.F.);
#2062 = ORIENTED_EDGE('',*,*,#1816,.F.);
#2063 = ORIENTED_EDGE('',*,*,#1785,.F.);
#2064 = ORIENTED_EDGE('',*,*,#1752,.F.);
#2065 = ORIENTED_EDGE('',*,*,#1721,.F.);
#2066 = ORIENTED_EDGE('',*,*,#1688,.F.);
#2067 = ORIENTED_EDGE('',*,*,#1657,.F.);
#2068 = ORIENTED_EDGE('',*,*,#1624,.F.);
#2069 = ORIENTED_EDGE('',*,*,#1593,.F.);
#2070 = ORIENTED_EDGE('',*,*,#1562,.F.);
#2071 = ORIENTED_EDGE('',*,*,#1531,.F.);
#2072 = ORIENTED_EDGE('',*,*,#1500,.F.);
#2073 = PLANE('',#2074);
#2074 = AXIS2_PLACEMENT_3D('',#2075,#2076,#2077);
#2075 = CARTESIAN_POINT('',(-0.6,0.845,9.499999999999E-02));
#2076 = DIRECTION('',(-1.,-5.605193857299E-45,6.982966722219E-15));
#2077 = DIRECTION('',(6.982966722219E-15,0.,1.));
#2078 = MANIFOLD_SOLID_BREP('',#2079);
#2079 = CLOSED_SHELL('',(#2080,#2120,#2151,#2182,#2213,#2244,#2277,#2308
    ,#2341,#2372,#2405,#2436,#2467,#2500,#2531,#2564,#2595,#2628,#2650,
    #2676));
#2080 = ADVANCED_FACE('',(#2081),#2115,.F.);
#2081 = FACE_BOUND('',#2082,.T.);
#2082 = EDGE_LOOP('',(#2083,#2093,#2101,#2109));
#2083 = ORIENTED_EDGE('',*,*,#2084,.T.);
#2084 = EDGE_CURVE('',#2085,#2087,#2089,.T.);
#2085 = VERTEX_POINT('',#2086);
#2086 = CARTESIAN_POINT('',(1.4,2.435,0.195));
#2087 = VERTEX_POINT('',#2088);
#2088 = CARTESIAN_POINT('',(1.4,2.435,2.645));
#2089 = LINE('',#2090,#2091);
#2090 = CARTESIAN_POINT('',(1.4,2.435,0.895));
#2091 = VECTOR('',#2092,1.);
#2092 = DIRECTION('',(7.186711543332E-15,-2.973811673103E-15,1.));
#2093 = ORIENTED_EDGE('',*,*,#2094,.F.);
#2094 = EDGE_CURVE('',#2095,#2087,#2097,.T.);
#2095 = VERTEX_POINT('',#2096);
#2096 = CARTESIAN_POINT('',(1.6,2.435,2.645));
#2097 = LINE('',#2098,#2099);
#2098 = CARTESIAN_POINT('',(1.6,2.435,2.645));
#2099 = VECTOR('',#2100,1.);
#2100 = DIRECTION('',(-1.,-5.605193857299E-45,6.982966722219E-15));
#2101 = ORIENTED_EDGE('',*,*,#2102,.F.);
#2102 = EDGE_CURVE('',#2103,#2095,#2105,.T.);
#2103 = VERTEX_POINT('',#2104);
#2104 = CARTESIAN_POINT('',(1.6,2.435,0.195));
#2105 = LINE('',#2106,#2107);
#2106 = CARTESIAN_POINT('',(1.6,2.435,0.195));
#2107 = VECTOR('',#2108,1.);
#2108 = DIRECTION('',(6.814985084195E-15,0.,1.));
#2109 = ORIENTED_EDGE('',*,*,#2110,.T.);
#2110 = EDGE_CURVE('',#2103,#2085,#2111,.T.);
#2111 = LINE('',#2112,#2113);
#2112 = CARTESIAN_POINT('',(1.6,2.435,0.195));
#2113 = VECTOR('',#2114,1.);
#2114 = DIRECTION('',(-1.,-5.605193857299E-45,6.982966722219E-15));
#2115 = PLANE('',#2116);
#2116 = AXIS2_PLACEMENT_3D('',#2117,#2118,#2119);
#2117 = CARTESIAN_POINT('',(1.6,2.435,0.895));
#2118 = DIRECTION('',(-2.076602795142E-29,-1.,-2.973811673103E-15));
#2119 = DIRECTION('',(0.,2.973811673103E-15,-1.));
#2120 = ADVANCED_FACE('',(#2121),#2146,.F.);
#2121 = FACE_BOUND('',#2122,.T.);
#2122 = EDGE_LOOP('',(#2123,#2131,#2139,#2145));
#2123 = ORIENTED_EDGE('',*,*,#2124,.T.);
#2124 = EDGE_CURVE('',#2087,#2125,#2127,.T.);
#2125 = VERTEX_POINT('',#2126);
#2126 = CARTESIAN_POINT('',(1.4,2.085,2.645));
#2127 = LINE('',#2128,#2129);
#2128 = CARTESIAN_POINT('',(1.4,2.435,2.645));
#2129 = VECTOR('',#2130,1.);
#2130 = DIRECTION('',(0.,-1.,-1.239088197126E-15));
#2131 = ORIENTED_EDGE('',*,*,#2132,.F.);
#2132 = EDGE_CURVE('',#2133,#2125,#2135,.T.);
#2133 = VERTEX_POINT('',#2134);
#2134 = CARTESIAN_POINT('',(1.6,2.085,2.645));
#2135 = LINE('',#2136,#2137);
#2136 = CARTESIAN_POINT('',(1.6,2.085,2.645));
#2137 = VECTOR('',#2138,1.);
#2138 = DIRECTION('',(-1.,-5.605193857299E-45,6.982966722219E-15));
#2139 = ORIENTED_EDGE('',*,*,#2140,.F.);
#2140 = EDGE_CURVE('',#2095,#2133,#2141,.T.);
#2141 = LINE('',#2142,#2143);
#2142 = CARTESIAN_POINT('',(1.6,2.435,2.645));
#2143 = VECTOR('',#2144,1.);
#2144 = DIRECTION('',(0.,-1.,-1.239088197126E-15));
#2145 = ORIENTED_EDGE('',*,*,#2094,.T.);
#2146 = PLANE('',#2147);
#2147 = AXIS2_PLACEMENT_3D('',#2148,#2149,#2150);
#2148 = CARTESIAN_POINT('',(1.6,2.435,2.645));
#2149 = DIRECTION('',(-6.982966722219E-15,1.239088197126E-15,-1.));
#2150 = DIRECTION('',(-1.,0.,6.982966722219E-15));
#2151 = ADVANCED_FACE('',(#2152),#2177,.F.);
#2152 = FACE_BOUND('',#2153,.T.);
#2153 = EDGE_LOOP('',(#2154,#2162,#2170,#2176));
#2154 = ORIENTED_EDGE('',*,*,#2155,.T.);
#2155 = EDGE_CURVE('',#2125,#2156,#2158,.T.);
#2156 = VERTEX_POINT('',#2157);
#2157 = CARTESIAN_POINT('',(1.4,1.955,0.895));
#2158 = LINE('',#2159,#2160);
#2159 = CARTESIAN_POINT('',(1.4,2.085,2.645));
#2160 = VECTOR('',#2161,1.);
#2161 = DIRECTION('',(-7.166963780252E-15,-7.408159078957E-02,
    -0.997252183706));
#2162 = ORIENTED_EDGE('',*,*,#2163,.F.);
#2163 = EDGE_CURVE('',#2164,#2156,#2166,.T.);
#2164 = VERTEX_POINT('',#2165);
#2165 = CARTESIAN_POINT('',(1.6,1.955,0.895));
#2166 = LINE('',#2167,#2168);
#2167 = CARTESIAN_POINT('',(1.6,1.955,0.895));
#2168 = VECTOR('',#2169,1.);
#2169 = DIRECTION('',(-1.,-5.605193857299E-45,6.982966722219E-15));
#2170 = ORIENTED_EDGE('',*,*,#2171,.F.);
#2171 = EDGE_CURVE('',#2133,#2164,#2172,.T.);
#2172 = LINE('',#2173,#2174);
#2173 = CARTESIAN_POINT('',(1.6,2.085,2.645));
#2174 = VECTOR('',#2175,1.);
#2175 = DIRECTION('',(-7.166963780252E-15,-7.408159078957E-02,
    -0.997252183706));
#2176 = ORIENTED_EDGE('',*,*,#2132,.T.);
#2177 = PLANE('',#2178);
#2178 = AXIS2_PLACEMENT_3D('',#2179,#2180,#2181);
#2179 = CARTESIAN_POINT('',(1.6,2.085,2.645));
#2180 = DIRECTION('',(-5.173092832126E-16,0.997252183706,
    -7.408159078957E-02));
#2181 = DIRECTION('',(0.,7.408159078957E-02,0.997252183706));
#2182 = ADVANCED_FACE('',(#2183),#2208,.F.);
#2183 = FACE_BOUND('',#2184,.T.);
#2184 = EDGE_LOOP('',(#2185,#2193,#2201,#2207));
#2185 = ORIENTED_EDGE('',*,*,#2186,.T.);
#2186 = EDGE_CURVE('',#2156,#2187,#2189,.T.);
#2187 = VERTEX_POINT('',#2188);
#2188 = CARTESIAN_POINT('',(1.4,1.955,0.195));
#2189 = LINE('',#2190,#2191);
#2190 = CARTESIAN_POINT('',(1.4,1.955,0.895));
#2191 = VECTOR('',#2192,1.);
#2192 = DIRECTION('',(-6.814985084195E-15,0.,-1.));
#2193 = ORIENTED_EDGE('',*,*,#2194,.F.);
#2194 = EDGE_CURVE('',#2195,#2187,#2197,.T.);
#2195 = VERTEX_POINT('',#2196);
#2196 = CARTESIAN_POINT('',(1.6,1.955,0.195));
#2197 = LINE('',#2198,#2199);
#2198 = CARTESIAN_POINT('',(1.6,1.955,0.195));
#2199 = VECTOR('',#2200,1.);
#2200 = DIRECTION('',(-1.,-5.605193857299E-45,6.982966722219E-15));
#2201 = ORIENTED_EDGE('',*,*,#2202,.F.);
#2202 = EDGE_CURVE('',#2164,#2195,#2203,.T.);
#2203 = LINE('',#2204,#2205);
#2204 = CARTESIAN_POINT('',(1.6,1.955,0.895));
#2205 = VECTOR('',#2206,1.);
#2206 = DIRECTION('',(-6.814985084195E-15,0.,-1.));
#2207 = ORIENTED_EDGE('',*,*,#2163,.T.);
#2208 = PLANE('',#2209);
#2209 = AXIS2_PLACEMENT_3D('',#2210,#2211,#2212);
#2210 = CARTESIAN_POINT('',(1.6,1.955,0.895));
#2211 = DIRECTION('',(-5.605193857299E-45,1.,3.819931253151E-59));
#2212 = DIRECTION('',(-1.,-5.605193857299E-45,0.));
#2213 = ADVANCED_FACE('',(#2214),#2239,.F.);
#2214 = FACE_BOUND('',#2215,.T.);
#2215 = EDGE_LOOP('',(#2216,#2224,#2232,#2238));
#2216 = ORIENTED_EDGE('',*,*,#2217,.T.);
#2217 = EDGE_CURVE('',#2187,#2218,#2220,.T.);
#2218 = VERTEX_POINT('',#2219);
#2219 = CARTESIAN_POINT('',(1.4,0.845,0.195));
#2220 = LINE('',#2221,#2222);
#2221 = CARTESIAN_POINT('',(1.4,0.845,0.195));
#2222 = VECTOR('',#2223,1.);
#2223 = DIRECTION('',(-0.,-1.,2.490734720575E-15));
#2224 = ORIENTED_EDGE('',*,*,#2225,.F.);
#2225 = EDGE_CURVE('',#2226,#2218,#2228,.T.);
#2226 = VERTEX_POINT('',#2227);
#2227 = CARTESIAN_POINT('',(1.6,0.845,0.195));
#2228 = LINE('',#2229,#2230);
#2229 = CARTESIAN_POINT('',(1.6,0.845,0.195));
#2230 = VECTOR('',#2231,1.);
#2231 = DIRECTION('',(-1.,-5.605193857299E-45,6.982966722219E-15));
#2232 = ORIENTED_EDGE('',*,*,#2233,.F.);
#2233 = EDGE_CURVE('',#2195,#2226,#2234,.T.);
#2234 = LINE('',#2235,#2236);
#2235 = CARTESIAN_POINT('',(1.6,0.845,0.195));
#2236 = VECTOR('',#2237,1.);
#2237 = DIRECTION('',(-0.,-1.,2.490734720575E-15));
#2238 = ORIENTED_EDGE('',*,*,#2194,.T.);
#2239 = PLANE('',#2240);
#2240 = AXIS2_PLACEMENT_3D('',#2241,#2242,#2243);
#2241 = CARTESIAN_POINT('',(1.6,0.845,0.195));
#2242 = DIRECTION('',(-6.982966722219E-15,-2.490734720575E-15,-1.));
#2243 = DIRECTION('',(-1.,0.,6.982966722219E-15));
#2244 = ADVANCED_FACE('',(#2245),#2272,.T.);
#2245 = FACE_BOUND('',#2246,.T.);
#2246 = EDGE_LOOP('',(#2247,#2256,#2264,#2271));
#2247 = ORIENTED_EDGE('',*,*,#2248,.T.);
#2248 = EDGE_CURVE('',#2218,#2249,#2251,.T.);
#2249 = VERTEX_POINT('',#2250);
#2250 = CARTESIAN_POINT('',(1.4,0.774289321881,0.165710678119));
#2251 = CIRCLE('',#2252,0.1);
#2252 = AXIS2_PLACEMENT_3D('',#2253,#2254,#2255);
#2253 = CARTESIAN_POINT('',(1.4,0.845,9.499999999999E-02));
#2254 = DIRECTION('',(1.,5.605193857299E-45,-6.982966722219E-15));
#2255 = DIRECTION('',(6.982966722219E-15,2.677902033388E-60,1.));
#2256 = ORIENTED_EDGE('',*,*,#2257,.F.);
#2257 = EDGE_CURVE('',#2258,#2249,#2260,.T.);
#2258 = VERTEX_POINT('',#2259);
#2259 = CARTESIAN_POINT('',(1.6,0.774289321881,0.165710678119));
#2260 = LINE('',#2261,#2262);
#2261 = CARTESIAN_POINT('',(1.6,0.774289321881,0.165710678119));
#2262 = VECTOR('',#2263,1.);
#2263 = DIRECTION('',(-1.,-5.605193857299E-45,6.982966722219E-15));
#2264 = ORIENTED_EDGE('',*,*,#2265,.F.);
#2265 = EDGE_CURVE('',#2226,#2258,#2266,.T.);
#2266 = CIRCLE('',#2267,0.1);
#2267 = AXIS2_PLACEMENT_3D('',#2268,#2269,#2270);
#2268 = CARTESIAN_POINT('',(1.6,0.845,9.499999999999E-02));
#2269 = DIRECTION('',(1.,5.605193857299E-45,-6.982966722219E-15));
#2270 = DIRECTION('',(6.982966722219E-15,2.677902033388E-60,1.));
#2271 = ORIENTED_EDGE('',*,*,#2225,.T.);
#2272 = CYLINDRICAL_SURFACE('',#2273,0.1);
#2273 = AXIS2_PLACEMENT_3D('',#2274,#2275,#2276);
#2274 = CARTESIAN_POINT('',(1.6,0.845,9.499999999999E-02));
#2275 = DIRECTION('',(-1.,-5.605193857299E-45,6.982966722219E-15));
#2276 = DIRECTION('',(6.982966722219E-15,2.677902033388E-60,1.));
#2277 = ADVANCED_FACE('',(#2278),#2303,.F.);
#2278 = FACE_BOUND('',#2279,.T.);
#2279 = EDGE_LOOP('',(#2280,#2288,#2296,#2302));
#2280 = ORIENTED_EDGE('',*,*,#2281,.T.);
#2281 = EDGE_CURVE('',#2249,#2282,#2284,.T.);
#2282 = VERTEX_POINT('',#2283);
#2283 = CARTESIAN_POINT('',(1.4,0.324289321881,-0.284289321881));
#2284 = LINE('',#2285,#2286);
#2285 = CARTESIAN_POINT('',(1.4,0.324289321881,-0.284289321881));
#2286 = VECTOR('',#2287,1.);
#2287 = DIRECTION('',(-5.451709925985E-15,-0.707106781187,
    -0.707106781187));
#2288 = ORIENTED_EDGE('',*,*,#2289,.F.);
#2289 = EDGE_CURVE('',#2290,#2282,#2292,.T.);
#2290 = VERTEX_POINT('',#2291);
#2291 = CARTESIAN_POINT('',(1.6,0.324289321881,-0.284289321881));
#2292 = LINE('',#2293,#2294);
#2293 = CARTESIAN_POINT('',(1.6,0.324289321881,-0.284289321881));
#2294 = VECTOR('',#2295,1.);
#2295 = DIRECTION('',(-1.,-5.605193857299E-45,6.982966722219E-15));
#2296 = ORIENTED_EDGE('',*,*,#2297,.F.);
#2297 = EDGE_CURVE('',#2258,#2290,#2298,.T.);
#2298 = LINE('',#2299,#2300);
#2299 = CARTESIAN_POINT('',(1.6,0.324289321881,-0.284289321881));
#2300 = VECTOR('',#2301,1.);
#2301 = DIRECTION('',(-5.451709925985E-15,-0.707106781187,
    -0.707106781187));
#2302 = ORIENTED_EDGE('',*,*,#2257,.T.);
#2303 = PLANE('',#2304);
#2304 = AXIS2_PLACEMENT_3D('',#2305,#2306,#2307);
#2305 = CARTESIAN_POINT('',(1.6,0.324289321881,-0.284289321881));
#2306 = DIRECTION('',(-4.937703122081E-15,0.707106781187,-0.707106781187
    ));
#2307 = DIRECTION('',(0.,0.707106781187,0.707106781187));
#2308 = ADVANCED_FACE('',(#2309),#2336,.T.);
#2309 = FACE_BOUND('',#2310,.T.);
#2310 = EDGE_LOOP('',(#2311,#2320,#2328,#2335));
#2311 = ORIENTED_EDGE('',*,*,#2312,.T.);
#2312 = EDGE_CURVE('',#2282,#2313,#2315,.T.);
#2313 = VERTEX_POINT('',#2314);
#2314 = CARTESIAN_POINT('',(1.4,0.295,-0.355));
#2315 = CIRCLE('',#2316,1.E-01);
#2316 = AXIS2_PLACEMENT_3D('',#2317,#2318,#2319);
#2317 = CARTESIAN_POINT('',(1.4,0.395,-0.355));
#2318 = DIRECTION('',(1.,5.605193857299E-45,-6.982966722219E-15));
#2319 = DIRECTION('',(6.982966722219E-15,2.677902033388E-60,1.));
#2320 = ORIENTED_EDGE('',*,*,#2321,.F.);
#2321 = EDGE_CURVE('',#2322,#2313,#2324,.T.);
#2322 = VERTEX_POINT('',#2323);
#2323 = CARTESIAN_POINT('',(1.6,0.295,-0.355));
#2324 = LINE('',#2325,#2326);
#2325 = CARTESIAN_POINT('',(1.6,0.295,-0.355));
#2326 = VECTOR('',#2327,1.);
#2327 = DIRECTION('',(-1.,-5.605193857299E-45,6.982966722219E-15));
#2328 = ORIENTED_EDGE('',*,*,#2329,.F.);
#2329 = EDGE_CURVE('',#2290,#2322,#2330,.T.);
#2330 = CIRCLE('',#2331,1.E-01);
#2331 = AXIS2_PLACEMENT_3D('',#2332,#2333,#2334);
#2332 = CARTESIAN_POINT('',(1.6,0.395,-0.355));
#2333 = DIRECTION('',(1.,5.605193857299E-45,-6.982966722219E-15));
#2334 = DIRECTION('',(6.982966722219E-15,2.677902033388E-60,1.));
#2335 = ORIENTED_EDGE('',*,*,#2289,.T.);
#2336 = CYLINDRICAL_SURFACE('',#2337,1.E-01);
#2337 = AXIS2_PLACEMENT_3D('',#2338,#2339,#2340);
#2338 = CARTESIAN_POINT('',(1.6,0.395,-0.355));
#2339 = DIRECTION('',(-1.,-5.605193857299E-45,6.982966722219E-15));
#2340 = DIRECTION('',(6.982966722219E-15,2.677902033388E-60,1.));
#2341 = ADVANCED_FACE('',(#2342),#2367,.F.);
#2342 = FACE_BOUND('',#2343,.T.);
#2343 = EDGE_LOOP('',(#2344,#2352,#2360,#2366));
#2344 = ORIENTED_EDGE('',*,*,#2345,.T.);
#2345 = EDGE_CURVE('',#2313,#2346,#2348,.T.);
#2346 = VERTEX_POINT('',#2347);
#2347 = CARTESIAN_POINT('',(1.4,0.295,-0.955));
#2348 = LINE('',#2349,#2350);
#2349 = CARTESIAN_POINT('',(1.4,0.295,-0.355));
#2350 = VECTOR('',#2351,1.);
#2351 = DIRECTION('',(-6.505213034913E-15,9.035018104046E-17,-1.));
#2352 = ORIENTED_EDGE('',*,*,#2353,.F.);
#2353 = EDGE_CURVE('',#2354,#2346,#2356,.T.);
#2354 = VERTEX_POINT('',#2355);
#2355 = CARTESIAN_POINT('',(1.6,0.295,-0.955));
#2356 = LINE('',#2357,#2358);
#2357 = CARTESIAN_POINT('',(1.6,0.295,-0.955));
#2358 = VECTOR('',#2359,1.);
#2359 = DIRECTION('',(-1.,-5.605193857299E-45,6.982966722219E-15));
#2360 = ORIENTED_EDGE('',*,*,#2361,.F.);
#2361 = EDGE_CURVE('',#2322,#2354,#2362,.T.);
#2362 = LINE('',#2363,#2364);
#2363 = CARTESIAN_POINT('',(1.6,0.295,-0.355));
#2364 = VECTOR('',#2365,1.);
#2365 = DIRECTION('',(-6.505213034913E-15,9.035018104046E-17,-1.));
#2366 = ORIENTED_EDGE('',*,*,#2321,.T.);
#2367 = PLANE('',#2368);
#2368 = AXIS2_PLACEMENT_3D('',#2369,#2370,#2371);
#2369 = CARTESIAN_POINT('',(1.6,0.295,-0.355));
#2370 = DIRECTION('',(6.30912307552E-31,1.,9.035018104046E-17));
#2371 = DIRECTION('',(0.,-9.035018104046E-17,1.));
#2372 = ADVANCED_FACE('',(#2373),#2400,.T.);
#2373 = FACE_BOUND('',#2374,.T.);
#2374 = EDGE_LOOP('',(#2375,#2384,#2392,#2399));
#2375 = ORIENTED_EDGE('',*,*,#2376,.T.);
#2376 = EDGE_CURVE('',#2346,#2377,#2379,.T.);
#2377 = VERTEX_POINT('',#2378);
#2378 = CARTESIAN_POINT('',(1.4,0.495,-0.955));
#2379 = CIRCLE('',#2380,0.1);
#2380 = AXIS2_PLACEMENT_3D('',#2381,#2382,#2383);
#2381 = CARTESIAN_POINT('',(1.4,0.395,-0.955));
#2382 = DIRECTION('',(1.,5.605193857299E-45,-6.982966722219E-15));
#2383 = DIRECTION('',(-6.982966722219E-15,-2.677902033389E-60,-1.));
#2384 = ORIENTED_EDGE('',*,*,#2385,.F.);
#2385 = EDGE_CURVE('',#2386,#2377,#2388,.T.);
#2386 = VERTEX_POINT('',#2387);
#2387 = CARTESIAN_POINT('',(1.6,0.495,-0.955));
#2388 = LINE('',#2389,#2390);
#2389 = CARTESIAN_POINT('',(1.6,0.495,-0.955));
#2390 = VECTOR('',#2391,1.);
#2391 = DIRECTION('',(-1.,-5.605193857299E-45,6.982966722219E-15));
#2392 = ORIENTED_EDGE('',*,*,#2393,.F.);
#2393 = EDGE_CURVE('',#2354,#2386,#2394,.T.);
#2394 = CIRCLE('',#2395,0.1);
#2395 = AXIS2_PLACEMENT_3D('',#2396,#2397,#2398);
#2396 = CARTESIAN_POINT('',(1.6,0.395,-0.955));
#2397 = DIRECTION('',(1.,5.605193857299E-45,-6.982966722219E-15));
#2398 = DIRECTION('',(-6.982966722219E-15,-2.677902033388E-60,-1.));
#2399 = ORIENTED_EDGE('',*,*,#2353,.T.);
#2400 = CYLINDRICAL_SURFACE('',#2401,0.1);
#2401 = AXIS2_PLACEMENT_3D('',#2402,#2403,#2404);
#2402 = CARTESIAN_POINT('',(1.6,0.395,-0.955));
#2403 = DIRECTION('',(-1.,-5.605193857299E-45,6.982966722219E-15));
#2404 = DIRECTION('',(6.982966722219E-15,2.677902033388E-60,1.));
#2405 = ADVANCED_FACE('',(#2406),#2431,.F.);
#2406 = FACE_BOUND('',#2407,.T.);
#2407 = EDGE_LOOP('',(#2408,#2416,#2424,#2430));
#2408 = ORIENTED_EDGE('',*,*,#2409,.T.);
#2409 = EDGE_CURVE('',#2377,#2410,#2412,.T.);
#2410 = VERTEX_POINT('',#2411);
#2411 = CARTESIAN_POINT('',(1.4,0.495,-0.575952050175));
#2412 = LINE('',#2413,#2414);
#2413 = CARTESIAN_POINT('',(1.4,0.495,-0.955));
#2414 = VECTOR('',#2415,1.);
#2415 = DIRECTION('',(6.864791684448E-15,0.,1.));
#2416 = ORIENTED_EDGE('',*,*,#2417,.F.);
#2417 = EDGE_CURVE('',#2418,#2410,#2420,.T.);
#2418 = VERTEX_POINT('',#2419);
#2419 = CARTESIAN_POINT('',(1.6,0.495,-0.575952050175));
#2420 = LINE('',#2421,#2422);
#2421 = CARTESIAN_POINT('',(1.6,0.495,-0.575952050175));
#2422 = VECTOR('',#2423,1.);
#2423 = DIRECTION('',(-1.,-5.605193857299E-45,6.982966722219E-15));
#2424 = ORIENTED_EDGE('',*,*,#2425,.F.);
#2425 = EDGE_CURVE('',#2386,#2418,#2426,.T.);
#2426 = LINE('',#2427,#2428);
#2427 = CARTESIAN_POINT('',(1.6,0.495,-0.955));
#2428 = VECTOR('',#2429,1.);
#2429 = DIRECTION('',(6.864791684448E-15,0.,1.));
#2430 = ORIENTED_EDGE('',*,*,#2385,.T.);
#2431 = PLANE('',#2432);
#2432 = AXIS2_PLACEMENT_3D('',#2433,#2434,#2435);
#2433 = CARTESIAN_POINT('',(1.6,0.495,-0.955));
#2434 = DIRECTION('',(5.605193857299E-45,-1.,-3.847848818131E-59));
#2435 = DIRECTION('',(1.,5.605193857299E-45,0.));
#2436 = ADVANCED_FACE('',(#2437),#2462,.F.);
#2437 = FACE_BOUND('',#2438,.T.);
#2438 = EDGE_LOOP('',(#2439,#2447,#2455,#2461));
#2439 = ORIENTED_EDGE('',*,*,#2440,.T.);
#2440 = EDGE_CURVE('',#2410,#2441,#2443,.T.);
#2441 = VERTEX_POINT('',#2442);
#2442 = CARTESIAN_POINT('',(1.4,0.886662728294,-0.184289321881));
#2443 = LINE('',#2444,#2445);
#2444 = CARTESIAN_POINT('',(1.4,0.495,-0.575952050175));
#2445 = VECTOR('',#2446,1.);
#2446 = DIRECTION('',(4.69779728093E-15,0.707106781187,0.707106781187));
#2447 = ORIENTED_EDGE('',*,*,#2448,.F.);
#2448 = EDGE_CURVE('',#2449,#2441,#2451,.T.);
#2449 = VERTEX_POINT('',#2450);
#2450 = CARTESIAN_POINT('',(1.6,0.886662728294,-0.184289321881));
#2451 = LINE('',#2452,#2453);
#2452 = CARTESIAN_POINT('',(1.6,0.886662728294,-0.184289321881));
#2453 = VECTOR('',#2454,1.);
#2454 = DIRECTION('',(-1.,-5.605193857299E-45,6.982966722219E-15));
#2455 = ORIENTED_EDGE('',*,*,#2456,.F.);
#2456 = EDGE_CURVE('',#2418,#2449,#2457,.T.);
#2457 = LINE('',#2458,#2459);
#2458 = CARTESIAN_POINT('',(1.6,0.495,-0.575952050175));
#2459 = VECTOR('',#2460,1.);
#2460 = DIRECTION('',(4.69779728093E-15,0.707106781187,0.707106781187));
#2461 = ORIENTED_EDGE('',*,*,#2417,.T.);
#2462 = PLANE('',#2463);
#2463 = AXIS2_PLACEMENT_3D('',#2464,#2465,#2466);
#2464 = CARTESIAN_POINT('',(1.6,0.495,-0.575952050175));
#2465 = DIRECTION('',(4.937703122081E-15,-0.707106781187,0.707106781187)
  );
#2466 = DIRECTION('',(0.,-0.707106781187,-0.707106781187));
#2467 = ADVANCED_FACE('',(#2468),#2495,.F.);
#2468 = FACE_BOUND('',#2469,.F.);
#2469 = EDGE_LOOP('',(#2470,#2471,#2480,#2488));
#2470 = ORIENTED_EDGE('',*,*,#2448,.F.);
#2471 = ORIENTED_EDGE('',*,*,#2472,.T.);
#2472 = EDGE_CURVE('',#2449,#2473,#2475,.T.);
#2473 = VERTEX_POINT('',#2474);
#2474 = CARTESIAN_POINT('',(1.6,0.957373406412,-0.155));
#2475 = CIRCLE('',#2476,0.1);
#2476 = AXIS2_PLACEMENT_3D('',#2477,#2478,#2479);
#2477 = CARTESIAN_POINT('',(1.6,0.957373406412,-0.255));
#2478 = DIRECTION('',(-1.,-5.605193857299E-45,6.982966722219E-15));
#2479 = DIRECTION('',(6.982966722219E-15,2.677902033388E-60,1.));
#2480 = ORIENTED_EDGE('',*,*,#2481,.T.);
#2481 = EDGE_CURVE('',#2473,#2482,#2484,.T.);
#2482 = VERTEX_POINT('',#2483);
#2483 = CARTESIAN_POINT('',(1.4,0.957373406412,-0.155));
#2484 = LINE('',#2485,#2486);
#2485 = CARTESIAN_POINT('',(1.6,0.957373406412,-0.155));
#2486 = VECTOR('',#2487,1.);
#2487 = DIRECTION('',(-1.,-5.605193857299E-45,6.982966722219E-15));
#2488 = ORIENTED_EDGE('',*,*,#2489,.F.);
#2489 = EDGE_CURVE('',#2441,#2482,#2490,.T.);
#2490 = CIRCLE('',#2491,0.1);
#2491 = AXIS2_PLACEMENT_3D('',#2492,#2493,#2494);
#2492 = CARTESIAN_POINT('',(1.4,0.957373406412,-0.255));
#2493 = DIRECTION('',(-1.,-5.605193857299E-45,6.982966722219E-15));
#2494 = DIRECTION('',(6.982966722219E-15,2.677902033388E-60,1.));
#2495 = CYLINDRICAL_SURFACE('',#2496,0.1);
#2496 = AXIS2_PLACEMENT_3D('',#2497,#2498,#2499);
#2497 = CARTESIAN_POINT('',(1.6,0.957373406412,-0.255));
#2498 = DIRECTION('',(-1.,-5.605193857299E-45,6.982966722219E-15));
#2499 = DIRECTION('',(6.982966722219E-15,2.677902033388E-60,1.));
#2500 = ADVANCED_FACE('',(#2501),#2526,.F.);
#2501 = FACE_BOUND('',#2502,.T.);
#2502 = EDGE_LOOP('',(#2503,#2511,#2519,#2525));
#2503 = ORIENTED_EDGE('',*,*,#2504,.T.);
#2504 = EDGE_CURVE('',#2482,#2505,#2507,.T.);
#2505 = VERTEX_POINT('',#2506);
#2506 = CARTESIAN_POINT('',(1.4,2.655,-0.155));
#2507 = LINE('',#2508,#2509);
#2508 = CARTESIAN_POINT('',(1.4,0.957373406412,-0.155));
#2509 = VECTOR('',#2510,1.);
#2510 = DIRECTION('',(0.,1.,1.59664406852E-17));
#2511 = ORIENTED_EDGE('',*,*,#2512,.F.);
#2512 = EDGE_CURVE('',#2513,#2505,#2515,.T.);
#2513 = VERTEX_POINT('',#2514);
#2514 = CARTESIAN_POINT('',(1.6,2.655,-0.155));
#2515 = LINE('',#2516,#2517);
#2516 = CARTESIAN_POINT('',(1.6,2.655,-0.155));
#2517 = VECTOR('',#2518,1.);
#2518 = DIRECTION('',(-1.,-5.605193857299E-45,6.982966722219E-15));
#2519 = ORIENTED_EDGE('',*,*,#2520,.F.);
#2520 = EDGE_CURVE('',#2473,#2513,#2521,.T.);
#2521 = LINE('',#2522,#2523);
#2522 = CARTESIAN_POINT('',(1.6,0.957373406412,-0.155));
#2523 = VECTOR('',#2524,1.);
#2524 = DIRECTION('',(0.,1.,1.59664406852E-17));
#2525 = ORIENTED_EDGE('',*,*,#2481,.T.);
#2526 = PLANE('',#2527);
#2527 = AXIS2_PLACEMENT_3D('',#2528,#2529,#2530);
#2528 = CARTESIAN_POINT('',(1.6,0.957373406412,-0.155));
#2529 = DIRECTION('',(6.982966722219E-15,-1.59664406852E-17,1.));
#2530 = DIRECTION('',(1.,0.,-6.982966722219E-15));
#2531 = ADVANCED_FACE('',(#2532),#2559,.T.);
#2532 = FACE_BOUND('',#2533,.T.);
#2533 = EDGE_LOOP('',(#2534,#2543,#2551,#2558));
#2534 = ORIENTED_EDGE('',*,*,#2535,.T.);
#2535 = EDGE_CURVE('',#2505,#2536,#2538,.T.);
#2536 = VERTEX_POINT('',#2537);
#2537 = CARTESIAN_POINT('',(1.4,2.755,-5.500000000001E-02));
#2538 = CIRCLE('',#2539,1.E-01);
#2539 = AXIS2_PLACEMENT_3D('',#2540,#2541,#2542);
#2540 = CARTESIAN_POINT('',(1.4,2.655,-5.500000000001E-02));
#2541 = DIRECTION('',(1.,5.605193857299E-45,-6.982966722219E-15));
#2542 = DIRECTION('',(-6.982966722219E-15,-2.677902033388E-60,-1.));
#2543 = ORIENTED_EDGE('',*,*,#2544,.F.);
#2544 = EDGE_CURVE('',#2545,#2536,#2547,.T.);
#2545 = VERTEX_POINT('',#2546);
#2546 = CARTESIAN_POINT('',(1.6,2.755,-5.500000000002E-02));
#2547 = LINE('',#2548,#2549);
#2548 = CARTESIAN_POINT('',(1.6,2.755,-5.500000000002E-02));
#2549 = VECTOR('',#2550,1.);
#2550 = DIRECTION('',(-1.,-5.605193857299E-45,6.982966722219E-15));
#2551 = ORIENTED_EDGE('',*,*,#2552,.F.);
#2552 = EDGE_CURVE('',#2513,#2545,#2553,.T.);
#2553 = CIRCLE('',#2554,1.E-01);
#2554 = AXIS2_PLACEMENT_3D('',#2555,#2556,#2557);
#2555 = CARTESIAN_POINT('',(1.6,2.655,-5.500000000002E-02));
#2556 = DIRECTION('',(1.,5.605193857299E-45,-6.982966722219E-15));
#2557 = DIRECTION('',(-6.982966722219E-15,-2.677902033388E-60,-1.));
#2558 = ORIENTED_EDGE('',*,*,#2512,.T.);
#2559 = CYLINDRICAL_SURFACE('',#2560,1.E-01);
#2560 = AXIS2_PLACEMENT_3D('',#2561,#2562,#2563);
#2561 = CARTESIAN_POINT('',(1.6,2.655,-5.500000000002E-02));
#2562 = DIRECTION('',(-1.,-5.605193857299E-45,6.982966722219E-15));
#2563 = DIRECTION('',(6.982966722219E-15,2.677902033388E-60,1.));
#2564 = ADVANCED_FACE('',(#2565),#2590,.F.);
#2565 = FACE_BOUND('',#2566,.T.);
#2566 = EDGE_LOOP('',(#2567,#2575,#2583,#2589));
#2567 = ORIENTED_EDGE('',*,*,#2568,.T.);
#2568 = EDGE_CURVE('',#2536,#2569,#2571,.T.);
#2569 = VERTEX_POINT('',#2570);
#2570 = CARTESIAN_POINT('',(1.4,2.755,9.499999999999E-02));
#2571 = LINE('',#2572,#2573);
#2572 = CARTESIAN_POINT('',(1.4,2.755,-5.500000000001E-02));
#2573 = VECTOR('',#2574,1.);
#2574 = DIRECTION('',(8.673617379884E-15,0.,1.));
#2575 = ORIENTED_EDGE('',*,*,#2576,.F.);
#2576 = EDGE_CURVE('',#2577,#2569,#2579,.T.);
#2577 = VERTEX_POINT('',#2578);
#2578 = CARTESIAN_POINT('',(1.6,2.755,9.499999999999E-02));
#2579 = LINE('',#2580,#2581);
#2580 = CARTESIAN_POINT('',(1.6,2.755,9.499999999999E-02));
#2581 = VECTOR('',#2582,1.);
#2582 = DIRECTION('',(-1.,-5.605193857299E-45,6.982966722219E-15));
#2583 = ORIENTED_EDGE('',*,*,#2584,.F.);
#2584 = EDGE_CURVE('',#2545,#2577,#2585,.T.);
#2585 = LINE('',#2586,#2587);
#2586 = CARTESIAN_POINT('',(1.6,2.755,-5.500000000002E-02));
#2587 = VECTOR('',#2588,1.);
#2588 = DIRECTION('',(8.673617379884E-15,0.,1.));
#2589 = ORIENTED_EDGE('',*,*,#2544,.T.);
#2590 = PLANE('',#2591);
#2591 = AXIS2_PLACEMENT_3D('',#2592,#2593,#2594);
#2592 = CARTESIAN_POINT('',(1.6,2.755,-5.500000000002E-02));
#2593 = DIRECTION('',(5.605193857299E-45,-1.,-4.861730685829E-59));
#2594 = DIRECTION('',(1.,5.605193857299E-45,0.));
#2595 = ADVANCED_FACE('',(#2596),#2623,.T.);
#2596 = FACE_BOUND('',#2597,.T.);
#2597 = EDGE_LOOP('',(#2598,#2607,#2615,#2622));
#2598 = ORIENTED_EDGE('',*,*,#2599,.T.);
#2599 = EDGE_CURVE('',#2569,#2600,#2602,.T.);
#2600 = VERTEX_POINT('',#2601);
#2601 = CARTESIAN_POINT('',(1.4,2.655,0.195));
#2602 = CIRCLE('',#2603,1.E-01);
#2603 = AXIS2_PLACEMENT_3D('',#2604,#2605,#2606);
#2604 = CARTESIAN_POINT('',(1.4,2.655,9.499999999999E-02));
#2605 = DIRECTION('',(1.,5.605193857299E-45,-6.982966722219E-15));
#2606 = DIRECTION('',(-6.982966722219E-15,-2.677902033388E-60,-1.));
#2607 = ORIENTED_EDGE('',*,*,#2608,.F.);
#2608 = EDGE_CURVE('',#2609,#2600,#2611,.T.);
#2609 = VERTEX_POINT('',#2610);
#2610 = CARTESIAN_POINT('',(1.6,2.655,0.195));
#2611 = LINE('',#2612,#2613);
#2612 = CARTESIAN_POINT('',(1.6,2.655,0.195));
#2613 = VECTOR('',#2614,1.);
#2614 = DIRECTION('',(-1.,-5.605193857299E-45,6.982966722219E-15));
#2615 = ORIENTED_EDGE('',*,*,#2616,.F.);
#2616 = EDGE_CURVE('',#2577,#2609,#2617,.T.);
#2617 = CIRCLE('',#2618,1.E-01);
#2618 = AXIS2_PLACEMENT_3D('',#2619,#2620,#2621);
#2619 = CARTESIAN_POINT('',(1.6,2.655,9.499999999999E-02));
#2620 = DIRECTION('',(1.,5.605193857299E-45,-6.982966722219E-15));
#2621 = DIRECTION('',(-6.982966722219E-15,-2.677902033388E-60,-1.));
#2622 = ORIENTED_EDGE('',*,*,#2576,.T.);
#2623 = CYLINDRICAL_SURFACE('',#2624,1.E-01);
#2624 = AXIS2_PLACEMENT_3D('',#2625,#2626,#2627);
#2625 = CARTESIAN_POINT('',(1.6,2.655,9.499999999999E-02));
#2626 = DIRECTION('',(-1.,-5.605193857299E-45,6.982966722219E-15));
#2627 = DIRECTION('',(6.982966722219E-15,2.677902033388E-60,1.));
#2628 = ADVANCED_FACE('',(#2629),#2645,.F.);
#2629 = FACE_BOUND('',#2630,.T.);
#2630 = EDGE_LOOP('',(#2631,#2637,#2638,#2644));
#2631 = ORIENTED_EDGE('',*,*,#2632,.T.);
#2632 = EDGE_CURVE('',#2600,#2085,#2633,.T.);
#2633 = LINE('',#2634,#2635);
#2634 = CARTESIAN_POINT('',(1.4,2.655,0.195));
#2635 = VECTOR('',#2636,1.);
#2636 = DIRECTION('',(0.,-1.,-4.435372523804E-15));
#2637 = ORIENTED_EDGE('',*,*,#2110,.F.);
#2638 = ORIENTED_EDGE('',*,*,#2639,.F.);
#2639 = EDGE_CURVE('',#2609,#2103,#2640,.T.);
#2640 = LINE('',#2641,#2642);
#2641 = CARTESIAN_POINT('',(1.6,2.655,0.195));
#2642 = VECTOR('',#2643,1.);
#2643 = DIRECTION('',(0.,-1.,-4.435372523804E-15));
#2644 = ORIENTED_EDGE('',*,*,#2608,.T.);
#2645 = PLANE('',#2646);
#2646 = AXIS2_PLACEMENT_3D('',#2647,#2648,#2649);
#2647 = CARTESIAN_POINT('',(1.6,2.655,0.195));
#2648 = DIRECTION('',(-6.982966722219E-15,4.435372523804E-15,-1.));
#2649 = DIRECTION('',(-1.,0.,6.982966722219E-15));
#2650 = ADVANCED_FACE('',(#2651),#2671,.F.);
#2651 = FACE_BOUND('',#2652,.T.);
#2652 = EDGE_LOOP('',(#2653,#2654,#2655,#2656,#2657,#2658,#2659,#2660,
    #2661,#2662,#2663,#2664,#2665,#2666,#2667,#2668,#2669,#2670));
#2653 = ORIENTED_EDGE('',*,*,#2102,.T.);
#2654 = ORIENTED_EDGE('',*,*,#2140,.T.);
#2655 = ORIENTED_EDGE('',*,*,#2171,.T.);
#2656 = ORIENTED_EDGE('',*,*,#2202,.T.);
#2657 = ORIENTED_EDGE('',*,*,#2233,.T.);
#2658 = ORIENTED_EDGE('',*,*,#2265,.T.);
#2659 = ORIENTED_EDGE('',*,*,#2297,.T.);
#2660 = ORIENTED_EDGE('',*,*,#2329,.T.);
#2661 = ORIENTED_EDGE('',*,*,#2361,.T.);
#2662 = ORIENTED_EDGE('',*,*,#2393,.T.);
#2663 = ORIENTED_EDGE('',*,*,#2425,.T.);
#2664 = ORIENTED_EDGE('',*,*,#2456,.T.);
#2665 = ORIENTED_EDGE('',*,*,#2472,.T.);
#2666 = ORIENTED_EDGE('',*,*,#2520,.T.);
#2667 = ORIENTED_EDGE('',*,*,#2552,.T.);
#2668 = ORIENTED_EDGE('',*,*,#2584,.T.);
#2669 = ORIENTED_EDGE('',*,*,#2616,.T.);
#2670 = ORIENTED_EDGE('',*,*,#2639,.T.);
#2671 = PLANE('',#2672);
#2672 = AXIS2_PLACEMENT_3D('',#2673,#2674,#2675);
#2673 = CARTESIAN_POINT('',(1.6,0.845,9.499999999999E-02));
#2674 = DIRECTION('',(-1.,-5.605193857299E-45,6.982966722219E-15));
#2675 = DIRECTION('',(6.982966722219E-15,0.,1.));
#2676 = ADVANCED_FACE('',(#2677),#2697,.T.);
#2677 = FACE_BOUND('',#2678,.T.);
#2678 = EDGE_LOOP('',(#2679,#2680,#2681,#2682,#2683,#2684,#2685,#2686,
    #2687,#2688,#2689,#2690,#2691,#2692,#2693,#2694,#2695,#2696));
#2679 = ORIENTED_EDGE('',*,*,#2084,.F.);
#2680 = ORIENTED_EDGE('',*,*,#2632,.F.);
#2681 = ORIENTED_EDGE('',*,*,#2599,.F.);
#2682 = ORIENTED_EDGE('',*,*,#2568,.F.);
#2683 = ORIENTED_EDGE('',*,*,#2535,.F.);
#2684 = ORIENTED_EDGE('',*,*,#2504,.F.);
#2685 = ORIENTED_EDGE('',*,*,#2489,.F.);
#2686 = ORIENTED_EDGE('',*,*,#2440,.F.);
#2687 = ORIENTED_EDGE('',*,*,#2409,.F.);
#2688 = ORIENTED_EDGE('',*,*,#2376,.F.);
#2689 = ORIENTED_EDGE('',*,*,#2345,.F.);
#2690 = ORIENTED_EDGE('',*,*,#2312,.F.);
#2691 = ORIENTED_EDGE('',*,*,#2281,.F.);
#2692 = ORIENTED_EDGE('',*,*,#2248,.F.);
#2693 = ORIENTED_EDGE('',*,*,#2217,.F.);
#2694 = ORIENTED_EDGE('',*,*,#2186,.F.);
#2695 = ORIENTED_EDGE('',*,*,#2155,.F.);
#2696 = ORIENTED_EDGE('',*,*,#2124,.F.);
#2697 = PLANE('',#2698);
#2698 = AXIS2_PLACEMENT_3D('',#2699,#2700,#2701);
#2699 = CARTESIAN_POINT('',(1.4,0.845,9.499999999999E-02));
#2700 = DIRECTION('',(-1.,-5.605193857299E-45,6.982966722219E-15));
#2701 = DIRECTION('',(6.982966722219E-15,0.,1.));
#2702 = MANIFOLD_SOLID_BREP('',#2703);
#2703 = CLOSED_SHELL('',(#2704,#2744,#2775,#2806,#2837,#2868,#2901,#2932
    ,#2965,#2998,#3029,#3062,#3095,#3126,#3159,#3190,#3221,#3252,#3285,
    #3316,#3349,#3380,#3411,#3433,#3464));
#2704 = ADVANCED_FACE('',(#2705),#2739,.F.);
#2705 = FACE_BOUND('',#2706,.T.);
#2706 = EDGE_LOOP('',(#2707,#2717,#2725,#2733));
#2707 = ORIENTED_EDGE('',*,*,#2708,.T.);
#2708 = EDGE_CURVE('',#2709,#2711,#2713,.T.);
#2709 = VERTEX_POINT('',#2710);
#2710 = CARTESIAN_POINT('',(2.5,0.905,3.395));
#2711 = VERTEX_POINT('',#2712);
#2712 = CARTESIAN_POINT('',(2.5,1.555,3.395));
#2713 = LINE('',#2714,#2715);
#2714 = CARTESIAN_POINT('',(2.5,0.905,3.395));
#2715 = VECTOR('',#2716,1.);
#2716 = DIRECTION('',(0.,1.,2.668805347657E-15));
#2717 = ORIENTED_EDGE('',*,*,#2718,.F.);
#2718 = EDGE_CURVE('',#2719,#2711,#2721,.T.);
#2719 = VERTEX_POINT('',#2720);
#2720 = CARTESIAN_POINT('',(2.7,1.555,3.395));
#2721 = LINE('',#2722,#2723);
#2722 = CARTESIAN_POINT('',(2.7,1.555,3.395));
#2723 = VECTOR('',#2724,1.);
#2724 = DIRECTION('',(-1.,-0.,6.938893903907E-15));
#2725 = ORIENTED_EDGE('',*,*,#2726,.F.);
#2726 = EDGE_CURVE('',#2727,#2719,#2729,.T.);
#2727 = VERTEX_POINT('',#2728);
#2728 = CARTESIAN_POINT('',(2.7,0.905,3.395));
#2729 = LINE('',#2730,#2731);
#2730 = CARTESIAN_POINT('',(2.7,0.905,3.395));
#2731 = VECTOR('',#2732,1.);
#2732 = DIRECTION('',(0.,1.,2.668805347657E-15));
#2733 = ORIENTED_EDGE('',*,*,#2734,.T.);
#2734 = EDGE_CURVE('',#2727,#2709,#2735,.T.);
#2735 = LINE('',#2736,#2737);
#2736 = CARTESIAN_POINT('',(2.7,0.905,3.395));
#2737 = VECTOR('',#2738,1.);
#2738 = DIRECTION('',(-1.,-0.,6.938893903907E-15));
#2739 = PLANE('',#2740);
#2740 = AXIS2_PLACEMENT_3D('',#2741,#2742,#2743);
#2741 = CARTESIAN_POINT('',(2.7,0.905,3.395));
#2742 = DIRECTION('',(6.938893903907E-15,-2.668805347657E-15,1.));
#2743 = DIRECTION('',(1.,0.,-6.938893903907E-15));
#2744 = ADVANCED_FACE('',(#2745),#2770,.F.);
#2745 = FACE_BOUND('',#2746,.T.);
#2746 = EDGE_LOOP('',(#2747,#2755,#2763,#2769));
#2747 = ORIENTED_EDGE('',*,*,#2748,.T.);
#2748 = EDGE_CURVE('',#2711,#2749,#2751,.T.);
#2749 = VERTEX_POINT('',#2750);
#2750 = CARTESIAN_POINT('',(2.5,1.555,3.795));
#2751 = LINE('',#2752,#2753);
#2752 = CARTESIAN_POINT('',(2.5,1.555,3.395));
#2753 = VECTOR('',#2754,1.);
#2754 = DIRECTION('',(7.589415207398E-15,0.,1.));
#2755 = ORIENTED_EDGE('',*,*,#2756,.F.);
#2756 = EDGE_CURVE('',#2757,#2749,#2759,.T.);
#2757 = VERTEX_POINT('',#2758);
#2758 = CARTESIAN_POINT('',(2.7,1.555,3.795));
#2759 = LINE('',#2760,#2761);
#2760 = CARTESIAN_POINT('',(2.7,1.555,3.795));
#2761 = VECTOR('',#2762,1.);
#2762 = DIRECTION('',(-1.,-0.,6.938893903907E-15));
#2763 = ORIENTED_EDGE('',*,*,#2764,.F.);
#2764 = EDGE_CURVE('',#2719,#2757,#2765,.T.);
#2765 = LINE('',#2766,#2767);
#2766 = CARTESIAN_POINT('',(2.7,1.555,3.395));
#2767 = VECTOR('',#2768,1.);
#2768 = DIRECTION('',(7.589415207398E-15,0.,1.));
#2769 = ORIENTED_EDGE('',*,*,#2718,.T.);
#2770 = PLANE('',#2771);
#2771 = AXIS2_PLACEMENT_3D('',#2772,#2773,#2774);
#2772 = CARTESIAN_POINT('',(2.7,1.555,3.395));
#2773 = DIRECTION('',(0.,-1.,0.));
#2774 = DIRECTION('',(0.,-0.,-1.));
#2775 = ADVANCED_FACE('',(#2776),#2801,.F.);
#2776 = FACE_BOUND('',#2777,.T.);
#2777 = EDGE_LOOP('',(#2778,#2786,#2794,#2800));
#2778 = ORIENTED_EDGE('',*,*,#2779,.T.);
#2779 = EDGE_CURVE('',#2749,#2780,#2782,.T.);
#2780 = VERTEX_POINT('',#2781);
#2781 = CARTESIAN_POINT('',(2.5,1.455,3.895));
#2782 = LINE('',#2783,#2784);
#2783 = CARTESIAN_POINT('',(2.5,1.555,3.795));
#2784 = VECTOR('',#2785,1.);
#2785 = DIRECTION('',(3.066586833367E-15,-0.707106781187,0.707106781187)
  );
#2786 = ORIENTED_EDGE('',*,*,#2787,.F.);
#2787 = EDGE_CURVE('',#2788,#2780,#2790,.T.);
#2788 = VERTEX_POINT('',#2789);
#2789 = CARTESIAN_POINT('',(2.7,1.455,3.895));
#2790 = LINE('',#2791,#2792);
#2791 = CARTESIAN_POINT('',(2.7,1.455,3.895));
#2792 = VECTOR('',#2793,1.);
#2793 = DIRECTION('',(-1.,-0.,6.938893903907E-15));
#2794 = ORIENTED_EDGE('',*,*,#2795,.F.);
#2795 = EDGE_CURVE('',#2757,#2788,#2796,.T.);
#2796 = LINE('',#2797,#2798);
#2797 = CARTESIAN_POINT('',(2.7,1.555,3.795));
#2798 = VECTOR('',#2799,1.);
#2799 = DIRECTION('',(3.066586833367E-15,-0.707106781187,0.707106781187)
  );
#2800 = ORIENTED_EDGE('',*,*,#2756,.T.);
#2801 = PLANE('',#2802);
#2802 = AXIS2_PLACEMENT_3D('',#2803,#2804,#2805);
#2803 = CARTESIAN_POINT('',(2.7,1.555,3.795));
#2804 = DIRECTION('',(-4.906538933387E-15,-0.707106781187,
    -0.707106781187));
#2805 = DIRECTION('',(0.,0.707106781187,-0.707106781187));
#2806 = ADVANCED_FACE('',(#2807),#2832,.F.);
#2807 = FACE_BOUND('',#2808,.T.);
#2808 = EDGE_LOOP('',(#2809,#2817,#2825,#2831));
#2809 = ORIENTED_EDGE('',*,*,#2810,.T.);
#2810 = EDGE_CURVE('',#2780,#2811,#2813,.T.);
#2811 = VERTEX_POINT('',#2812);
#2812 = CARTESIAN_POINT('',(2.5,1.305,3.895));
#2813 = LINE('',#2814,#2815);
#2814 = CARTESIAN_POINT('',(2.5,1.455,3.895));
#2815 = VECTOR('',#2816,1.);
#2816 = DIRECTION('',(0.,-1.,0.));
#2817 = ORIENTED_EDGE('',*,*,#2818,.F.);
#2818 = EDGE_CURVE('',#2819,#2811,#2821,.T.);
#2819 = VERTEX_POINT('',#2820);
#2820 = CARTESIAN_POINT('',(2.7,1.305,3.895));
#2821 = LINE('',#2822,#2823);
#2822 = CARTESIAN_POINT('',(2.7,1.305,3.895));
#2823 = VECTOR('',#2824,1.);
#2824 = DIRECTION('',(-1.,-0.,6.938893903907E-15));
#2825 = ORIENTED_EDGE('',*,*,#2826,.F.);
#2826 = EDGE_CURVE('',#2788,#2819,#2827,.T.);
#2827 = LINE('',#2828,#2829);
#2828 = CARTESIAN_POINT('',(2.7,1.455,3.895));
#2829 = VECTOR('',#2830,1.);
#2830 = DIRECTION('',(0.,-1.,0.));
#2831 = ORIENTED_EDGE('',*,*,#2787,.T.);
#2832 = PLANE('',#2833);
#2833 = AXIS2_PLACEMENT_3D('',#2834,#2835,#2836);
#2834 = CARTESIAN_POINT('',(2.7,1.455,3.895));
#2835 = DIRECTION('',(-6.938893903907E-15,0.,-1.));
#2836 = DIRECTION('',(-1.,0.,6.938893903907E-15));
#2837 = ADVANCED_FACE('',(#2838),#2863,.F.);
#2838 = FACE_BOUND('',#2839,.T.);
#2839 = EDGE_LOOP('',(#2840,#2848,#2856,#2862));
#2840 = ORIENTED_EDGE('',*,*,#2841,.T.);
#2841 = EDGE_CURVE('',#2811,#2842,#2844,.T.);
#2842 = VERTEX_POINT('',#2843);
#2843 = CARTESIAN_POINT('',(2.5,1.305,3.845));
#2844 = LINE('',#2845,#2846);
#2845 = CARTESIAN_POINT('',(2.5,1.305,3.895));
#2846 = VECTOR('',#2847,1.);
#2847 = DIRECTION('',(0.,0.,-1.));
#2848 = ORIENTED_EDGE('',*,*,#2849,.F.);
#2849 = EDGE_CURVE('',#2850,#2842,#2852,.T.);
#2850 = VERTEX_POINT('',#2851);
#2851 = CARTESIAN_POINT('',(2.7,1.305,3.845));
#2852 = LINE('',#2853,#2854);
#2853 = CARTESIAN_POINT('',(2.7,1.305,3.845));
#2854 = VECTOR('',#2855,1.);
#2855 = DIRECTION('',(-1.,-0.,6.938893903907E-15));
#2856 = ORIENTED_EDGE('',*,*,#2857,.F.);
#2857 = EDGE_CURVE('',#2819,#2850,#2858,.T.);
#2858 = LINE('',#2859,#2860);
#2859 = CARTESIAN_POINT('',(2.7,1.305,3.895));
#2860 = VECTOR('',#2861,1.);
#2861 = DIRECTION('',(0.,0.,-1.));
#2862 = ORIENTED_EDGE('',*,*,#2818,.T.);
#2863 = PLANE('',#2864);
#2864 = AXIS2_PLACEMENT_3D('',#2865,#2866,#2867);
#2865 = CARTESIAN_POINT('',(2.7,1.305,3.895));
#2866 = DIRECTION('',(0.,1.,0.));
#2867 = DIRECTION('',(0.,-0.,1.));
#2868 = ADVANCED_FACE('',(#2869),#2896,.F.);
#2869 = FACE_BOUND('',#2870,.F.);
#2870 = EDGE_LOOP('',(#2871,#2872,#2881,#2889));
#2871 = ORIENTED_EDGE('',*,*,#2849,.F.);
#2872 = ORIENTED_EDGE('',*,*,#2873,.T.);
#2873 = EDGE_CURVE('',#2850,#2874,#2876,.T.);
#2874 = VERTEX_POINT('',#2875);
#2875 = CARTESIAN_POINT('',(2.7,1.255,3.795));
#2876 = CIRCLE('',#2877,5.E-02);
#2877 = AXIS2_PLACEMENT_3D('',#2878,#2879,#2880);
#2878 = CARTESIAN_POINT('',(2.7,1.255,3.845));
#2879 = DIRECTION('',(-1.,-0.,6.938893903907E-15));
#2880 = DIRECTION('',(6.938893903907E-15,0.,1.));
#2881 = ORIENTED_EDGE('',*,*,#2882,.T.);
#2882 = EDGE_CURVE('',#2874,#2883,#2885,.T.);
#2883 = VERTEX_POINT('',#2884);
#2884 = CARTESIAN_POINT('',(2.5,1.255,3.795));
#2885 = LINE('',#2886,#2887);
#2886 = CARTESIAN_POINT('',(2.7,1.255,3.795));
#2887 = VECTOR('',#2888,1.);
#2888 = DIRECTION('',(-1.,-0.,6.938893903907E-15));
#2889 = ORIENTED_EDGE('',*,*,#2890,.F.);
#2890 = EDGE_CURVE('',#2842,#2883,#2891,.T.);
#2891 = CIRCLE('',#2892,5.E-02);
#2892 = AXIS2_PLACEMENT_3D('',#2893,#2894,#2895);
#2893 = CARTESIAN_POINT('',(2.5,1.255,3.845));
#2894 = DIRECTION('',(-1.,-0.,6.938893903907E-15));
#2895 = DIRECTION('',(6.938893903907E-15,0.,1.));
#2896 = CYLINDRICAL_SURFACE('',#2897,5.E-02);
#2897 = AXIS2_PLACEMENT_3D('',#2898,#2899,#2900);
#2898 = CARTESIAN_POINT('',(2.7,1.255,3.845));
#2899 = DIRECTION('',(-1.,-0.,6.938893903907E-15));
#2900 = DIRECTION('',(6.938893903907E-15,0.,1.));
#2901 = ADVANCED_FACE('',(#2902),#2927,.F.);
#2902 = FACE_BOUND('',#2903,.T.);
#2903 = EDGE_LOOP('',(#2904,#2912,#2920,#2926));
#2904 = ORIENTED_EDGE('',*,*,#2905,.T.);
#2905 = EDGE_CURVE('',#2883,#2906,#2908,.T.);
#2906 = VERTEX_POINT('',#2907);
#2907 = CARTESIAN_POINT('',(2.5,1.141602540378,3.795));
#2908 = LINE('',#2909,#2910);
#2909 = CARTESIAN_POINT('',(2.5,1.255,3.795));
#2910 = VECTOR('',#2911,1.);
#2911 = DIRECTION('',(0.,-1.,0.));
#2912 = ORIENTED_EDGE('',*,*,#2913,.F.);
#2913 = EDGE_CURVE('',#2914,#2906,#2916,.T.);
#2914 = VERTEX_POINT('',#2915);
#2915 = CARTESIAN_POINT('',(2.7,1.141602540378,3.795));
#2916 = LINE('',#2917,#2918);
#2917 = CARTESIAN_POINT('',(2.7,1.141602540378,3.795));
#2918 = VECTOR('',#2919,1.);
#2919 = DIRECTION('',(-1.,-0.,6.938893903907E-15));
#2920 = ORIENTED_EDGE('',*,*,#2921,.F.);
#2921 = EDGE_CURVE('',#2874,#2914,#2922,.T.);
#2922 = LINE('',#2923,#2924);
#2923 = CARTESIAN_POINT('',(2.7,1.255,3.795));
#2924 = VECTOR('',#2925,1.);
#2925 = DIRECTION('',(0.,-1.,0.));
#2926 = ORIENTED_EDGE('',*,*,#2882,.T.);
#2927 = PLANE('',#2928);
#2928 = AXIS2_PLACEMENT_3D('',#2929,#2930,#2931);
#2929 = CARTESIAN_POINT('',(2.7,1.255,3.795));
#2930 = DIRECTION('',(-6.938893903907E-15,0.,-1.));
#2931 = DIRECTION('',(-1.,0.,6.938893903907E-15));
#2932 = ADVANCED_FACE('',(#2933),#2960,.F.);
#2933 = FACE_BOUND('',#2934,.F.);
#2934 = EDGE_LOOP('',(#2935,#2936,#2945,#2953));
#2935 = ORIENTED_EDGE('',*,*,#2913,.F.);
#2936 = ORIENTED_EDGE('',*,*,#2937,.T.);
#2937 = EDGE_CURVE('',#2914,#2938,#2940,.T.);
#2938 = VERTEX_POINT('',#2939);
#2939 = CARTESIAN_POINT('',(2.7,1.098301270189,3.82));
#2940 = CIRCLE('',#2941,5.E-02);
#2941 = AXIS2_PLACEMENT_3D('',#2942,#2943,#2944);
#2942 = CARTESIAN_POINT('',(2.7,1.141602540378,3.845));
#2943 = DIRECTION('',(-1.,-0.,6.938893903907E-15));
#2944 = DIRECTION('',(6.938893903907E-15,0.,1.));
#2945 = ORIENTED_EDGE('',*,*,#2946,.T.);
#2946 = EDGE_CURVE('',#2938,#2947,#2949,.T.);
#2947 = VERTEX_POINT('',#2948);
#2948 = CARTESIAN_POINT('',(2.5,1.098301270189,3.82));
#2949 = LINE('',#2950,#2951);
#2950 = CARTESIAN_POINT('',(2.7,1.098301270189,3.82));
#2951 = VECTOR('',#2952,1.);
#2952 = DIRECTION('',(-1.,-0.,6.938893903907E-15));
#2953 = ORIENTED_EDGE('',*,*,#2954,.F.);
#2954 = EDGE_CURVE('',#2906,#2947,#2955,.T.);
#2955 = CIRCLE('',#2956,5.E-02);
#2956 = AXIS2_PLACEMENT_3D('',#2957,#2958,#2959);
#2957 = CARTESIAN_POINT('',(2.5,1.141602540378,3.845));
#2958 = DIRECTION('',(-1.,-0.,6.938893903907E-15));
#2959 = DIRECTION('',(6.938893903907E-15,0.,1.));
#2960 = CYLINDRICAL_SURFACE('',#2961,5.E-02);
#2961 = AXIS2_PLACEMENT_3D('',#2962,#2963,#2964);
#2962 = CARTESIAN_POINT('',(2.7,1.141602540378,3.845));
#2963 = DIRECTION('',(-1.,-0.,6.938893903907E-15));
#2964 = DIRECTION('',(6.938893903907E-15,0.,1.));
#2965 = ADVANCED_FACE('',(#2966),#2993,.T.);
#2966 = FACE_BOUND('',#2967,.T.);
#2967 = EDGE_LOOP('',(#2968,#2977,#2985,#2992));
#2968 = ORIENTED_EDGE('',*,*,#2969,.T.);
#2969 = EDGE_CURVE('',#2947,#2970,#2972,.T.);
#2970 = VERTEX_POINT('',#2971);
#2971 = CARTESIAN_POINT('',(2.5,1.055,3.845));
#2972 = CIRCLE('',#2973,5.E-02);
#2973 = AXIS2_PLACEMENT_3D('',#2974,#2975,#2976);
#2974 = CARTESIAN_POINT('',(2.5,1.055,3.795));
#2975 = DIRECTION('',(1.,0.,-6.938893903907E-15));
#2976 = DIRECTION('',(-6.938893903907E-15,0.,-1.));
#2977 = ORIENTED_EDGE('',*,*,#2978,.F.);
#2978 = EDGE_CURVE('',#2979,#2970,#2981,.T.);
#2979 = VERTEX_POINT('',#2980);
#2980 = CARTESIAN_POINT('',(2.7,1.055,3.845));
#2981 = LINE('',#2982,#2983);
#2982 = CARTESIAN_POINT('',(2.7,1.055,3.845));
#2983 = VECTOR('',#2984,1.);
#2984 = DIRECTION('',(-1.,-0.,6.938893903907E-15));
#2985 = ORIENTED_EDGE('',*,*,#2986,.F.);
#2986 = EDGE_CURVE('',#2938,#2979,#2987,.T.);
#2987 = CIRCLE('',#2988,5.E-02);
#2988 = AXIS2_PLACEMENT_3D('',#2989,#2990,#2991);
#2989 = CARTESIAN_POINT('',(2.7,1.055,3.795));
#2990 = DIRECTION('',(1.,0.,-6.938893903907E-15));
#2991 = DIRECTION('',(-6.938893903907E-15,0.,-1.));
#2992 = ORIENTED_EDGE('',*,*,#2946,.T.);
#2993 = CYLINDRICAL_SURFACE('',#2994,5.E-02);
#2994 = AXIS2_PLACEMENT_3D('',#2995,#2996,#2997);
#2995 = CARTESIAN_POINT('',(2.7,1.055,3.795));
#2996 = DIRECTION('',(-1.,-0.,6.938893903907E-15));
#2997 = DIRECTION('',(6.938893903907E-15,0.,1.));
#2998 = ADVANCED_FACE('',(#2999),#3024,.F.);
#2999 = FACE_BOUND('',#3000,.T.);
#3000 = EDGE_LOOP('',(#3001,#3009,#3017,#3023));
#3001 = ORIENTED_EDGE('',*,*,#3002,.T.);
#3002 = EDGE_CURVE('',#2970,#3003,#3005,.T.);
#3003 = VERTEX_POINT('',#3004);
#3004 = CARTESIAN_POINT('',(2.5,0.955,3.845));
#3005 = LINE('',#3006,#3007);
#3006 = CARTESIAN_POINT('',(2.5,1.055,3.845));
#3007 = VECTOR('',#3008,1.);
#3008 = DIRECTION('',(0.,-1.,0.));
#3009 = ORIENTED_EDGE('',*,*,#3010,.F.);
#3010 = EDGE_CURVE('',#3011,#3003,#3013,.T.);
#3011 = VERTEX_POINT('',#3012);
#3012 = CARTESIAN_POINT('',(2.7,0.955,3.845));
#3013 = LINE('',#3014,#3015);
#3014 = CARTESIAN_POINT('',(2.7,0.955,3.845));
#3015 = VECTOR('',#3016,1.);
#3016 = DIRECTION('',(-1.,-0.,6.938893903907E-15));
#3017 = ORIENTED_EDGE('',*,*,#3018,.F.);
#3018 = EDGE_CURVE('',#2979,#3011,#3019,.T.);
#3019 = LINE('',#3020,#3021);
#3020 = CARTESIAN_POINT('',(2.7,1.055,3.845));
#3021 = VECTOR('',#3022,1.);
#3022 = DIRECTION('',(0.,-1.,0.));
#3023 = ORIENTED_EDGE('',*,*,#2978,.T.);
#3024 = PLANE('',#3025);
#3025 = AXIS2_PLACEMENT_3D('',#3026,#3027,#3028);
#3026 = CARTESIAN_POINT('',(2.7,1.055,3.845));
#3027 = DIRECTION('',(-6.938893903907E-15,0.,-1.));
#3028 = DIRECTION('',(-1.,0.,6.938893903907E-15));
#3029 = ADVANCED_FACE('',(#3030),#3057,.T.);
#3030 = FACE_BOUND('',#3031,.T.);
#3031 = EDGE_LOOP('',(#3032,#3041,#3049,#3056));
#3032 = ORIENTED_EDGE('',*,*,#3033,.T.);
#3033 = EDGE_CURVE('',#3003,#3034,#3036,.T.);
#3034 = VERTEX_POINT('',#3035);
#3035 = CARTESIAN_POINT('',(2.5,0.911698729811,3.82));
#3036 = CIRCLE('',#3037,5.E-02);
#3037 = AXIS2_PLACEMENT_3D('',#3038,#3039,#3040);
#3038 = CARTESIAN_POINT('',(2.5,0.955,3.795));
#3039 = DIRECTION('',(1.,0.,-6.938893903907E-15));
#3040 = DIRECTION('',(6.938893903907E-15,0.,1.));
#3041 = ORIENTED_EDGE('',*,*,#3042,.F.);
#3042 = EDGE_CURVE('',#3043,#3034,#3045,.T.);
#3043 = VERTEX_POINT('',#3044);
#3044 = CARTESIAN_POINT('',(2.7,0.911698729811,3.82));
#3045 = LINE('',#3046,#3047);
#3046 = CARTESIAN_POINT('',(2.7,0.911698729811,3.82));
#3047 = VECTOR('',#3048,1.);
#3048 = DIRECTION('',(-1.,-0.,6.938893903907E-15));
#3049 = ORIENTED_EDGE('',*,*,#3050,.F.);
#3050 = EDGE_CURVE('',#3011,#3043,#3051,.T.);
#3051 = CIRCLE('',#3052,5.E-02);
#3052 = AXIS2_PLACEMENT_3D('',#3053,#3054,#3055);
#3053 = CARTESIAN_POINT('',(2.7,0.955,3.795));
#3054 = DIRECTION('',(1.,0.,-6.938893903907E-15));
#3055 = DIRECTION('',(6.938893903907E-15,0.,1.));
#3056 = ORIENTED_EDGE('',*,*,#3010,.T.);
#3057 = CYLINDRICAL_SURFACE('',#3058,5.E-02);
#3058 = AXIS2_PLACEMENT_3D('',#3059,#3060,#3061);
#3059 = CARTESIAN_POINT('',(2.7,0.955,3.795));
#3060 = DIRECTION('',(-1.,-0.,6.938893903907E-15));
#3061 = DIRECTION('',(6.938893903907E-15,0.,1.));
#3062 = ADVANCED_FACE('',(#3063),#3090,.F.);
#3063 = FACE_BOUND('',#3064,.F.);
#3064 = EDGE_LOOP('',(#3065,#3066,#3075,#3083));
#3065 = ORIENTED_EDGE('',*,*,#3042,.F.);
#3066 = ORIENTED_EDGE('',*,*,#3067,.T.);
#3067 = EDGE_CURVE('',#3043,#3068,#3070,.T.);
#3068 = VERTEX_POINT('',#3069);
#3069 = CARTESIAN_POINT('',(2.7,0.868397459622,3.795));
#3070 = CIRCLE('',#3071,5.E-02);
#3071 = AXIS2_PLACEMENT_3D('',#3072,#3073,#3074);
#3072 = CARTESIAN_POINT('',(2.7,0.868397459622,3.845));
#3073 = DIRECTION('',(-1.,-0.,6.938893903907E-15));
#3074 = DIRECTION('',(-6.938893903907E-15,0.,-1.));
#3075 = ORIENTED_EDGE('',*,*,#3076,.T.);
#3076 = EDGE_CURVE('',#3068,#3077,#3079,.T.);
#3077 = VERTEX_POINT('',#3078);
#3078 = CARTESIAN_POINT('',(2.5,0.868397459622,3.795));
#3079 = LINE('',#3080,#3081);
#3080 = CARTESIAN_POINT('',(2.7,0.868397459622,3.795));
#3081 = VECTOR('',#3082,1.);
#3082 = DIRECTION('',(-1.,-0.,6.938893903907E-15));
#3083 = ORIENTED_EDGE('',*,*,#3084,.F.);
#3084 = EDGE_CURVE('',#3034,#3077,#3085,.T.);
#3085 = CIRCLE('',#3086,5.E-02);
#3086 = AXIS2_PLACEMENT_3D('',#3087,#3088,#3089);
#3087 = CARTESIAN_POINT('',(2.5,0.868397459622,3.845));
#3088 = DIRECTION('',(-1.,-0.,6.938893903907E-15));
#3089 = DIRECTION('',(-6.938893903907E-15,0.,-1.));
#3090 = CYLINDRICAL_SURFACE('',#3091,5.E-02);
#3091 = AXIS2_PLACEMENT_3D('',#3092,#3093,#3094);
#3092 = CARTESIAN_POINT('',(2.7,0.868397459622,3.845));
#3093 = DIRECTION('',(-1.,-0.,6.938893903907E-15));
#3094 = DIRECTION('',(6.938893903907E-15,0.,1.));
#3095 = ADVANCED_FACE('',(#3096),#3121,.F.);
#3096 = FACE_BOUND('',#3097,.T.);
#3097 = EDGE_LOOP('',(#3098,#3106,#3114,#3120));
#3098 = ORIENTED_EDGE('',*,*,#3099,.T.);
#3099 = EDGE_CURVE('',#3077,#3100,#3102,.T.);
#3100 = VERTEX_POINT('',#3101);
#3101 = CARTESIAN_POINT('',(2.5,0.755,3.795));
#3102 = LINE('',#3103,#3104);
#3103 = CARTESIAN_POINT('',(2.5,0.755,3.795));
#3104 = VECTOR('',#3105,1.);
#3105 = DIRECTION('',(-0.,-1.,-0.));
#3106 = ORIENTED_EDGE('',*,*,#3107,.F.);
#3107 = EDGE_CURVE('',#3108,#3100,#3110,.T.);
#3108 = VERTEX_POINT('',#3109);
#3109 = CARTESIAN_POINT('',(2.7,0.755,3.795));
#3110 = LINE('',#3111,#3112);
#3111 = CARTESIAN_POINT('',(2.7,0.755,3.795));
#3112 = VECTOR('',#3113,1.);
#3113 = DIRECTION('',(-1.,-0.,6.938893903907E-15));
#3114 = ORIENTED_EDGE('',*,*,#3115,.F.);
#3115 = EDGE_CURVE('',#3068,#3108,#3116,.T.);
#3116 = LINE('',#3117,#3118);
#3117 = CARTESIAN_POINT('',(2.7,0.755,3.795));
#3118 = VECTOR('',#3119,1.);
#3119 = DIRECTION('',(-0.,-1.,-0.));
#3120 = ORIENTED_EDGE('',*,*,#3076,.T.);
#3121 = PLANE('',#3122);
#3122 = AXIS2_PLACEMENT_3D('',#3123,#3124,#3125);
#3123 = CARTESIAN_POINT('',(2.7,0.755,3.795));
#3124 = DIRECTION('',(-6.938893903907E-15,0.,-1.));
#3125 = DIRECTION('',(-1.,0.,6.938893903907E-15));
#3126 = ADVANCED_FACE('',(#3127),#3154,.F.);
#3127 = FACE_BOUND('',#3128,.F.);
#3128 = EDGE_LOOP('',(#3129,#3130,#3139,#3147));
#3129 = ORIENTED_EDGE('',*,*,#3107,.F.);
#3130 = ORIENTED_EDGE('',*,*,#3131,.T.);
#3131 = EDGE_CURVE('',#3108,#3132,#3134,.T.);
#3132 = VERTEX_POINT('',#3133);
#3133 = CARTESIAN_POINT('',(2.7,0.705,3.845));
#3134 = CIRCLE('',#3135,5.E-02);
#3135 = AXIS2_PLACEMENT_3D('',#3136,#3137,#3138);
#3136 = CARTESIAN_POINT('',(2.7,0.755,3.845));
#3137 = DIRECTION('',(-1.,-0.,6.938893903907E-15));
#3138 = DIRECTION('',(-6.938893903907E-15,0.,-1.));
#3139 = ORIENTED_EDGE('',*,*,#3140,.T.);
#3140 = EDGE_CURVE('',#3132,#3141,#3143,.T.);
#3141 = VERTEX_POINT('',#3142);
#3142 = CARTESIAN_POINT('',(2.5,0.705,3.845));
#3143 = LINE('',#3144,#3145);
#3144 = CARTESIAN_POINT('',(2.7,0.705,3.845));
#3145 = VECTOR('',#3146,1.);
#3146 = DIRECTION('',(-1.,-0.,6.938893903907E-15));
#3147 = ORIENTED_EDGE('',*,*,#3148,.F.);
#3148 = EDGE_CURVE('',#3100,#3141,#3149,.T.);
#3149 = CIRCLE('',#3150,5.E-02);
#3150 = AXIS2_PLACEMENT_3D('',#3151,#3152,#3153);
#3151 = CARTESIAN_POINT('',(2.5,0.755,3.845));
#3152 = DIRECTION('',(-1.,-0.,6.938893903907E-15));
#3153 = DIRECTION('',(-6.938893903907E-15,0.,-1.));
#3154 = CYLINDRICAL_SURFACE('',#3155,5.E-02);
#3155 = AXIS2_PLACEMENT_3D('',#3156,#3157,#3158);
#3156 = CARTESIAN_POINT('',(2.7,0.755,3.845));
#3157 = DIRECTION('',(-1.,-0.,6.938893903907E-15));
#3158 = DIRECTION('',(6.938893903907E-15,0.,1.));
#3159 = ADVANCED_FACE('',(#3160),#3185,.F.);
#3160 = FACE_BOUND('',#3161,.T.);
#3161 = EDGE_LOOP('',(#3162,#3170,#3178,#3184));
#3162 = ORIENTED_EDGE('',*,*,#3163,.T.);
#3163 = EDGE_CURVE('',#3141,#3164,#3166,.T.);
#3164 = VERTEX_POINT('',#3165);
#3165 = CARTESIAN_POINT('',(2.5,0.705,3.895));
#3166 = LINE('',#3167,#3168);
#3167 = CARTESIAN_POINT('',(2.5,0.705,3.895));
#3168 = VECTOR('',#3169,1.);
#3169 = DIRECTION('',(-0.,-0.,1.));
#3170 = ORIENTED_EDGE('',*,*,#3171,.F.);
#3171 = EDGE_CURVE('',#3172,#3164,#3174,.T.);
#3172 = VERTEX_POINT('',#3173);
#3173 = CARTESIAN_POINT('',(2.7,0.705,3.895));
#3174 = LINE('',#3175,#3176);
#3175 = CARTESIAN_POINT('',(2.7,0.705,3.895));
#3176 = VECTOR('',#3177,1.);
#3177 = DIRECTION('',(-1.,-0.,6.938893903907E-15));
#3178 = ORIENTED_EDGE('',*,*,#3179,.F.);
#3179 = EDGE_CURVE('',#3132,#3172,#3180,.T.);
#3180 = LINE('',#3181,#3182);
#3181 = CARTESIAN_POINT('',(2.7,0.705,3.895));
#3182 = VECTOR('',#3183,1.);
#3183 = DIRECTION('',(-0.,-0.,1.));
#3184 = ORIENTED_EDGE('',*,*,#3140,.T.);
#3185 = PLANE('',#3186);
#3186 = AXIS2_PLACEMENT_3D('',#3187,#3188,#3189);
#3187 = CARTESIAN_POINT('',(2.7,0.705,3.895));
#3188 = DIRECTION('',(0.,-1.,0.));
#3189 = DIRECTION('',(0.,-0.,-1.));
#3190 = ADVANCED_FACE('',(#3191),#3216,.F.);
#3191 = FACE_BOUND('',#3192,.T.);
#3192 = EDGE_LOOP('',(#3193,#3201,#3209,#3215));
#3193 = ORIENTED_EDGE('',*,*,#3194,.T.);
#3194 = EDGE_CURVE('',#3164,#3195,#3197,.T.);
#3195 = VERTEX_POINT('',#3196);
#3196 = CARTESIAN_POINT('',(2.5,0.47,3.895));
#3197 = LINE('',#3198,#3199);
#3198 = CARTESIAN_POINT('',(2.5,0.705,3.895));
#3199 = VECTOR('',#3200,1.);
#3200 = DIRECTION('',(0.,-1.,0.));
#3201 = ORIENTED_EDGE('',*,*,#3202,.F.);
#3202 = EDGE_CURVE('',#3203,#3195,#3205,.T.);
#3203 = VERTEX_POINT('',#3204);
#3204 = CARTESIAN_POINT('',(2.7,0.47,3.895));
#3205 = LINE('',#3206,#3207);
#3206 = CARTESIAN_POINT('',(2.7,0.47,3.895));
#3207 = VECTOR('',#3208,1.);
#3208 = DIRECTION('',(-1.,-0.,6.938893903907E-15));
#3209 = ORIENTED_EDGE('',*,*,#3210,.F.);
#3210 = EDGE_CURVE('',#3172,#3203,#3211,.T.);
#3211 = LINE('',#3212,#3213);
#3212 = CARTESIAN_POINT('',(2.7,0.705,3.895));
#3213 = VECTOR('',#3214,1.);
#3214 = DIRECTION('',(0.,-1.,0.));
#3215 = ORIENTED_EDGE('',*,*,#3171,.T.);
#3216 = PLANE('',#3217);
#3217 = AXIS2_PLACEMENT_3D('',#3218,#3219,#3220);
#3218 = CARTESIAN_POINT('',(2.7,0.705,3.895));
#3219 = DIRECTION('',(-6.938893903907E-15,0.,-1.));
#3220 = DIRECTION('',(-1.,0.,6.938893903907E-15));
#3221 = ADVANCED_FACE('',(#3222),#3247,.F.);
#3222 = FACE_BOUND('',#3223,.T.);
#3223 = EDGE_LOOP('',(#3224,#3232,#3240,#3246));
#3224 = ORIENTED_EDGE('',*,*,#3225,.T.);
#3225 = EDGE_CURVE('',#3195,#3226,#3228,.T.);
#3226 = VERTEX_POINT('',#3227);
#3227 = CARTESIAN_POINT('',(2.5,0.334289321881,3.759289321881));
#3228 = LINE('',#3229,#3230);
#3229 = CARTESIAN_POINT('',(2.5,0.47,3.895));
#3230 = VECTOR('',#3231,1.);
#3231 = DIRECTION('',(-4.519300729874E-15,-0.707106781187,
    -0.707106781187));
#3232 = ORIENTED_EDGE('',*,*,#3233,.F.);
#3233 = EDGE_CURVE('',#3234,#3226,#3236,.T.);
#3234 = VERTEX_POINT('',#3235);
#3235 = CARTESIAN_POINT('',(2.7,0.334289321881,3.759289321881));
#3236 = LINE('',#3237,#3238);
#3237 = CARTESIAN_POINT('',(2.7,0.334289321881,3.759289321881));
#3238 = VECTOR('',#3239,1.);
#3239 = DIRECTION('',(-1.,-0.,6.938893903907E-15));
#3240 = ORIENTED_EDGE('',*,*,#3241,.F.);
#3241 = EDGE_CURVE('',#3203,#3234,#3242,.T.);
#3242 = LINE('',#3243,#3244);
#3243 = CARTESIAN_POINT('',(2.7,0.47,3.895));
#3244 = VECTOR('',#3245,1.);
#3245 = DIRECTION('',(-4.519300729874E-15,-0.707106781187,
    -0.707106781187));
#3246 = ORIENTED_EDGE('',*,*,#3202,.T.);
#3247 = PLANE('',#3248);
#3248 = AXIS2_PLACEMENT_3D('',#3249,#3250,#3251);
#3249 = CARTESIAN_POINT('',(2.7,0.47,3.895));
#3250 = DIRECTION('',(-4.906538933387E-15,0.707106781187,-0.707106781187
    ));
#3251 = DIRECTION('',(0.,0.707106781187,0.707106781187));
#3252 = ADVANCED_FACE('',(#3253),#3280,.T.);
#3253 = FACE_BOUND('',#3254,.T.);
#3254 = EDGE_LOOP('',(#3255,#3264,#3272,#3279));
#3255 = ORIENTED_EDGE('',*,*,#3256,.T.);
#3256 = EDGE_CURVE('',#3226,#3257,#3259,.T.);
#3257 = VERTEX_POINT('',#3258);
#3258 = CARTESIAN_POINT('',(2.5,0.305,3.688578643763));
#3259 = CIRCLE('',#3260,0.1);
#3260 = AXIS2_PLACEMENT_3D('',#3261,#3262,#3263);
#3261 = CARTESIAN_POINT('',(2.5,0.405,3.688578643763));
#3262 = DIRECTION('',(1.,0.,-6.938893903907E-15));
#3263 = DIRECTION('',(-6.938893903907E-15,0.,-1.));
#3264 = ORIENTED_EDGE('',*,*,#3265,.F.);
#3265 = EDGE_CURVE('',#3266,#3257,#3268,.T.);
#3266 = VERTEX_POINT('',#3267);
#3267 = CARTESIAN_POINT('',(2.7,0.305,3.688578643763));
#3268 = LINE('',#3269,#3270);
#3269 = CARTESIAN_POINT('',(2.7,0.305,3.688578643763));
#3270 = VECTOR('',#3271,1.);
#3271 = DIRECTION('',(-1.,-0.,6.938893903907E-15));
#3272 = ORIENTED_EDGE('',*,*,#3273,.F.);
#3273 = EDGE_CURVE('',#3234,#3266,#3274,.T.);
#3274 = CIRCLE('',#3275,0.1);
#3275 = AXIS2_PLACEMENT_3D('',#3276,#3277,#3278);
#3276 = CARTESIAN_POINT('',(2.7,0.405,3.688578643763));
#3277 = DIRECTION('',(1.,0.,-6.938893903907E-15));
#3278 = DIRECTION('',(-6.938893903907E-15,0.,-1.));
#3279 = ORIENTED_EDGE('',*,*,#3233,.T.);
#3280 = CYLINDRICAL_SURFACE('',#3281,0.1);
#3281 = AXIS2_PLACEMENT_3D('',#3282,#3283,#3284);
#3282 = CARTESIAN_POINT('',(2.7,0.405,3.688578643763));
#3283 = DIRECTION('',(-1.,-0.,6.938893903907E-15));
#3284 = DIRECTION('',(6.938893903907E-15,0.,1.));
#3285 = ADVANCED_FACE('',(#3286),#3311,.F.);
#3286 = FACE_BOUND('',#3287,.T.);
#3287 = EDGE_LOOP('',(#3288,#3296,#3304,#3310));
#3288 = ORIENTED_EDGE('',*,*,#3289,.T.);
#3289 = EDGE_CURVE('',#3257,#3290,#3292,.T.);
#3290 = VERTEX_POINT('',#3291);
#3291 = CARTESIAN_POINT('',(2.5,0.305,2.601421356237));
#3292 = LINE('',#3293,#3294);
#3293 = CARTESIAN_POINT('',(2.5,0.305,3.688578643763));
#3294 = VECTOR('',#3295,1.);
#3295 = DIRECTION('',(-6.781516214349E-15,-4.986408981139E-17,-1.));
#3296 = ORIENTED_EDGE('',*,*,#3297,.F.);
#3297 = EDGE_CURVE('',#3298,#3290,#3300,.T.);
#3298 = VERTEX_POINT('',#3299);
#3299 = CARTESIAN_POINT('',(2.7,0.305,2.601421356237));
#3300 = LINE('',#3301,#3302);
#3301 = CARTESIAN_POINT('',(2.7,0.305,2.601421356237));
#3302 = VECTOR('',#3303,1.);
#3303 = DIRECTION('',(-1.,-0.,6.938893903907E-15));
#3304 = ORIENTED_EDGE('',*,*,#3305,.F.);
#3305 = EDGE_CURVE('',#3266,#3298,#3306,.T.);
#3306 = LINE('',#3307,#3308);
#3307 = CARTESIAN_POINT('',(2.7,0.305,3.688578643763));
#3308 = VECTOR('',#3309,1.);
#3309 = DIRECTION('',(-6.781516214349E-15,-4.986408981139E-17,-1.));
#3310 = ORIENTED_EDGE('',*,*,#3265,.T.);
#3311 = PLANE('',#3312);
#3312 = AXIS2_PLACEMENT_3D('',#3313,#3314,#3315);
#3313 = CARTESIAN_POINT('',(2.7,0.305,3.688578643763));
#3314 = DIRECTION('',(-3.460016288162E-31,1.,-4.986408981139E-17));
#3315 = DIRECTION('',(0.,4.986408981139E-17,1.));
#3316 = ADVANCED_FACE('',(#3317),#3344,.T.);
#3317 = FACE_BOUND('',#3318,.T.);
#3318 = EDGE_LOOP('',(#3319,#3328,#3336,#3343));
#3319 = ORIENTED_EDGE('',*,*,#3320,.T.);
#3320 = EDGE_CURVE('',#3290,#3321,#3323,.T.);
#3321 = VERTEX_POINT('',#3322);
#3322 = CARTESIAN_POINT('',(2.5,0.334289321881,2.530710678119));
#3323 = CIRCLE('',#3324,1.E-01);
#3324 = AXIS2_PLACEMENT_3D('',#3325,#3326,#3327);
#3325 = CARTESIAN_POINT('',(2.5,0.405,2.601421356237));
#3326 = DIRECTION('',(1.,0.,-6.938893903907E-15));
#3327 = DIRECTION('',(-6.938893903907E-15,0.,-1.));
#3328 = ORIENTED_EDGE('',*,*,#3329,.F.);
#3329 = EDGE_CURVE('',#3330,#3321,#3332,.T.);
#3330 = VERTEX_POINT('',#3331);
#3331 = CARTESIAN_POINT('',(2.7,0.334289321881,2.530710678119));
#3332 = LINE('',#3333,#3334);
#3333 = CARTESIAN_POINT('',(2.7,0.334289321881,2.530710678119));
#3334 = VECTOR('',#3335,1.);
#3335 = DIRECTION('',(-1.,-0.,6.938893903907E-15));
#3336 = ORIENTED_EDGE('',*,*,#3337,.F.);
#3337 = EDGE_CURVE('',#3298,#3330,#3338,.T.);
#3338 = CIRCLE('',#3339,1.E-01);
#3339 = AXIS2_PLACEMENT_3D('',#3340,#3341,#3342);
#3340 = CARTESIAN_POINT('',(2.7,0.405,2.601421356237));
#3341 = DIRECTION('',(1.,0.,-6.938893903907E-15));
#3342 = DIRECTION('',(-6.938893903907E-15,0.,-1.));
#3343 = ORIENTED_EDGE('',*,*,#3297,.T.);
#3344 = CYLINDRICAL_SURFACE('',#3345,1.E-01);
#3345 = AXIS2_PLACEMENT_3D('',#3346,#3347,#3348);
#3346 = CARTESIAN_POINT('',(2.7,0.405,2.601421356237));
#3347 = DIRECTION('',(-1.,-0.,6.938893903907E-15));
#3348 = DIRECTION('',(6.938893903907E-15,0.,1.));
#3349 = ADVANCED_FACE('',(#3350),#3375,.F.);
#3350 = FACE_BOUND('',#3351,.T.);
#3351 = EDGE_LOOP('',(#3352,#3360,#3368,#3374));
#3352 = ORIENTED_EDGE('',*,*,#3353,.T.);
#3353 = EDGE_CURVE('',#3321,#3354,#3356,.T.);
#3354 = VERTEX_POINT('',#3355);
#3355 = CARTESIAN_POINT('',(2.5,0.47,2.395));
#3356 = LINE('',#3357,#3358);
#3357 = CARTESIAN_POINT('',(2.5,0.334289321881,2.530710678119));
#3358 = VECTOR('',#3359,1.);
#3359 = DIRECTION('',(-4.519300729874E-15,0.707106781187,-0.707106781187
    ));
#3360 = ORIENTED_EDGE('',*,*,#3361,.F.);
#3361 = EDGE_CURVE('',#3362,#3354,#3364,.T.);
#3362 = VERTEX_POINT('',#3363);
#3363 = CARTESIAN_POINT('',(2.7,0.47,2.395));
#3364 = LINE('',#3365,#3366);
#3365 = CARTESIAN_POINT('',(2.7,0.47,2.395));
#3366 = VECTOR('',#3367,1.);
#3367 = DIRECTION('',(-1.,-0.,6.938893903907E-15));
#3368 = ORIENTED_EDGE('',*,*,#3369,.F.);
#3369 = EDGE_CURVE('',#3330,#3362,#3370,.T.);
#3370 = LINE('',#3371,#3372);
#3371 = CARTESIAN_POINT('',(2.7,0.334289321881,2.530710678119));
#3372 = VECTOR('',#3373,1.);
#3373 = DIRECTION('',(-4.519300729874E-15,0.707106781187,-0.707106781187
    ));
#3374 = ORIENTED_EDGE('',*,*,#3329,.T.);
#3375 = PLANE('',#3376);
#3376 = AXIS2_PLACEMENT_3D('',#3377,#3378,#3379);
#3377 = CARTESIAN_POINT('',(2.7,0.334289321881,2.530710678119));
#3378 = DIRECTION('',(4.906538933387E-15,0.707106781187,0.707106781187)
  );
#3379 = DIRECTION('',(0.,-0.707106781187,0.707106781187));
#3380 = ADVANCED_FACE('',(#3381),#3406,.F.);
#3381 = FACE_BOUND('',#3382,.T.);
#3382 = EDGE_LOOP('',(#3383,#3391,#3399,#3405));
#3383 = ORIENTED_EDGE('',*,*,#3384,.T.);
#3384 = EDGE_CURVE('',#3354,#3385,#3387,.T.);
#3385 = VERTEX_POINT('',#3386);
#3386 = CARTESIAN_POINT('',(2.5,0.905,2.395));
#3387 = LINE('',#3388,#3389);
#3388 = CARTESIAN_POINT('',(2.5,0.47,2.395));
#3389 = VECTOR('',#3390,1.);
#3390 = DIRECTION('',(0.,1.,1.993935029858E-15));
#3391 = ORIENTED_EDGE('',*,*,#3392,.F.);
#3392 = EDGE_CURVE('',#3393,#3385,#3395,.T.);
#3393 = VERTEX_POINT('',#3394);
#3394 = CARTESIAN_POINT('',(2.7,0.905,2.395));
#3395 = LINE('',#3396,#3397);
#3396 = CARTESIAN_POINT('',(2.7,0.905,2.395));
#3397 = VECTOR('',#3398,1.);
#3398 = DIRECTION('',(-1.,-0.,6.938893903907E-15));
#3399 = ORIENTED_EDGE('',*,*,#3400,.F.);
#3400 = EDGE_CURVE('',#3362,#3393,#3401,.T.);
#3401 = LINE('',#3402,#3403);
#3402 = CARTESIAN_POINT('',(2.7,0.47,2.395));
#3403 = VECTOR('',#3404,1.);
#3404 = DIRECTION('',(0.,1.,1.993935029858E-15));
#3405 = ORIENTED_EDGE('',*,*,#3361,.T.);
#3406 = PLANE('',#3407);
#3407 = AXIS2_PLACEMENT_3D('',#3408,#3409,#3410);
#3408 = CARTESIAN_POINT('',(2.7,0.47,2.395));
#3409 = DIRECTION('',(6.938893903907E-15,-1.993935029858E-15,1.));
#3410 = DIRECTION('',(1.,0.,-6.938893903907E-15));
#3411 = ADVANCED_FACE('',(#3412),#3428,.F.);
#3412 = FACE_BOUND('',#3413,.T.);
#3413 = EDGE_LOOP('',(#3414,#3420,#3421,#3427));
#3414 = ORIENTED_EDGE('',*,*,#3415,.T.);
#3415 = EDGE_CURVE('',#3385,#2709,#3416,.T.);
#3416 = LINE('',#3417,#3418);
#3417 = CARTESIAN_POINT('',(2.5,0.905,2.395));
#3418 = VECTOR('',#3419,1.);
#3419 = DIRECTION('',(6.938893903907E-15,-2.710505431214E-15,1.));
#3420 = ORIENTED_EDGE('',*,*,#2734,.F.);
#3421 = ORIENTED_EDGE('',*,*,#3422,.F.);
#3422 = EDGE_CURVE('',#3393,#2727,#3423,.T.);
#3423 = LINE('',#3424,#3425);
#3424 = CARTESIAN_POINT('',(2.7,0.905,2.395));
#3425 = VECTOR('',#3426,1.);
#3426 = DIRECTION('',(6.938893903907E-15,-2.710505431214E-15,1.));
#3427 = ORIENTED_EDGE('',*,*,#3392,.T.);
#3428 = PLANE('',#3429);
#3429 = AXIS2_PLACEMENT_3D('',#3430,#3431,#3432);
#3430 = CARTESIAN_POINT('',(2.7,0.905,2.395));
#3431 = DIRECTION('',(-1.880790961316E-29,-1.,-2.710505431214E-15));
#3432 = DIRECTION('',(0.,2.710505431214E-15,-1.));
#3433 = ADVANCED_FACE('',(#3434),#3459,.F.);
#3434 = FACE_BOUND('',#3435,.T.);
#3435 = EDGE_LOOP('',(#3436,#3437,#3438,#3439,#3440,#3441,#3442,#3443,
    #3444,#3445,#3446,#3447,#3448,#3449,#3450,#3451,#3452,#3453,#3454,
    #3455,#3456,#3457,#3458));
#3436 = ORIENTED_EDGE('',*,*,#2726,.T.);
#3437 = ORIENTED_EDGE('',*,*,#2764,.T.);
#3438 = ORIENTED_EDGE('',*,*,#2795,.T.);
#3439 = ORIENTED_EDGE('',*,*,#2826,.T.);
#3440 = ORIENTED_EDGE('',*,*,#2857,.T.);
#3441 = ORIENTED_EDGE('',*,*,#2873,.T.);
#3442 = ORIENTED_EDGE('',*,*,#2921,.T.);
#3443 = ORIENTED_EDGE('',*,*,#2937,.T.);
#3444 = ORIENTED_EDGE('',*,*,#2986,.T.);
#3445 = ORIENTED_EDGE('',*,*,#3018,.T.);
#3446 = ORIENTED_EDGE('',*,*,#3050,.T.);
#3447 = ORIENTED_EDGE('',*,*,#3067,.T.);
#3448 = ORIENTED_EDGE('',*,*,#3115,.T.);
#3449 = ORIENTED_EDGE('',*,*,#3131,.T.);
#3450 = ORIENTED_EDGE('',*,*,#3179,.T.);
#3451 = ORIENTED_EDGE('',*,*,#3210,.T.);
#3452 = ORIENTED_EDGE('',*,*,#3241,.T.);
#3453 = ORIENTED_EDGE('',*,*,#3273,.T.);
#3454 = ORIENTED_EDGE('',*,*,#3305,.T.);
#3455 = ORIENTED_EDGE('',*,*,#3337,.T.);
#3456 = ORIENTED_EDGE('',*,*,#3369,.T.);
#3457 = ORIENTED_EDGE('',*,*,#3400,.T.);
#3458 = ORIENTED_EDGE('',*,*,#3422,.T.);
#3459 = PLANE('',#3460);
#3460 = AXIS2_PLACEMENT_3D('',#3461,#3462,#3463);
#3461 = CARTESIAN_POINT('',(2.7,1.255,3.845));
#3462 = DIRECTION('',(-1.,-0.,6.938893903907E-15));
#3463 = DIRECTION('',(6.938893903907E-15,0.,1.));
#3464 = ADVANCED_FACE('',(#3465),#3490,.T.);
#3465 = FACE_BOUND('',#3466,.T.);
#3466 = EDGE_LOOP('',(#3467,#3468,#3469,#3470,#3471,#3472,#3473,#3474,
    #3475,#3476,#3477,#3478,#3479,#3480,#3481,#3482,#3483,#3484,#3485,
    #3486,#3487,#3488,#3489));
#3467 = ORIENTED_EDGE('',*,*,#2708,.F.);
#3468 = ORIENTED_EDGE('',*,*,#3415,.F.);
#3469 = ORIENTED_EDGE('',*,*,#3384,.F.);
#3470 = ORIENTED_EDGE('',*,*,#3353,.F.);
#3471 = ORIENTED_EDGE('',*,*,#3320,.F.);
#3472 = ORIENTED_EDGE('',*,*,#3289,.F.);
#3473 = ORIENTED_EDGE('',*,*,#3256,.F.);
#3474 = ORIENTED_EDGE('',*,*,#3225,.F.);
#3475 = ORIENTED_EDGE('',*,*,#3194,.F.);
#3476 = ORIENTED_EDGE('',*,*,#3163,.F.);
#3477 = ORIENTED_EDGE('',*,*,#3148,.F.);
#3478 = ORIENTED_EDGE('',*,*,#3099,.F.);
#3479 = ORIENTED_EDGE('',*,*,#3084,.F.);
#3480 = ORIENTED_EDGE('',*,*,#3033,.F.);
#3481 = ORIENTED_EDGE('',*,*,#3002,.F.);
#3482 = ORIENTED_EDGE('',*,*,#2969,.F.);
#3483 = ORIENTED_EDGE('',*,*,#2954,.F.);
#3484 = ORIENTED_EDGE('',*,*,#2905,.F.);
#3485 = ORIENTED_EDGE('',*,*,#2890,.F.);
#3486 = ORIENTED_EDGE('',*,*,#2841,.F.);
#3487 = ORIENTED_EDGE('',*,*,#2810,.F.);
#3488 = ORIENTED_EDGE('',*,*,#2779,.F.);
#3489 = ORIENTED_EDGE('',*,*,#2748,.F.);
#3490 = PLANE('',#3491);
#3491 = AXIS2_PLACEMENT_3D('',#3492,#3493,#3494);
#3492 = CARTESIAN_POINT('',(2.5,1.255,3.845));
#3493 = DIRECTION('',(-1.,-0.,6.938893903907E-15));
#3494 = DIRECTION('',(6.938893903907E-15,0.,1.));
#3495 = MANIFOLD_SOLID_BREP('',#3496);
#3496 = CLOSED_SHELL('',(#3497,#3537,#3568,#3599,#3630,#3661,#3694,#3725
    ,#3758,#3789,#3822,#3853,#3884,#3917,#3948,#3981,#4012,#4045,#4067,
    #4093));
#3497 = ADVANCED_FACE('',(#3498),#3532,.F.);
#3498 = FACE_BOUND('',#3499,.T.);
#3499 = EDGE_LOOP('',(#3500,#3510,#3518,#3526));
#3500 = ORIENTED_EDGE('',*,*,#3501,.T.);
#3501 = EDGE_CURVE('',#3502,#3504,#3506,.T.);
#3502 = VERTEX_POINT('',#3503);
#3503 = CARTESIAN_POINT('',(0.4,2.435,0.195));
#3504 = VERTEX_POINT('',#3505);
#3505 = CARTESIAN_POINT('',(0.4,2.435,2.645));
#3506 = LINE('',#3507,#3508);
#3507 = CARTESIAN_POINT('',(0.4,2.435,0.895));
#3508 = VECTOR('',#3509,1.);
#3509 = DIRECTION('',(7.186711543332E-15,-2.973811673103E-15,1.));
#3510 = ORIENTED_EDGE('',*,*,#3511,.F.);
#3511 = EDGE_CURVE('',#3512,#3504,#3514,.T.);
#3512 = VERTEX_POINT('',#3513);
#3513 = CARTESIAN_POINT('',(0.6,2.435,2.645));
#3514 = LINE('',#3515,#3516);
#3515 = CARTESIAN_POINT('',(0.6,2.435,2.645));
#3516 = VECTOR('',#3517,1.);
#3517 = DIRECTION('',(-1.,-5.605193857299E-45,6.982966722219E-15));
#3518 = ORIENTED_EDGE('',*,*,#3519,.F.);
#3519 = EDGE_CURVE('',#3520,#3512,#3522,.T.);
#3520 = VERTEX_POINT('',#3521);
#3521 = CARTESIAN_POINT('',(0.6,2.435,0.195));
#3522 = LINE('',#3523,#3524);
#3523 = CARTESIAN_POINT('',(0.6,2.435,0.195));
#3524 = VECTOR('',#3525,1.);
#3525 = DIRECTION('',(6.814985084195E-15,0.,1.));
#3526 = ORIENTED_EDGE('',*,*,#3527,.T.);
#3527 = EDGE_CURVE('',#3520,#3502,#3528,.T.);
#3528 = LINE('',#3529,#3530);
#3529 = CARTESIAN_POINT('',(0.6,2.435,0.195));
#3530 = VECTOR('',#3531,1.);
#3531 = DIRECTION('',(-1.,-5.605193857299E-45,6.982966722219E-15));
#3532 = PLANE('',#3533);
#3533 = AXIS2_PLACEMENT_3D('',#3534,#3535,#3536);
#3534 = CARTESIAN_POINT('',(0.6,2.435,0.895));
#3535 = DIRECTION('',(-2.076602795142E-29,-1.,-2.973811673103E-15));
#3536 = DIRECTION('',(0.,2.973811673103E-15,-1.));
#3537 = ADVANCED_FACE('',(#3538),#3563,.F.);
#3538 = FACE_BOUND('',#3539,.T.);
#3539 = EDGE_LOOP('',(#3540,#3548,#3556,#3562));
#3540 = ORIENTED_EDGE('',*,*,#3541,.T.);
#3541 = EDGE_CURVE('',#3504,#3542,#3544,.T.);
#3542 = VERTEX_POINT('',#3543);
#3543 = CARTESIAN_POINT('',(0.4,2.085,2.645));
#3544 = LINE('',#3545,#3546);
#3545 = CARTESIAN_POINT('',(0.4,2.435,2.645));
#3546 = VECTOR('',#3547,1.);
#3547 = DIRECTION('',(0.,-1.,-1.239088197126E-15));
#3548 = ORIENTED_EDGE('',*,*,#3549,.F.);
#3549 = EDGE_CURVE('',#3550,#3542,#3552,.T.);
#3550 = VERTEX_POINT('',#3551);
#3551 = CARTESIAN_POINT('',(0.6,2.085,2.645));
#3552 = LINE('',#3553,#3554);
#3553 = CARTESIAN_POINT('',(0.6,2.085,2.645));
#3554 = VECTOR('',#3555,1.);
#3555 = DIRECTION('',(-1.,-5.605193857299E-45,6.982966722219E-15));
#3556 = ORIENTED_EDGE('',*,*,#3557,.F.);
#3557 = EDGE_CURVE('',#3512,#3550,#3558,.T.);
#3558 = LINE('',#3559,#3560);
#3559 = CARTESIAN_POINT('',(0.6,2.435,2.645));
#3560 = VECTOR('',#3561,1.);
#3561 = DIRECTION('',(0.,-1.,-1.239088197126E-15));
#3562 = ORIENTED_EDGE('',*,*,#3511,.T.);
#3563 = PLANE('',#3564);
#3564 = AXIS2_PLACEMENT_3D('',#3565,#3566,#3567);
#3565 = CARTESIAN_POINT('',(0.6,2.435,2.645));
#3566 = DIRECTION('',(-6.982966722219E-15,1.239088197126E-15,-1.));
#3567 = DIRECTION('',(-1.,0.,6.982966722219E-15));
#3568 = ADVANCED_FACE('',(#3569),#3594,.F.);
#3569 = FACE_BOUND('',#3570,.T.);
#3570 = EDGE_LOOP('',(#3571,#3579,#3587,#3593));
#3571 = ORIENTED_EDGE('',*,*,#3572,.T.);
#3572 = EDGE_CURVE('',#3542,#3573,#3575,.T.);
#3573 = VERTEX_POINT('',#3574);
#3574 = CARTESIAN_POINT('',(0.4,1.955,0.895));
#3575 = LINE('',#3576,#3577);
#3576 = CARTESIAN_POINT('',(0.4,2.085,2.645));
#3577 = VECTOR('',#3578,1.);
#3578 = DIRECTION('',(-7.166963780252E-15,-7.408159078957E-02,
    -0.997252183706));
#3579 = ORIENTED_EDGE('',*,*,#3580,.F.);
#3580 = EDGE_CURVE('',#3581,#3573,#3583,.T.);
#3581 = VERTEX_POINT('',#3582);
#3582 = CARTESIAN_POINT('',(0.6,1.955,0.895));
#3583 = LINE('',#3584,#3585);
#3584 = CARTESIAN_POINT('',(0.6,1.955,0.895));
#3585 = VECTOR('',#3586,1.);
#3586 = DIRECTION('',(-1.,-5.605193857299E-45,6.982966722219E-15));
#3587 = ORIENTED_EDGE('',*,*,#3588,.F.);
#3588 = EDGE_CURVE('',#3550,#3581,#3589,.T.);
#3589 = LINE('',#3590,#3591);
#3590 = CARTESIAN_POINT('',(0.6,2.085,2.645));
#3591 = VECTOR('',#3592,1.);
#3592 = DIRECTION('',(-7.166963780252E-15,-7.408159078957E-02,
    -0.997252183706));
#3593 = ORIENTED_EDGE('',*,*,#3549,.T.);
#3594 = PLANE('',#3595);
#3595 = AXIS2_PLACEMENT_3D('',#3596,#3597,#3598);
#3596 = CARTESIAN_POINT('',(0.6,2.085,2.645));
#3597 = DIRECTION('',(-5.173092832126E-16,0.997252183706,
    -7.408159078957E-02));
#3598 = DIRECTION('',(0.,7.408159078957E-02,0.997252183706));
#3599 = ADVANCED_FACE('',(#3600),#3625,.F.);
#3600 = FACE_BOUND('',#3601,.T.);
#3601 = EDGE_LOOP('',(#3602,#3610,#3618,#3624));
#3602 = ORIENTED_EDGE('',*,*,#3603,.T.);
#3603 = EDGE_CURVE('',#3573,#3604,#3606,.T.);
#3604 = VERTEX_POINT('',#3605);
#3605 = CARTESIAN_POINT('',(0.4,1.955,0.195));
#3606 = LINE('',#3607,#3608);
#3607 = CARTESIAN_POINT('',(0.4,1.955,0.895));
#3608 = VECTOR('',#3609,1.);
#3609 = DIRECTION('',(-6.814985084195E-15,0.,-1.));
#3610 = ORIENTED_EDGE('',*,*,#3611,.F.);
#3611 = EDGE_CURVE('',#3612,#3604,#3614,.T.);
#3612 = VERTEX_POINT('',#3613);
#3613 = CARTESIAN_POINT('',(0.6,1.955,0.195));
#3614 = LINE('',#3615,#3616);
#3615 = CARTESIAN_POINT('',(0.6,1.955,0.195));
#3616 = VECTOR('',#3617,1.);
#3617 = DIRECTION('',(-1.,-5.605193857299E-45,6.982966722219E-15));
#3618 = ORIENTED_EDGE('',*,*,#3619,.F.);
#3619 = EDGE_CURVE('',#3581,#3612,#3620,.T.);
#3620 = LINE('',#3621,#3622);
#3621 = CARTESIAN_POINT('',(0.6,1.955,0.895));
#3622 = VECTOR('',#3623,1.);
#3623 = DIRECTION('',(-6.814985084195E-15,0.,-1.));
#3624 = ORIENTED_EDGE('',*,*,#3580,.T.);
#3625 = PLANE('',#3626);
#3626 = AXIS2_PLACEMENT_3D('',#3627,#3628,#3629);
#3627 = CARTESIAN_POINT('',(0.6,1.955,0.895));
#3628 = DIRECTION('',(-5.605193857299E-45,1.,3.819931253151E-59));
#3629 = DIRECTION('',(-1.,-5.605193857299E-45,0.));
#3630 = ADVANCED_FACE('',(#3631),#3656,.F.);
#3631 = FACE_BOUND('',#3632,.T.);
#3632 = EDGE_LOOP('',(#3633,#3641,#3649,#3655));
#3633 = ORIENTED_EDGE('',*,*,#3634,.T.);
#3634 = EDGE_CURVE('',#3604,#3635,#3637,.T.);
#3635 = VERTEX_POINT('',#3636);
#3636 = CARTESIAN_POINT('',(0.4,0.845,0.195));
#3637 = LINE('',#3638,#3639);
#3638 = CARTESIAN_POINT('',(0.4,0.845,0.195));
#3639 = VECTOR('',#3640,1.);
#3640 = DIRECTION('',(-0.,-1.,2.490734720575E-15));
#3641 = ORIENTED_EDGE('',*,*,#3642,.F.);
#3642 = EDGE_CURVE('',#3643,#3635,#3645,.T.);
#3643 = VERTEX_POINT('',#3644);
#3644 = CARTESIAN_POINT('',(0.6,0.845,0.195));
#3645 = LINE('',#3646,#3647);
#3646 = CARTESIAN_POINT('',(0.6,0.845,0.195));
#3647 = VECTOR('',#3648,1.);
#3648 = DIRECTION('',(-1.,-5.605193857299E-45,6.982966722219E-15));
#3649 = ORIENTED_EDGE('',*,*,#3650,.F.);
#3650 = EDGE_CURVE('',#3612,#3643,#3651,.T.);
#3651 = LINE('',#3652,#3653);
#3652 = CARTESIAN_POINT('',(0.6,0.845,0.195));
#3653 = VECTOR('',#3654,1.);
#3654 = DIRECTION('',(-0.,-1.,2.490734720575E-15));
#3655 = ORIENTED_EDGE('',*,*,#3611,.T.);
#3656 = PLANE('',#3657);
#3657 = AXIS2_PLACEMENT_3D('',#3658,#3659,#3660);
#3658 = CARTESIAN_POINT('',(0.6,0.845,0.195));
#3659 = DIRECTION('',(-6.982966722219E-15,-2.490734720575E-15,-1.));
#3660 = DIRECTION('',(-1.,0.,6.982966722219E-15));
#3661 = ADVANCED_FACE('',(#3662),#3689,.T.);
#3662 = FACE_BOUND('',#3663,.T.);
#3663 = EDGE_LOOP('',(#3664,#3673,#3681,#3688));
#3664 = ORIENTED_EDGE('',*,*,#3665,.T.);
#3665 = EDGE_CURVE('',#3635,#3666,#3668,.T.);
#3666 = VERTEX_POINT('',#3667);
#3667 = CARTESIAN_POINT('',(0.4,0.774289321881,0.165710678119));
#3668 = CIRCLE('',#3669,0.1);
#3669 = AXIS2_PLACEMENT_3D('',#3670,#3671,#3672);
#3670 = CARTESIAN_POINT('',(0.4,0.845,9.499999999999E-02));
#3671 = DIRECTION('',(1.,5.605193857299E-45,-6.982966722219E-15));
#3672 = DIRECTION('',(6.982966722219E-15,-3.606796452549E-61,1.));
#3673 = ORIENTED_EDGE('',*,*,#3674,.F.);
#3674 = EDGE_CURVE('',#3675,#3666,#3677,.T.);
#3675 = VERTEX_POINT('',#3676);
#3676 = CARTESIAN_POINT('',(0.6,0.774289321881,0.165710678119));
#3677 = LINE('',#3678,#3679);
#3678 = CARTESIAN_POINT('',(0.6,0.774289321881,0.165710678119));
#3679 = VECTOR('',#3680,1.);
#3680 = DIRECTION('',(-1.,-5.605193857299E-45,6.982966722219E-15));
#3681 = ORIENTED_EDGE('',*,*,#3682,.F.);
#3682 = EDGE_CURVE('',#3643,#3675,#3683,.T.);
#3683 = CIRCLE('',#3684,0.1);
#3684 = AXIS2_PLACEMENT_3D('',#3685,#3686,#3687);
#3685 = CARTESIAN_POINT('',(0.6,0.845,9.499999999999E-02));
#3686 = DIRECTION('',(1.,5.605193857299E-45,-6.982966722219E-15));
#3687 = DIRECTION('',(6.982966722219E-15,2.677902033388E-60,1.));
#3688 = ORIENTED_EDGE('',*,*,#3642,.T.);
#3689 = CYLINDRICAL_SURFACE('',#3690,0.1);
#3690 = AXIS2_PLACEMENT_3D('',#3691,#3692,#3693);
#3691 = CARTESIAN_POINT('',(0.6,0.845,9.499999999999E-02));
#3692 = DIRECTION('',(-1.,-5.605193857299E-45,6.982966722219E-15));
#3693 = DIRECTION('',(6.982966722219E-15,2.677902033388E-60,1.));
#3694 = ADVANCED_FACE('',(#3695),#3720,.F.);
#3695 = FACE_BOUND('',#3696,.T.);
#3696 = EDGE_LOOP('',(#3697,#3705,#3713,#3719));
#3697 = ORIENTED_EDGE('',*,*,#3698,.T.);
#3698 = EDGE_CURVE('',#3666,#3699,#3701,.T.);
#3699 = VERTEX_POINT('',#3700);
#3700 = CARTESIAN_POINT('',(0.4,0.324289321881,-0.284289321881));
#3701 = LINE('',#3702,#3703);
#3702 = CARTESIAN_POINT('',(0.4,0.324289321881,-0.284289321881));
#3703 = VECTOR('',#3704,1.);
#3704 = DIRECTION('',(-5.451709925985E-15,-0.707106781187,
    -0.707106781187));
#3705 = ORIENTED_EDGE('',*,*,#3706,.F.);
#3706 = EDGE_CURVE('',#3707,#3699,#3709,.T.);
#3707 = VERTEX_POINT('',#3708);
#3708 = CARTESIAN_POINT('',(0.6,0.324289321881,-0.284289321881));
#3709 = LINE('',#3710,#3711);
#3710 = CARTESIAN_POINT('',(0.6,0.324289321881,-0.284289321881));
#3711 = VECTOR('',#3712,1.);
#3712 = DIRECTION('',(-1.,-5.605193857299E-45,6.982966722219E-15));
#3713 = ORIENTED_EDGE('',*,*,#3714,.F.);
#3714 = EDGE_CURVE('',#3675,#3707,#3715,.T.);
#3715 = LINE('',#3716,#3717);
#3716 = CARTESIAN_POINT('',(0.6,0.324289321881,-0.284289321881));
#3717 = VECTOR('',#3718,1.);
#3718 = DIRECTION('',(-5.451709925985E-15,-0.707106781187,
    -0.707106781187));
#3719 = ORIENTED_EDGE('',*,*,#3674,.T.);
#3720 = PLANE('',#3721);
#3721 = AXIS2_PLACEMENT_3D('',#3722,#3723,#3724);
#3722 = CARTESIAN_POINT('',(0.6,0.324289321881,-0.284289321881));
#3723 = DIRECTION('',(-4.937703122081E-15,0.707106781187,-0.707106781187
    ));
#3724 = DIRECTION('',(0.,0.707106781187,0.707106781187));
#3725 = ADVANCED_FACE('',(#3726),#3753,.T.);
#3726 = FACE_BOUND('',#3727,.T.);
#3727 = EDGE_LOOP('',(#3728,#3737,#3745,#3752));
#3728 = ORIENTED_EDGE('',*,*,#3729,.T.);
#3729 = EDGE_CURVE('',#3699,#3730,#3732,.T.);
#3730 = VERTEX_POINT('',#3731);
#3731 = CARTESIAN_POINT('',(0.4,0.295,-0.355));
#3732 = CIRCLE('',#3733,1.E-01);
#3733 = AXIS2_PLACEMENT_3D('',#3734,#3735,#3736);
#3734 = CARTESIAN_POINT('',(0.4,0.395,-0.355));
#3735 = DIRECTION('',(1.,5.605193857299E-45,-6.982966722219E-15));
#3736 = DIRECTION('',(6.982966722219E-15,-3.60679645255E-61,1.));
#3737 = ORIENTED_EDGE('',*,*,#3738,.F.);
#3738 = EDGE_CURVE('',#3739,#3730,#3741,.T.);
#3739 = VERTEX_POINT('',#3740);
#3740 = CARTESIAN_POINT('',(0.6,0.295,-0.355));
#3741 = LINE('',#3742,#3743);
#3742 = CARTESIAN_POINT('',(0.6,0.295,-0.355));
#3743 = VECTOR('',#3744,1.);
#3744 = DIRECTION('',(-1.,-5.605193857299E-45,6.982966722219E-15));
#3745 = ORIENTED_EDGE('',*,*,#3746,.F.);
#3746 = EDGE_CURVE('',#3707,#3739,#3747,.T.);
#3747 = CIRCLE('',#3748,1.E-01);
#3748 = AXIS2_PLACEMENT_3D('',#3749,#3750,#3751);
#3749 = CARTESIAN_POINT('',(0.6,0.395,-0.355));
#3750 = DIRECTION('',(1.,5.605193857299E-45,-6.982966722219E-15));
#3751 = DIRECTION('',(6.982966722219E-15,2.677902033388E-60,1.));
#3752 = ORIENTED_EDGE('',*,*,#3706,.T.);
#3753 = CYLINDRICAL_SURFACE('',#3754,1.E-01);
#3754 = AXIS2_PLACEMENT_3D('',#3755,#3756,#3757);
#3755 = CARTESIAN_POINT('',(0.6,0.395,-0.355));
#3756 = DIRECTION('',(-1.,-5.605193857299E-45,6.982966722219E-15));
#3757 = DIRECTION('',(6.982966722219E-15,2.677902033388E-60,1.));
#3758 = ADVANCED_FACE('',(#3759),#3784,.F.);
#3759 = FACE_BOUND('',#3760,.T.);
#3760 = EDGE_LOOP('',(#3761,#3769,#3777,#3783));
#3761 = ORIENTED_EDGE('',*,*,#3762,.T.);
#3762 = EDGE_CURVE('',#3730,#3763,#3765,.T.);
#3763 = VERTEX_POINT('',#3764);
#3764 = CARTESIAN_POINT('',(0.4,0.295,-0.955));
#3765 = LINE('',#3766,#3767);
#3766 = CARTESIAN_POINT('',(0.4,0.295,-0.355));
#3767 = VECTOR('',#3768,1.);
#3768 = DIRECTION('',(-6.505213034913E-15,9.035018104046E-17,-1.));
#3769 = ORIENTED_EDGE('',*,*,#3770,.F.);
#3770 = EDGE_CURVE('',#3771,#3763,#3773,.T.);
#3771 = VERTEX_POINT('',#3772);
#3772 = CARTESIAN_POINT('',(0.6,0.295,-0.955));
#3773 = LINE('',#3774,#3775);
#3774 = CARTESIAN_POINT('',(0.6,0.295,-0.955));
#3775 = VECTOR('',#3776,1.);
#3776 = DIRECTION('',(-1.,-5.605193857299E-45,6.982966722219E-15));
#3777 = ORIENTED_EDGE('',*,*,#3778,.F.);
#3778 = EDGE_CURVE('',#3739,#3771,#3779,.T.);
#3779 = LINE('',#3780,#3781);
#3780 = CARTESIAN_POINT('',(0.6,0.295,-0.355));
#3781 = VECTOR('',#3782,1.);
#3782 = DIRECTION('',(-6.505213034913E-15,9.035018104046E-17,-1.));
#3783 = ORIENTED_EDGE('',*,*,#3738,.T.);
#3784 = PLANE('',#3785);
#3785 = AXIS2_PLACEMENT_3D('',#3786,#3787,#3788);
#3786 = CARTESIAN_POINT('',(0.6,0.295,-0.355));
#3787 = DIRECTION('',(6.30912307552E-31,1.,9.035018104046E-17));
#3788 = DIRECTION('',(0.,-9.035018104046E-17,1.));
#3789 = ADVANCED_FACE('',(#3790),#3817,.T.);
#3790 = FACE_BOUND('',#3791,.T.);
#3791 = EDGE_LOOP('',(#3792,#3801,#3809,#3816));
#3792 = ORIENTED_EDGE('',*,*,#3793,.T.);
#3793 = EDGE_CURVE('',#3763,#3794,#3796,.T.);
#3794 = VERTEX_POINT('',#3795);
#3795 = CARTESIAN_POINT('',(0.4,0.495,-0.955));
#3796 = CIRCLE('',#3797,0.1);
#3797 = AXIS2_PLACEMENT_3D('',#3798,#3799,#3800);
#3798 = CARTESIAN_POINT('',(0.4,0.395,-0.955));
#3799 = DIRECTION('',(1.,5.605193857299E-45,-6.982966722219E-15));
#3800 = DIRECTION('',(-6.982966722219E-15,3.606796452546E-61,-1.));
#3801 = ORIENTED_EDGE('',*,*,#3802,.F.);
#3802 = EDGE_CURVE('',#3803,#3794,#3805,.T.);
#3803 = VERTEX_POINT('',#3804);
#3804 = CARTESIAN_POINT('',(0.6,0.495,-0.955));
#3805 = LINE('',#3806,#3807);
#3806 = CARTESIAN_POINT('',(0.6,0.495,-0.955));
#3807 = VECTOR('',#3808,1.);
#3808 = DIRECTION('',(-1.,-5.605193857299E-45,6.982966722219E-15));
#3809 = ORIENTED_EDGE('',*,*,#3810,.F.);
#3810 = EDGE_CURVE('',#3771,#3803,#3811,.T.);
#3811 = CIRCLE('',#3812,0.1);
#3812 = AXIS2_PLACEMENT_3D('',#3813,#3814,#3815);
#3813 = CARTESIAN_POINT('',(0.6,0.395,-0.955));
#3814 = DIRECTION('',(1.,5.605193857299E-45,-6.982966722219E-15));
#3815 = DIRECTION('',(-6.982966722219E-15,-2.677902033388E-60,-1.));
#3816 = ORIENTED_EDGE('',*,*,#3770,.T.);
#3817 = CYLINDRICAL_SURFACE('',#3818,0.1);
#3818 = AXIS2_PLACEMENT_3D('',#3819,#3820,#3821);
#3819 = CARTESIAN_POINT('',(0.6,0.395,-0.955));
#3820 = DIRECTION('',(-1.,-5.605193857299E-45,6.982966722219E-15));
#3821 = DIRECTION('',(6.982966722219E-15,2.677902033388E-60,1.));
#3822 = ADVANCED_FACE('',(#3823),#3848,.F.);
#3823 = FACE_BOUND('',#3824,.T.);
#3824 = EDGE_LOOP('',(#3825,#3833,#3841,#3847));
#3825 = ORIENTED_EDGE('',*,*,#3826,.T.);
#3826 = EDGE_CURVE('',#3794,#3827,#3829,.T.);
#3827 = VERTEX_POINT('',#3828);
#3828 = CARTESIAN_POINT('',(0.4,0.495,-0.575952050175));
#3829 = LINE('',#3830,#3831);
#3830 = CARTESIAN_POINT('',(0.4,0.495,-0.955));
#3831 = VECTOR('',#3832,1.);
#3832 = DIRECTION('',(6.864791684448E-15,0.,1.));
#3833 = ORIENTED_EDGE('',*,*,#3834,.F.);
#3834 = EDGE_CURVE('',#3835,#3827,#3837,.T.);
#3835 = VERTEX_POINT('',#3836);
#3836 = CARTESIAN_POINT('',(0.6,0.495,-0.575952050175));
#3837 = LINE('',#3838,#3839);
#3838 = CARTESIAN_POINT('',(0.6,0.495,-0.575952050175));
#3839 = VECTOR('',#3840,1.);
#3840 = DIRECTION('',(-1.,-5.605193857299E-45,6.982966722219E-15));
#3841 = ORIENTED_EDGE('',*,*,#3842,.F.);
#3842 = EDGE_CURVE('',#3803,#3835,#3843,.T.);
#3843 = LINE('',#3844,#3845);
#3844 = CARTESIAN_POINT('',(0.6,0.495,-0.955));
#3845 = VECTOR('',#3846,1.);
#3846 = DIRECTION('',(6.864791684448E-15,0.,1.));
#3847 = ORIENTED_EDGE('',*,*,#3802,.T.);
#3848 = PLANE('',#3849);
#3849 = AXIS2_PLACEMENT_3D('',#3850,#3851,#3852);
#3850 = CARTESIAN_POINT('',(0.6,0.495,-0.955));
#3851 = DIRECTION('',(5.605193857299E-45,-1.,-3.847848818131E-59));
#3852 = DIRECTION('',(1.,5.605193857299E-45,0.));
#3853 = ADVANCED_FACE('',(#3854),#3879,.F.);
#3854 = FACE_BOUND('',#3855,.T.);
#3855 = EDGE_LOOP('',(#3856,#3864,#3872,#3878));
#3856 = ORIENTED_EDGE('',*,*,#3857,.T.);
#3857 = EDGE_CURVE('',#3827,#3858,#3860,.T.);
#3858 = VERTEX_POINT('',#3859);
#3859 = CARTESIAN_POINT('',(0.4,0.886662728294,-0.184289321881));
#3860 = LINE('',#3861,#3862);
#3861 = CARTESIAN_POINT('',(0.4,0.495,-0.575952050175));
#3862 = VECTOR('',#3863,1.);
#3863 = DIRECTION('',(4.69779728093E-15,0.707106781187,0.707106781187));
#3864 = ORIENTED_EDGE('',*,*,#3865,.F.);
#3865 = EDGE_CURVE('',#3866,#3858,#3868,.T.);
#3866 = VERTEX_POINT('',#3867);
#3867 = CARTESIAN_POINT('',(0.6,0.886662728294,-0.184289321881));
#3868 = LINE('',#3869,#3870);
#3869 = CARTESIAN_POINT('',(0.6,0.886662728294,-0.184289321881));
#3870 = VECTOR('',#3871,1.);
#3871 = DIRECTION('',(-1.,-5.605193857299E-45,6.982966722219E-15));
#3872 = ORIENTED_EDGE('',*,*,#3873,.F.);
#3873 = EDGE_CURVE('',#3835,#3866,#3874,.T.);
#3874 = LINE('',#3875,#3876);
#3875 = CARTESIAN_POINT('',(0.6,0.495,-0.575952050175));
#3876 = VECTOR('',#3877,1.);
#3877 = DIRECTION('',(4.69779728093E-15,0.707106781187,0.707106781187));
#3878 = ORIENTED_EDGE('',*,*,#3834,.T.);
#3879 = PLANE('',#3880);
#3880 = AXIS2_PLACEMENT_3D('',#3881,#3882,#3883);
#3881 = CARTESIAN_POINT('',(0.6,0.495,-0.575952050175));
#3882 = DIRECTION('',(4.937703122081E-15,-0.707106781187,0.707106781187)
  );
#3883 = DIRECTION('',(0.,-0.707106781187,-0.707106781187));
#3884 = ADVANCED_FACE('',(#3885),#3912,.F.);
#3885 = FACE_BOUND('',#3886,.F.);
#3886 = EDGE_LOOP('',(#3887,#3888,#3897,#3905));
#3887 = ORIENTED_EDGE('',*,*,#3865,.F.);
#3888 = ORIENTED_EDGE('',*,*,#3889,.T.);
#3889 = EDGE_CURVE('',#3866,#3890,#3892,.T.);
#3890 = VERTEX_POINT('',#3891);
#3891 = CARTESIAN_POINT('',(0.6,0.957373406412,-0.155));
#3892 = CIRCLE('',#3893,0.1);
#3893 = AXIS2_PLACEMENT_3D('',#3894,#3895,#3896);
#3894 = CARTESIAN_POINT('',(0.6,0.957373406412,-0.255));
#3895 = DIRECTION('',(-1.,-5.605193857299E-45,6.982966722219E-15));
#3896 = DIRECTION('',(6.982966722219E-15,2.677902033388E-60,1.));
#3897 = ORIENTED_EDGE('',*,*,#3898,.T.);
#3898 = EDGE_CURVE('',#3890,#3899,#3901,.T.);
#3899 = VERTEX_POINT('',#3900);
#3900 = CARTESIAN_POINT('',(0.4,0.957373406412,-0.155));
#3901 = LINE('',#3902,#3903);
#3902 = CARTESIAN_POINT('',(0.6,0.957373406412,-0.155));
#3903 = VECTOR('',#3904,1.);
#3904 = DIRECTION('',(-1.,-5.605193857299E-45,6.982966722219E-15));
#3905 = ORIENTED_EDGE('',*,*,#3906,.F.);
#3906 = EDGE_CURVE('',#3858,#3899,#3907,.T.);
#3907 = CIRCLE('',#3908,0.1);
#3908 = AXIS2_PLACEMENT_3D('',#3909,#3910,#3911);
#3909 = CARTESIAN_POINT('',(0.4,0.957373406412,-0.255));
#3910 = DIRECTION('',(-1.,-5.605193857299E-45,6.982966722219E-15));
#3911 = DIRECTION('',(6.982966722219E-15,-3.606796452549E-61,1.));
#3912 = CYLINDRICAL_SURFACE('',#3913,0.1);
#3913 = AXIS2_PLACEMENT_3D('',#3914,#3915,#3916);
#3914 = CARTESIAN_POINT('',(0.6,0.957373406412,-0.255));
#3915 = DIRECTION('',(-1.,-5.605193857299E-45,6.982966722219E-15));
#3916 = DIRECTION('',(6.982966722219E-15,2.677902033388E-60,1.));
#3917 = ADVANCED_FACE('',(#3918),#3943,.F.);
#3918 = FACE_BOUND('',#3919,.T.);
#3919 = EDGE_LOOP('',(#3920,#3928,#3936,#3942));
#3920 = ORIENTED_EDGE('',*,*,#3921,.T.);
#3921 = EDGE_CURVE('',#3899,#3922,#3924,.T.);
#3922 = VERTEX_POINT('',#3923);
#3923 = CARTESIAN_POINT('',(0.4,2.655,-0.155));
#3924 = LINE('',#3925,#3926);
#3925 = CARTESIAN_POINT('',(0.4,0.957373406412,-0.155));
#3926 = VECTOR('',#3927,1.);
#3927 = DIRECTION('',(0.,1.,1.59664406852E-17));
#3928 = ORIENTED_EDGE('',*,*,#3929,.F.);
#3929 = EDGE_CURVE('',#3930,#3922,#3932,.T.);
#3930 = VERTEX_POINT('',#3931);
#3931 = CARTESIAN_POINT('',(0.6,2.655,-0.155));
#3932 = LINE('',#3933,#3934);
#3933 = CARTESIAN_POINT('',(0.6,2.655,-0.155));
#3934 = VECTOR('',#3935,1.);
#3935 = DIRECTION('',(-1.,-5.605193857299E-45,6.982966722219E-15));
#3936 = ORIENTED_EDGE('',*,*,#3937,.F.);
#3937 = EDGE_CURVE('',#3890,#3930,#3938,.T.);
#3938 = LINE('',#3939,#3940);
#3939 = CARTESIAN_POINT('',(0.6,0.957373406412,-0.155));
#3940 = VECTOR('',#3941,1.);
#3941 = DIRECTION('',(0.,1.,1.59664406852E-17));
#3942 = ORIENTED_EDGE('',*,*,#3898,.T.);
#3943 = PLANE('',#3944);
#3944 = AXIS2_PLACEMENT_3D('',#3945,#3946,#3947);
#3945 = CARTESIAN_POINT('',(0.6,0.957373406412,-0.155));
#3946 = DIRECTION('',(6.982966722219E-15,-1.59664406852E-17,1.));
#3947 = DIRECTION('',(1.,0.,-6.982966722219E-15));
#3948 = ADVANCED_FACE('',(#3949),#3976,.T.);
#3949 = FACE_BOUND('',#3950,.T.);
#3950 = EDGE_LOOP('',(#3951,#3960,#3968,#3975));
#3951 = ORIENTED_EDGE('',*,*,#3952,.T.);
#3952 = EDGE_CURVE('',#3922,#3953,#3955,.T.);
#3953 = VERTEX_POINT('',#3954);
#3954 = CARTESIAN_POINT('',(0.4,2.755,-5.500000000001E-02));
#3955 = CIRCLE('',#3956,1.E-01);
#3956 = AXIS2_PLACEMENT_3D('',#3957,#3958,#3959);
#3957 = CARTESIAN_POINT('',(0.4,2.655,-5.500000000001E-02));
#3958 = DIRECTION('',(1.,5.605193857299E-45,-6.982966722219E-15));
#3959 = DIRECTION('',(-6.982966722219E-15,3.60679645255E-61,-1.));
#3960 = ORIENTED_EDGE('',*,*,#3961,.F.);
#3961 = EDGE_CURVE('',#3962,#3953,#3964,.T.);
#3962 = VERTEX_POINT('',#3963);
#3963 = CARTESIAN_POINT('',(0.6,2.755,-5.500000000002E-02));
#3964 = LINE('',#3965,#3966);
#3965 = CARTESIAN_POINT('',(0.6,2.755,-5.500000000002E-02));
#3966 = VECTOR('',#3967,1.);
#3967 = DIRECTION('',(-1.,-5.605193857299E-45,6.982966722219E-15));
#3968 = ORIENTED_EDGE('',*,*,#3969,.F.);
#3969 = EDGE_CURVE('',#3930,#3962,#3970,.T.);
#3970 = CIRCLE('',#3971,1.E-01);
#3971 = AXIS2_PLACEMENT_3D('',#3972,#3973,#3974);
#3972 = CARTESIAN_POINT('',(0.6,2.655,-5.500000000002E-02));
#3973 = DIRECTION('',(1.,5.605193857299E-45,-6.982966722219E-15));
#3974 = DIRECTION('',(-6.982966722219E-15,-2.677902033388E-60,-1.));
#3975 = ORIENTED_EDGE('',*,*,#3929,.T.);
#3976 = CYLINDRICAL_SURFACE('',#3977,1.E-01);
#3977 = AXIS2_PLACEMENT_3D('',#3978,#3979,#3980);
#3978 = CARTESIAN_POINT('',(0.6,2.655,-5.500000000002E-02));
#3979 = DIRECTION('',(-1.,-5.605193857299E-45,6.982966722219E-15));
#3980 = DIRECTION('',(6.982966722219E-15,2.677902033388E-60,1.));
#3981 = ADVANCED_FACE('',(#3982),#4007,.F.);
#3982 = FACE_BOUND('',#3983,.T.);
#3983 = EDGE_LOOP('',(#3984,#3992,#4000,#4006));
#3984 = ORIENTED_EDGE('',*,*,#3985,.T.);
#3985 = EDGE_CURVE('',#3953,#3986,#3988,.T.);
#3986 = VERTEX_POINT('',#3987);
#3987 = CARTESIAN_POINT('',(0.4,2.755,9.499999999999E-02));
#3988 = LINE('',#3989,#3990);
#3989 = CARTESIAN_POINT('',(0.4,2.755,-5.500000000001E-02));
#3990 = VECTOR('',#3991,1.);
#3991 = DIRECTION('',(8.673617379884E-15,0.,1.));
#3992 = ORIENTED_EDGE('',*,*,#3993,.F.);
#3993 = EDGE_CURVE('',#3994,#3986,#3996,.T.);
#3994 = VERTEX_POINT('',#3995);
#3995 = CARTESIAN_POINT('',(0.6,2.755,9.499999999999E-02));
#3996 = LINE('',#3997,#3998);
#3997 = CARTESIAN_POINT('',(0.6,2.755,9.499999999999E-02));
#3998 = VECTOR('',#3999,1.);
#3999 = DIRECTION('',(-1.,-5.605193857299E-45,6.982966722219E-15));
#4000 = ORIENTED_EDGE('',*,*,#4001,.F.);
#4001 = EDGE_CURVE('',#3962,#3994,#4002,.T.);
#4002 = LINE('',#4003,#4004);
#4003 = CARTESIAN_POINT('',(0.6,2.755,-5.500000000002E-02));
#4004 = VECTOR('',#4005,1.);
#4005 = DIRECTION('',(8.673617379884E-15,0.,1.));
#4006 = ORIENTED_EDGE('',*,*,#3961,.T.);
#4007 = PLANE('',#4008);
#4008 = AXIS2_PLACEMENT_3D('',#4009,#4010,#4011);
#4009 = CARTESIAN_POINT('',(0.6,2.755,-5.500000000002E-02));
#4010 = DIRECTION('',(5.605193857299E-45,-1.,-4.861730685829E-59));
#4011 = DIRECTION('',(1.,5.605193857299E-45,0.));
#4012 = ADVANCED_FACE('',(#4013),#4040,.T.);
#4013 = FACE_BOUND('',#4014,.T.);
#4014 = EDGE_LOOP('',(#4015,#4024,#4032,#4039));
#4015 = ORIENTED_EDGE('',*,*,#4016,.T.);
#4016 = EDGE_CURVE('',#3986,#4017,#4019,.T.);
#4017 = VERTEX_POINT('',#4018);
#4018 = CARTESIAN_POINT('',(0.4,2.655,0.195));
#4019 = CIRCLE('',#4020,1.E-01);
#4020 = AXIS2_PLACEMENT_3D('',#4021,#4022,#4023);
#4021 = CARTESIAN_POINT('',(0.4,2.655,9.499999999999E-02));
#4022 = DIRECTION('',(1.,5.605193857299E-45,-6.982966722219E-15));
#4023 = DIRECTION('',(-6.982966722219E-15,3.60679645255E-61,-1.));
#4024 = ORIENTED_EDGE('',*,*,#4025,.F.);
#4025 = EDGE_CURVE('',#4026,#4017,#4028,.T.);
#4026 = VERTEX_POINT('',#4027);
#4027 = CARTESIAN_POINT('',(0.6,2.655,0.195));
#4028 = LINE('',#4029,#4030);
#4029 = CARTESIAN_POINT('',(0.6,2.655,0.195));
#4030 = VECTOR('',#4031,1.);
#4031 = DIRECTION('',(-1.,-5.605193857299E-45,6.982966722219E-15));
#4032 = ORIENTED_EDGE('',*,*,#4033,.F.);
#4033 = EDGE_CURVE('',#3994,#4026,#4034,.T.);
#4034 = CIRCLE('',#4035,1.E-01);
#4035 = AXIS2_PLACEMENT_3D('',#4036,#4037,#4038);
#4036 = CARTESIAN_POINT('',(0.6,2.655,9.499999999999E-02));
#4037 = DIRECTION('',(1.,5.605193857299E-45,-6.982966722219E-15));
#4038 = DIRECTION('',(-6.982966722219E-15,-2.677902033388E-60,-1.));
#4039 = ORIENTED_EDGE('',*,*,#3993,.T.);
#4040 = CYLINDRICAL_SURFACE('',#4041,1.E-01);
#4041 = AXIS2_PLACEMENT_3D('',#4042,#4043,#4044);
#4042 = CARTESIAN_POINT('',(0.6,2.655,9.499999999999E-02));
#4043 = DIRECTION('',(-1.,-5.605193857299E-45,6.982966722219E-15));
#4044 = DIRECTION('',(6.982966722219E-15,2.677902033388E-60,1.));
#4045 = ADVANCED_FACE('',(#4046),#4062,.F.);
#4046 = FACE_BOUND('',#4047,.T.);
#4047 = EDGE_LOOP('',(#4048,#4054,#4055,#4061));
#4048 = ORIENTED_EDGE('',*,*,#4049,.T.);
#4049 = EDGE_CURVE('',#4017,#3502,#4050,.T.);
#4050 = LINE('',#4051,#4052);
#4051 = CARTESIAN_POINT('',(0.4,2.655,0.195));
#4052 = VECTOR('',#4053,1.);
#4053 = DIRECTION('',(0.,-1.,-4.435372523804E-15));
#4054 = ORIENTED_EDGE('',*,*,#3527,.F.);
#4055 = ORIENTED_EDGE('',*,*,#4056,.F.);
#4056 = EDGE_CURVE('',#4026,#3520,#4057,.T.);
#4057 = LINE('',#4058,#4059);
#4058 = CARTESIAN_POINT('',(0.6,2.655,0.195));
#4059 = VECTOR('',#4060,1.);
#4060 = DIRECTION('',(0.,-1.,-4.435372523804E-15));
#4061 = ORIENTED_EDGE('',*,*,#4025,.T.);
#4062 = PLANE('',#4063);
#4063 = AXIS2_PLACEMENT_3D('',#4064,#4065,#4066);
#4064 = CARTESIAN_POINT('',(0.6,2.655,0.195));
#4065 = DIRECTION('',(-6.982966722219E-15,4.435372523804E-15,-1.));
#4066 = DIRECTION('',(-1.,0.,6.982966722219E-15));
#4067 = ADVANCED_FACE('',(#4068),#4088,.F.);
#4068 = FACE_BOUND('',#4069,.T.);
#4069 = EDGE_LOOP('',(#4070,#4071,#4072,#4073,#4074,#4075,#4076,#4077,
    #4078,#4079,#4080,#4081,#4082,#4083,#4084,#4085,#4086,#4087));
#4070 = ORIENTED_EDGE('',*,*,#3519,.T.);
#4071 = ORIENTED_EDGE('',*,*,#3557,.T.);
#4072 = ORIENTED_EDGE('',*,*,#3588,.T.);
#4073 = ORIENTED_EDGE('',*,*,#3619,.T.);
#4074 = ORIENTED_EDGE('',*,*,#3650,.T.);
#4075 = ORIENTED_EDGE('',*,*,#3682,.T.);
#4076 = ORIENTED_EDGE('',*,*,#3714,.T.);
#4077 = ORIENTED_EDGE('',*,*,#3746,.T.);
#4078 = ORIENTED_EDGE('',*,*,#3778,.T.);
#4079 = ORIENTED_EDGE('',*,*,#3810,.T.);
#4080 = ORIENTED_EDGE('',*,*,#3842,.T.);
#4081 = ORIENTED_EDGE('',*,*,#3873,.T.);
#4082 = ORIENTED_EDGE('',*,*,#3889,.T.);
#4083 = ORIENTED_EDGE('',*,*,#3937,.T.);
#4084 = ORIENTED_EDGE('',*,*,#3969,.T.);
#4085 = ORIENTED_EDGE('',*,*,#4001,.T.);
#4086 = ORIENTED_EDGE('',*,*,#4033,.T.);
#4087 = ORIENTED_EDGE('',*,*,#4056,.T.);
#4088 = PLANE('',#4089);
#4089 = AXIS2_PLACEMENT_3D('',#4090,#4091,#4092);
#4090 = CARTESIAN_POINT('',(0.6,0.845,9.499999999999E-02));
#4091 = DIRECTION('',(-1.,-5.605193857299E-45,6.982966722219E-15));
#4092 = DIRECTION('',(6.982966722219E-15,0.,1.));
#4093 = ADVANCED_FACE('',(#4094),#4114,.T.);
#4094 = FACE_BOUND('',#4095,.T.);
#4095 = EDGE_LOOP('',(#4096,#4097,#4098,#4099,#4100,#4101,#4102,#4103,
    #4104,#4105,#4106,#4107,#4108,#4109,#4110,#4111,#4112,#4113));
#4096 = ORIENTED_EDGE('',*,*,#3501,.F.);
#4097 = ORIENTED_EDGE('',*,*,#4049,.F.);
#4098 = ORIENTED_EDGE('',*,*,#4016,.F.);
#4099 = ORIENTED_EDGE('',*,*,#3985,.F.);
#4100 = ORIENTED_EDGE('',*,*,#3952,.F.);
#4101 = ORIENTED_EDGE('',*,*,#3921,.F.);
#4102 = ORIENTED_EDGE('',*,*,#3906,.F.);
#4103 = ORIENTED_EDGE('',*,*,#3857,.F.);
#4104 = ORIENTED_EDGE('',*,*,#3826,.F.);
#4105 = ORIENTED_EDGE('',*,*,#3793,.F.);
#4106 = ORIENTED_EDGE('',*,*,#3762,.F.);
#4107 = ORIENTED_EDGE('',*,*,#3729,.F.);
#4108 = ORIENTED_EDGE('',*,*,#3698,.F.);
#4109 = ORIENTED_EDGE('',*,*,#3665,.F.);
#4110 = ORIENTED_EDGE('',*,*,#3634,.F.);
#4111 = ORIENTED_EDGE('',*,*,#3603,.F.);
#4112 = ORIENTED_EDGE('',*,*,#3572,.F.);
#4113 = ORIENTED_EDGE('',*,*,#3541,.F.);
#4114 = PLANE('',#4115);
#4115 = AXIS2_PLACEMENT_3D('',#4116,#4117,#4118);
#4116 = CARTESIAN_POINT('',(0.4,0.845,9.499999999999E-02));
#4117 = DIRECTION('',(-1.,-5.605193857299E-45,6.982966722219E-15));
#4118 = DIRECTION('',(6.982966722219E-15,0.,1.));
#4119 = MANIFOLD_SOLID_BREP('',#4120);
#4120 = CLOSED_SHELL('',(#4121,#4289,#4555,#4586,#4762,#4793,#4824,#4878
    ,#5156,#5178,#5200,#5222,#5253,#5284,#5315,#5346,#5384,#5422,#5460,
    #5515,#5553,#5640,#5671,#5709,#5726,#5743,#5765,#5782,#5794,#5811,
    #5823,#5872,#5902,#5926,#5949,#5961,#5973,#5990,#6002,#6014,#6039,
    #6056,#6068,#6080,#6092,#6123,#6154,#6185,#6216,#6228,#6240,#6252,
    #6264,#6276,#6288,#6300,#6312,#6352,#6390,#6421,#6461,#6492,#6523,
    #6554,#6578,#6625,#6657,#6688,#6710,#6737,#6761,#6791,#6808,#6833,
    #6855,#6886,#6908,#6939,#6965,#6982,#7006,#7018,#7035,#7054,#7080,
    #7099,#7116,#7137,#7154,#7175,#7192,#7209,#7226,#7247,#7264,#7285,
    #7297,#7309,#7321));
#4121 = ADVANCED_FACE('',(#4122),#4284,.F.);
#4122 = FACE_BOUND('',#4123,.T.);
#4123 = EDGE_LOOP('',(#4124,#4134,#4142,#4150,#4158,#4166,#4174,#4182,
    #4190,#4198,#4206,#4214,#4222,#4230,#4238,#4246,#4254,#4262,#4270,
    #4278));
#4124 = ORIENTED_EDGE('',*,*,#4125,.T.);
#4125 = EDGE_CURVE('',#4126,#4128,#4130,.T.);
#4126 = VERTEX_POINT('',#4127);
#4127 = CARTESIAN_POINT('',(-2.5,3.255,0.195));
#4128 = VERTEX_POINT('',#4129);
#4129 = CARTESIAN_POINT('',(2.5,3.255,0.195));
#4130 = LINE('',#4131,#4132);
#4131 = CARTESIAN_POINT('',(-3.,3.255,0.195));
#4132 = VECTOR('',#4133,1.);
#4133 = DIRECTION('',(1.,0.,-6.982966722219E-15));
#4134 = ORIENTED_EDGE('',*,*,#4135,.T.);
#4135 = EDGE_CURVE('',#4128,#4136,#4138,.T.);
#4136 = VERTEX_POINT('',#4137);
#4137 = CARTESIAN_POINT('',(2.5,2.755,0.195));
#4138 = LINE('',#4139,#4140);
#4139 = CARTESIAN_POINT('',(2.5,3.255,0.195));
#4140 = VECTOR('',#4141,1.);
#4141 = DIRECTION('',(0.,-1.,0.));
#4142 = ORIENTED_EDGE('',*,*,#4143,.F.);
#4143 = EDGE_CURVE('',#4144,#4136,#4146,.T.);
#4144 = VERTEX_POINT('',#4145);
#4145 = CARTESIAN_POINT('',(1.6,2.755,0.195));
#4146 = LINE('',#4147,#4148);
#4147 = CARTESIAN_POINT('',(-4.,2.755,0.195));
#4148 = VECTOR('',#4149,1.);
#4149 = DIRECTION('',(1.,5.605193857299E-45,-6.982966722219E-15));
#4150 = ORIENTED_EDGE('',*,*,#4151,.T.);
#4151 = EDGE_CURVE('',#4144,#4152,#4154,.T.);
#4152 = VERTEX_POINT('',#4153);
#4153 = CARTESIAN_POINT('',(1.6,2.435,0.195));
#4154 = LINE('',#4155,#4156);
#4155 = CARTESIAN_POINT('',(1.6,2.755,0.195));
#4156 = VECTOR('',#4157,1.);
#4157 = DIRECTION('',(0.,-1.,1.186216818912E-17));
#4158 = ORIENTED_EDGE('',*,*,#4159,.F.);
#4159 = EDGE_CURVE('',#4160,#4152,#4162,.T.);
#4160 = VERTEX_POINT('',#4161);
#4161 = CARTESIAN_POINT('',(1.4,2.435,0.195));
#4162 = LINE('',#4163,#4164);
#4163 = CARTESIAN_POINT('',(1.4,2.435,0.195));
#4164 = VECTOR('',#4165,1.);
#4165 = DIRECTION('',(1.,5.605193857299E-45,-6.982966722219E-15));
#4166 = ORIENTED_EDGE('',*,*,#4167,.F.);
#4167 = EDGE_CURVE('',#4168,#4160,#4170,.T.);
#4168 = VERTEX_POINT('',#4169);
#4169 = CARTESIAN_POINT('',(1.4,2.755,0.195));
#4170 = LINE('',#4171,#4172);
#4171 = CARTESIAN_POINT('',(1.4,2.755,0.195));
#4172 = VECTOR('',#4173,1.);
#4173 = DIRECTION('',(0.,-1.,1.186216818912E-17));
#4174 = ORIENTED_EDGE('',*,*,#4175,.F.);
#4175 = EDGE_CURVE('',#4176,#4168,#4178,.T.);
#4176 = VERTEX_POINT('',#4177);
#4177 = CARTESIAN_POINT('',(0.6,2.755,0.195));
#4178 = LINE('',#4179,#4180);
#4179 = CARTESIAN_POINT('',(-4.,2.755,0.195));
#4180 = VECTOR('',#4181,1.);
#4181 = DIRECTION('',(1.,5.605193857299E-45,-6.982966722219E-15));
#4182 = ORIENTED_EDGE('',*,*,#4183,.T.);
#4183 = EDGE_CURVE('',#4176,#4184,#4186,.T.);
#4184 = VERTEX_POINT('',#4185);
#4185 = CARTESIAN_POINT('',(0.6,2.435,0.195));
#4186 = LINE('',#4187,#4188);
#4187 = CARTESIAN_POINT('',(0.6,2.755,0.195));
#4188 = VECTOR('',#4189,1.);
#4189 = DIRECTION('',(0.,-1.,1.186216818912E-17));
#4190 = ORIENTED_EDGE('',*,*,#4191,.F.);
#4191 = EDGE_CURVE('',#4192,#4184,#4194,.T.);
#4192 = VERTEX_POINT('',#4193);
#4193 = CARTESIAN_POINT('',(0.4,2.435,0.195));
#4194 = LINE('',#4195,#4196);
#4195 = CARTESIAN_POINT('',(0.4,2.435,0.195));
#4196 = VECTOR('',#4197,1.);
#4197 = DIRECTION('',(1.,5.605193857299E-45,-6.982966722219E-15));
#4198 = ORIENTED_EDGE('',*,*,#4199,.F.);
#4199 = EDGE_CURVE('',#4200,#4192,#4202,.T.);
#4200 = VERTEX_POINT('',#4201);
#4201 = CARTESIAN_POINT('',(0.4,2.755,0.195));
#4202 = LINE('',#4203,#4204);
#4203 = CARTESIAN_POINT('',(0.4,2.755,0.195));
#4204 = VECTOR('',#4205,1.);
#4205 = DIRECTION('',(0.,-1.,1.186216818912E-17));
#4206 = ORIENTED_EDGE('',*,*,#4207,.F.);
#4207 = EDGE_CURVE('',#4208,#4200,#4210,.T.);
#4208 = VERTEX_POINT('',#4209);
#4209 = CARTESIAN_POINT('',(-0.4,2.755,0.195));
#4210 = LINE('',#4211,#4212);
#4211 = CARTESIAN_POINT('',(-3.,2.755,0.195));
#4212 = VECTOR('',#4213,1.);
#4213 = DIRECTION('',(1.,5.605193857299E-45,-6.982966722219E-15));
#4214 = ORIENTED_EDGE('',*,*,#4215,.T.);
#4215 = EDGE_CURVE('',#4208,#4216,#4218,.T.);
#4216 = VERTEX_POINT('',#4217);
#4217 = CARTESIAN_POINT('',(-0.4,2.435,0.195));
#4218 = LINE('',#4219,#4220);
#4219 = CARTESIAN_POINT('',(-0.4,2.755,0.195));
#4220 = VECTOR('',#4221,1.);
#4221 = DIRECTION('',(0.,-1.,1.186216818912E-17));
#4222 = ORIENTED_EDGE('',*,*,#4223,.F.);
#4223 = EDGE_CURVE('',#4224,#4216,#4226,.T.);
#4224 = VERTEX_POINT('',#4225);
#4225 = CARTESIAN_POINT('',(-0.6,2.435,0.195));
#4226 = LINE('',#4227,#4228);
#4227 = CARTESIAN_POINT('',(-0.6,2.435,0.195));
#4228 = VECTOR('',#4229,1.);
#4229 = DIRECTION('',(1.,5.605193857299E-45,-6.982966722219E-15));
#4230 = ORIENTED_EDGE('',*,*,#4231,.F.);
#4231 = EDGE_CURVE('',#4232,#4224,#4234,.T.);
#4232 = VERTEX_POINT('',#4233);
#4233 = CARTESIAN_POINT('',(-0.6,2.755,0.195));
#4234 = LINE('',#4235,#4236);
#4235 = CARTESIAN_POINT('',(-0.6,2.755,0.195));
#4236 = VECTOR('',#4237,1.);
#4237 = DIRECTION('',(0.,-1.,1.186216818912E-17));
#4238 = ORIENTED_EDGE('',*,*,#4239,.F.);
#4239 = EDGE_CURVE('',#4240,#4232,#4242,.T.);
#4240 = VERTEX_POINT('',#4241);
#4241 = CARTESIAN_POINT('',(-1.4,2.755,0.195));
#4242 = LINE('',#4243,#4244);
#4243 = CARTESIAN_POINT('',(-3.,2.755,0.195));
#4244 = VECTOR('',#4245,1.);
#4245 = DIRECTION('',(1.,5.605193857299E-45,-6.982966722219E-15));
#4246 = ORIENTED_EDGE('',*,*,#4247,.T.);
#4247 = EDGE_CURVE('',#4240,#4248,#4250,.T.);
#4248 = VERTEX_POINT('',#4249);
#4249 = CARTESIAN_POINT('',(-1.4,2.435,0.195));
#4250 = LINE('',#4251,#4252);
#4251 = CARTESIAN_POINT('',(-1.4,2.755,0.195));
#4252 = VECTOR('',#4253,1.);
#4253 = DIRECTION('',(0.,-1.,1.186216818912E-17));
#4254 = ORIENTED_EDGE('',*,*,#4255,.F.);
#4255 = EDGE_CURVE('',#4256,#4248,#4258,.T.);
#4256 = VERTEX_POINT('',#4257);
#4257 = CARTESIAN_POINT('',(-1.6,2.435,0.195));
#4258 = LINE('',#4259,#4260);
#4259 = CARTESIAN_POINT('',(-1.6,2.435,0.195));
#4260 = VECTOR('',#4261,1.);
#4261 = DIRECTION('',(1.,5.605193857299E-45,-6.982966722219E-15));
#4262 = ORIENTED_EDGE('',*,*,#4263,.F.);
#4263 = EDGE_CURVE('',#4264,#4256,#4266,.T.);
#4264 = VERTEX_POINT('',#4265);
#4265 = CARTESIAN_POINT('',(-1.6,2.755,0.195));
#4266 = LINE('',#4267,#4268);
#4267 = CARTESIAN_POINT('',(-1.6,2.755,0.195));
#4268 = VECTOR('',#4269,1.);
#4269 = DIRECTION('',(0.,-1.,1.186216818912E-17));
#4270 = ORIENTED_EDGE('',*,*,#4271,.F.);
#4271 = EDGE_CURVE('',#4272,#4264,#4274,.T.);
#4272 = VERTEX_POINT('',#4273);
#4273 = CARTESIAN_POINT('',(-2.5,2.755,0.195));
#4274 = LINE('',#4275,#4276);
#4275 = CARTESIAN_POINT('',(-3.,2.755,0.195));
#4276 = VECTOR('',#4277,1.);
#4277 = DIRECTION('',(1.,5.605193857299E-45,-6.982966722219E-15));
#4278 = ORIENTED_EDGE('',*,*,#4279,.F.);
#4279 = EDGE_CURVE('',#4126,#4272,#4280,.T.);
#4280 = LINE('',#4281,#4282);
#4281 = CARTESIAN_POINT('',(-2.5,2.755,0.195));
#4282 = VECTOR('',#4283,1.);
#4283 = DIRECTION('',(5.605193857299E-45,-1.,-3.914088217711E-59));
#4284 = PLANE('',#4285);
#4285 = AXIS2_PLACEMENT_3D('',#4286,#4287,#4288);
#4286 = CARTESIAN_POINT('',(-3.,3.255,0.195));
#4287 = DIRECTION('',(6.982966722219E-15,0.,1.));
#4288 = DIRECTION('',(1.,0.,-6.982966722219E-15));
#4289 = ADVANCED_FACE('',(#4290,#4452),#4550,.F.);
#4290 = FACE_BOUND('',#4291,.T.);
#4291 = EDGE_LOOP('',(#4292,#4302,#4310,#4318,#4326,#4334,#4342,#4350,
    #4358,#4366,#4374,#4382,#4390,#4398,#4406,#4414,#4422,#4430,#4438,
    #4446));
#4292 = ORIENTED_EDGE('',*,*,#4293,.F.);
#4293 = EDGE_CURVE('',#4294,#4296,#4298,.T.);
#4294 = VERTEX_POINT('',#4295);
#4295 = CARTESIAN_POINT('',(2.76,3.255,3.895));
#4296 = VERTEX_POINT('',#4297);
#4297 = CARTESIAN_POINT('',(2.76,3.105,3.895));
#4298 = LINE('',#4299,#4300);
#4299 = CARTESIAN_POINT('',(2.76,3.255,3.895));
#4300 = VECTOR('',#4301,1.);
#4301 = DIRECTION('',(0.,-1.,0.));
#4302 = ORIENTED_EDGE('',*,*,#4303,.F.);
#4303 = EDGE_CURVE('',#4304,#4294,#4306,.T.);
#4304 = VERTEX_POINT('',#4305);
#4305 = CARTESIAN_POINT('',(-2.76,3.255,3.895));
#4306 = LINE('',#4307,#4308);
#4307 = CARTESIAN_POINT('',(-3.,3.255,3.895));
#4308 = VECTOR('',#4309,1.);
#4309 = DIRECTION('',(1.,-2.438091212181E-29,-8.512554900196E-44));
#4310 = ORIENTED_EDGE('',*,*,#4311,.F.);
#4311 = EDGE_CURVE('',#4312,#4304,#4314,.T.);
#4312 = VERTEX_POINT('',#4313);
#4313 = CARTESIAN_POINT('',(-2.76,3.105,3.895));
#4314 = LINE('',#4315,#4316);
#4315 = CARTESIAN_POINT('',(-2.76,3.255,3.895));
#4316 = VECTOR('',#4317,1.);
#4317 = DIRECTION('',(-0.,1.,-0.));
#4318 = ORIENTED_EDGE('',*,*,#4319,.F.);
#4319 = EDGE_CURVE('',#4320,#4312,#4322,.T.);
#4320 = VERTEX_POINT('',#4321);
#4321 = CARTESIAN_POINT('',(-3.,3.105,3.895));
#4322 = LINE('',#4323,#4324);
#4323 = CARTESIAN_POINT('',(-3.,3.105,3.895));
#4324 = VECTOR('',#4325,1.);
#4325 = DIRECTION('',(1.,0.,0.));
#4326 = ORIENTED_EDGE('',*,*,#4327,.F.);
#4327 = EDGE_CURVE('',#4328,#4320,#4330,.T.);
#4328 = VERTEX_POINT('',#4329);
#4329 = CARTESIAN_POINT('',(-3.,1.655,3.895));
#4330 = LINE('',#4331,#4332);
#4331 = CARTESIAN_POINT('',(-3.,3.255,3.895));
#4332 = VECTOR('',#4333,1.);
#4333 = DIRECTION('',(2.481353770413E-29,1.,3.491483361109E-15));
#4334 = ORIENTED_EDGE('',*,*,#4335,.T.);
#4335 = EDGE_CURVE('',#4328,#4336,#4338,.T.);
#4336 = VERTEX_POINT('',#4337);
#4337 = CARTESIAN_POINT('',(-2.5,1.655,3.895));
#4338 = LINE('',#4339,#4340);
#4339 = CARTESIAN_POINT('',(-2.5,1.655,3.895));
#4340 = VECTOR('',#4341,1.);
#4341 = DIRECTION('',(1.,3.788886977123E-31,-7.106875541931E-15));
#4342 = ORIENTED_EDGE('',*,*,#4343,.T.);
#4343 = EDGE_CURVE('',#4336,#4344,#4346,.T.);
#4344 = VERTEX_POINT('',#4345);
#4345 = CARTESIAN_POINT('',(-2.5,0.585,3.895));
#4346 = LINE('',#4347,#4348);
#4347 = CARTESIAN_POINT('',(-2.5,1.555,3.895));
#4348 = VECTOR('',#4349,1.);
#4349 = DIRECTION('',(-0.,-1.,-2.081668171172E-15));
#4350 = ORIENTED_EDGE('',*,*,#4351,.T.);
#4351 = EDGE_CURVE('',#4344,#4352,#4354,.T.);
#4352 = VERTEX_POINT('',#4353);
#4353 = CARTESIAN_POINT('',(-2.393546465094,0.585,3.895));
#4354 = LINE('',#4355,#4356);
#4355 = CARTESIAN_POINT('',(-2.393546465094,0.585,3.895));
#4356 = VECTOR('',#4357,1.);
#4357 = DIRECTION('',(1.,-1.018474561174E-15,-0.));
#4358 = ORIENTED_EDGE('',*,*,#4359,.T.);
#4359 = EDGE_CURVE('',#4352,#4360,#4362,.T.);
#4360 = VERTEX_POINT('',#4361);
#4361 = CARTESIAN_POINT('',(-2.29,0.47,3.895));
#4362 = LINE('',#4363,#4364);
#4363 = CARTESIAN_POINT('',(-2.29,0.47,3.895));
#4364 = VECTOR('',#4365,1.);
#4365 = DIRECTION('',(0.669130606359,-0.743144825477,-0.));
#4366 = ORIENTED_EDGE('',*,*,#4367,.T.);
#4367 = EDGE_CURVE('',#4360,#4368,#4370,.T.);
#4368 = VERTEX_POINT('',#4369);
#4369 = CARTESIAN_POINT('',(-2.2,0.47,3.895));
#4370 = LINE('',#4371,#4372);
#4371 = CARTESIAN_POINT('',(-3.,0.47,3.895));
#4372 = VECTOR('',#4373,1.);
#4373 = DIRECTION('',(1.,-1.355252715607E-16,0.));
#4374 = ORIENTED_EDGE('',*,*,#4375,.T.);
#4375 = EDGE_CURVE('',#4368,#4376,#4378,.T.);
#4376 = VERTEX_POINT('',#4377);
#4377 = CARTESIAN_POINT('',(-2.2,0.355,3.895));
#4378 = LINE('',#4379,#4380);
#4379 = CARTESIAN_POINT('',(-2.2,0.355,3.895));
#4380 = VECTOR('',#4381,1.);
#4381 = DIRECTION('',(0.,-1.,-0.));
#4382 = ORIENTED_EDGE('',*,*,#4383,.F.);
#4383 = EDGE_CURVE('',#4384,#4376,#4386,.T.);
#4384 = VERTEX_POINT('',#4385);
#4385 = CARTESIAN_POINT('',(2.2,0.355,3.895));
#4386 = LINE('',#4387,#4388);
#4387 = CARTESIAN_POINT('',(-3.,0.355,3.895));
#4388 = VECTOR('',#4389,1.);
#4389 = DIRECTION('',(-1.,0.,7.106875541931E-15));
#4390 = ORIENTED_EDGE('',*,*,#4391,.F.);
#4391 = EDGE_CURVE('',#4392,#4384,#4394,.T.);
#4392 = VERTEX_POINT('',#4393);
#4393 = CARTESIAN_POINT('',(2.2,0.47,3.895));
#4394 = LINE('',#4395,#4396);
#4395 = CARTESIAN_POINT('',(2.2,0.355,3.895));
#4396 = VECTOR('',#4397,1.);
#4397 = DIRECTION('',(-0.,-1.,-0.));
#4398 = ORIENTED_EDGE('',*,*,#4399,.F.);
#4399 = EDGE_CURVE('',#4400,#4392,#4402,.T.);
#4400 = VERTEX_POINT('',#4401);
#4401 = CARTESIAN_POINT('',(2.29,0.47,3.895));
#4402 = LINE('',#4403,#4404);
#4403 = CARTESIAN_POINT('',(3.,0.47,3.895));
#4404 = VECTOR('',#4405,1.);
#4405 = DIRECTION('',(-1.,-1.355252715607E-16,0.));
#4406 = ORIENTED_EDGE('',*,*,#4407,.F.);
#4407 = EDGE_CURVE('',#4408,#4400,#4410,.T.);
#4408 = VERTEX_POINT('',#4409);
#4409 = CARTESIAN_POINT('',(2.393546465094,0.585,3.895));
#4410 = LINE('',#4411,#4412);
#4411 = CARTESIAN_POINT('',(2.29,0.47,3.895));
#4412 = VECTOR('',#4413,1.);
#4413 = DIRECTION('',(-0.669130606359,-0.743144825477,-0.));
#4414 = ORIENTED_EDGE('',*,*,#4415,.F.);
#4415 = EDGE_CURVE('',#4416,#4408,#4418,.T.);
#4416 = VERTEX_POINT('',#4417);
#4417 = CARTESIAN_POINT('',(2.5,0.585,3.895));
#4418 = LINE('',#4419,#4420);
#4419 = CARTESIAN_POINT('',(2.393546465094,0.585,3.895));
#4420 = VECTOR('',#4421,1.);
#4421 = DIRECTION('',(-1.,-1.018474561174E-15,-0.));
#4422 = ORIENTED_EDGE('',*,*,#4423,.F.);
#4423 = EDGE_CURVE('',#4424,#4416,#4426,.T.);
#4424 = VERTEX_POINT('',#4425);
#4425 = CARTESIAN_POINT('',(2.5,1.655,3.895));
#4426 = LINE('',#4427,#4428);
#4427 = CARTESIAN_POINT('',(2.5,1.555,3.895));
#4428 = VECTOR('',#4429,1.);
#4429 = DIRECTION('',(0.,-1.,-2.081668171172E-15));
#4430 = ORIENTED_EDGE('',*,*,#4431,.T.);
#4431 = EDGE_CURVE('',#4424,#4432,#4434,.T.);
#4432 = VERTEX_POINT('',#4433);
#4433 = CARTESIAN_POINT('',(3.,1.655,3.895));
#4434 = LINE('',#4435,#4436);
#4435 = CARTESIAN_POINT('',(-4.,1.655,3.895));
#4436 = VECTOR('',#4437,1.);
#4437 = DIRECTION('',(1.,3.788886977123E-31,-7.106875541931E-15));
#4438 = ORIENTED_EDGE('',*,*,#4439,.T.);
#4439 = EDGE_CURVE('',#4432,#4440,#4442,.T.);
#4440 = VERTEX_POINT('',#4441);
#4441 = CARTESIAN_POINT('',(3.,3.105,3.895));
#4442 = LINE('',#4443,#4444);
#4443 = CARTESIAN_POINT('',(3.,3.255,3.895));
#4444 = VECTOR('',#4445,1.);
#4445 = DIRECTION('',(-5.605193857299E-45,1.,3.914088217711E-59));
#4446 = ORIENTED_EDGE('',*,*,#4447,.F.);
#4447 = EDGE_CURVE('',#4296,#4440,#4448,.T.);
#4448 = LINE('',#4449,#4450);
#4449 = CARTESIAN_POINT('',(3.,3.105,3.895));
#4450 = VECTOR('',#4451,1.);
#4451 = DIRECTION('',(1.,-0.,-0.));
#4452 = FACE_BOUND('',#4453,.T.);
#4453 = EDGE_LOOP('',(#4454,#4464,#4472,#4480,#4488,#4496,#4504,#4512,
    #4520,#4528,#4536,#4544));
#4454 = ORIENTED_EDGE('',*,*,#4455,.T.);
#4455 = EDGE_CURVE('',#4456,#4458,#4460,.T.);
#4456 = VERTEX_POINT('',#4457);
#4457 = CARTESIAN_POINT('',(-2.340041507642,2.995041507642,3.895));
#4458 = VERTEX_POINT('',#4459);
#4459 = CARTESIAN_POINT('',(2.340041507642,2.995041507642,3.895));
#4460 = LINE('',#4461,#4462);
#4461 = CARTESIAN_POINT('',(-3.,2.995041507642,3.895));
#4462 = VECTOR('',#4463,1.);
#4463 = DIRECTION('',(1.,1.606225440719E-16,-7.106875541931E-15));
#4464 = ORIENTED_EDGE('',*,*,#4465,.T.);
#4465 = EDGE_CURVE('',#4458,#4466,#4468,.T.);
#4466 = VERTEX_POINT('',#4467);
#4467 = CARTESIAN_POINT('',(2.340041507642,2.355,3.895));
#4468 = LINE('',#4469,#4470);
#4469 = CARTESIAN_POINT('',(2.340041507642,3.255,3.895));
#4470 = VECTOR('',#4471,1.);
#4471 = DIRECTION('',(4.130293990421E-16,-1.,-3.491483361109E-15));
#4472 = ORIENTED_EDGE('',*,*,#4473,.T.);
#4473 = EDGE_CURVE('',#4466,#4474,#4476,.T.);
#4474 = VERTEX_POINT('',#4475);
#4475 = CARTESIAN_POINT('',(2.55,2.355,3.895));
#4476 = LINE('',#4477,#4478);
#4477 = CARTESIAN_POINT('',(2.2,2.355,3.895));
#4478 = VECTOR('',#4479,1.);
#4479 = DIRECTION('',(1.,-2.438091212181E-29,-8.512554900196E-44));
#4480 = ORIENTED_EDGE('',*,*,#4481,.T.);
#4481 = EDGE_CURVE('',#4474,#4482,#4484,.T.);
#4482 = VERTEX_POINT('',#4483);
#4483 = CARTESIAN_POINT('',(2.55,1.755,3.895));
#4484 = LINE('',#4485,#4486);
#4485 = CARTESIAN_POINT('',(2.55,2.355,3.895));
#4486 = VECTOR('',#4487,1.);
#4487 = DIRECTION('',(3.562798913235E-31,-1.,-2.524246336172E-45));
#4488 = ORIENTED_EDGE('',*,*,#4489,.T.);
#4489 = EDGE_CURVE('',#4482,#4490,#4492,.T.);
#4490 = VERTEX_POINT('',#4491);
#4491 = CARTESIAN_POINT('',(2.340041507642,1.755,3.895));
#4492 = LINE('',#4493,#4494);
#4493 = CARTESIAN_POINT('',(2.2,1.755,3.895));
#4494 = VECTOR('',#4495,1.);
#4495 = DIRECTION('',(-1.,2.438091212181E-29,8.512554900196E-44));
#4496 = ORIENTED_EDGE('',*,*,#4497,.T.);
#4497 = EDGE_CURVE('',#4490,#4498,#4500,.T.);
#4498 = VERTEX_POINT('',#4499);
#4499 = CARTESIAN_POINT('',(2.340041507642,0.614958492358,3.895));
#4500 = LINE('',#4501,#4502);
#4501 = CARTESIAN_POINT('',(2.340041507642,3.255,3.895));
#4502 = VECTOR('',#4503,1.);
#4503 = DIRECTION('',(4.130293990421E-16,-1.,-3.491483361109E-15));
#4504 = ORIENTED_EDGE('',*,*,#4505,.T.);
#4505 = EDGE_CURVE('',#4498,#4506,#4508,.T.);
#4506 = VERTEX_POINT('',#4507);
#4507 = CARTESIAN_POINT('',(-2.340041507642,0.614958492358,3.895));
#4508 = LINE('',#4509,#4510);
#4509 = CARTESIAN_POINT('',(-3.,0.614958492358,3.895));
#4510 = VECTOR('',#4511,1.);
#4511 = DIRECTION('',(-1.,-1.204669080539E-16,7.106875541931E-15));
#4512 = ORIENTED_EDGE('',*,*,#4513,.T.);
#4513 = EDGE_CURVE('',#4506,#4514,#4516,.T.);
#4514 = VERTEX_POINT('',#4515);
#4515 = CARTESIAN_POINT('',(-2.340041507642,1.755,3.895));
#4516 = LINE('',#4517,#4518);
#4517 = CARTESIAN_POINT('',(-2.340041507642,3.255,3.895));
#4518 = VECTOR('',#4519,1.);
#4519 = DIRECTION('',(2.438091212181E-29,1.,3.491483361109E-15));
#4520 = ORIENTED_EDGE('',*,*,#4521,.T.);
#4521 = EDGE_CURVE('',#4514,#4522,#4524,.T.);
#4522 = VERTEX_POINT('',#4523);
#4523 = CARTESIAN_POINT('',(-2.55,1.755,3.895));
#4524 = LINE('',#4525,#4526);
#4525 = CARTESIAN_POINT('',(-2.2,1.755,3.895));
#4526 = VECTOR('',#4527,1.);
#4527 = DIRECTION('',(-1.,2.438091212181E-29,8.512554900196E-44));
#4528 = ORIENTED_EDGE('',*,*,#4529,.T.);
#4529 = EDGE_CURVE('',#4522,#4530,#4532,.T.);
#4530 = VERTEX_POINT('',#4531);
#4531 = CARTESIAN_POINT('',(-2.55,2.355,3.895));
#4532 = LINE('',#4533,#4534);
#4533 = CARTESIAN_POINT('',(-2.55,2.355,3.895));
#4534 = VECTOR('',#4535,1.);
#4535 = DIRECTION('',(-1.445602896647E-15,1.,1.024210993741E-29));
#4536 = ORIENTED_EDGE('',*,*,#4537,.T.);
#4537 = EDGE_CURVE('',#4530,#4538,#4540,.T.);
#4538 = VERTEX_POINT('',#4539);
#4539 = CARTESIAN_POINT('',(-2.340041507642,2.355,3.895));
#4540 = LINE('',#4541,#4542);
#4541 = CARTESIAN_POINT('',(-2.2,2.355,3.895));
#4542 = VECTOR('',#4543,1.);
#4543 = DIRECTION('',(1.,-2.438091212181E-29,-8.512554900196E-44));
#4544 = ORIENTED_EDGE('',*,*,#4545,.T.);
#4545 = EDGE_CURVE('',#4538,#4456,#4546,.T.);
#4546 = LINE('',#4547,#4548);
#4547 = CARTESIAN_POINT('',(-2.340041507642,3.255,3.895));
#4548 = VECTOR('',#4549,1.);
#4549 = DIRECTION('',(2.438091212181E-29,1.,3.491483361109E-15));
#4550 = PLANE('',#4551);
#4551 = AXIS2_PLACEMENT_3D('',#4552,#4553,#4554);
#4552 = CARTESIAN_POINT('',(-3.,3.255,3.895));
#4553 = DIRECTION('',(-7.106875541931E-15,3.491483361109E-15,-1.));
#4554 = DIRECTION('',(-1.,0.,7.106875541931E-15));
#4555 = ADVANCED_FACE('',(#4556),#4581,.F.);
#4556 = FACE_BOUND('',#4557,.T.);
#4557 = EDGE_LOOP('',(#4558,#4568,#4574,#4575));
#4558 = ORIENTED_EDGE('',*,*,#4559,.T.);
#4559 = EDGE_CURVE('',#4560,#4562,#4564,.T.);
#4560 = VERTEX_POINT('',#4561);
#4561 = CARTESIAN_POINT('',(-2.2,0.355,0.585));
#4562 = VERTEX_POINT('',#4563);
#4563 = CARTESIAN_POINT('',(2.2,0.355,0.585));
#4564 = LINE('',#4565,#4566);
#4565 = CARTESIAN_POINT('',(-3.,0.355,0.585));
#4566 = VECTOR('',#4567,1.);
#4567 = DIRECTION('',(1.,-0.,-0.));
#4568 = ORIENTED_EDGE('',*,*,#4569,.T.);
#4569 = EDGE_CURVE('',#4562,#4384,#4570,.T.);
#4570 = LINE('',#4571,#4572);
#4571 = CARTESIAN_POINT('',(2.2,0.355,-1.055));
#4572 = VECTOR('',#4573,1.);
#4573 = DIRECTION('',(-0.,-0.,1.));
#4574 = ORIENTED_EDGE('',*,*,#4383,.T.);
#4575 = ORIENTED_EDGE('',*,*,#4576,.F.);
#4576 = EDGE_CURVE('',#4560,#4376,#4577,.T.);
#4577 = LINE('',#4578,#4579);
#4578 = CARTESIAN_POINT('',(-2.2,0.355,-1.055));
#4579 = VECTOR('',#4580,1.);
#4580 = DIRECTION('',(-0.,-0.,1.));
#4581 = PLANE('',#4582);
#4582 = AXIS2_PLACEMENT_3D('',#4583,#4584,#4585);
#4583 = CARTESIAN_POINT('',(-3.,0.355,3.895));
#4584 = DIRECTION('',(2.438091212181E-29,1.,3.491483361109E-15));
#4585 = DIRECTION('',(0.,-3.491483361109E-15,1.));
#4586 = ADVANCED_FACE('',(#4587,#4621,#4655,#4689,#4723),#4757,.T.);
#4587 = FACE_BOUND('',#4588,.T.);
#4588 = EDGE_LOOP('',(#4589,#4599,#4607,#4615));
#4589 = ORIENTED_EDGE('',*,*,#4590,.T.);
#4590 = EDGE_CURVE('',#4591,#4593,#4595,.T.);
#4591 = VERTEX_POINT('',#4592);
#4592 = CARTESIAN_POINT('',(-2.2,0.755,0.895));
#4593 = VERTEX_POINT('',#4594);
#4594 = CARTESIAN_POINT('',(2.2,0.755,0.895));
#4595 = LINE('',#4596,#4597);
#4596 = CARTESIAN_POINT('',(3.2,0.755,0.895));
#4597 = VECTOR('',#4598,1.);
#4598 = DIRECTION('',(1.,1.204669080539E-16,4.206082050346E-31));
#4599 = ORIENTED_EDGE('',*,*,#4600,.T.);
#4600 = EDGE_CURVE('',#4593,#4601,#4603,.T.);
#4601 = VERTEX_POINT('',#4602);
#4602 = CARTESIAN_POINT('',(2.2,2.855,0.895));
#4603 = LINE('',#4604,#4605);
#4604 = CARTESIAN_POINT('',(2.2,2.855,0.895));
#4605 = VECTOR('',#4606,1.);
#4606 = DIRECTION('',(2.438091212181E-29,1.,3.491483361109E-15));
#4607 = ORIENTED_EDGE('',*,*,#4608,.T.);
#4608 = EDGE_CURVE('',#4601,#4609,#4611,.T.);
#4609 = VERTEX_POINT('',#4610);
#4610 = CARTESIAN_POINT('',(-2.2,2.855,0.895));
#4611 = LINE('',#4612,#4613);
#4612 = CARTESIAN_POINT('',(-2.2,2.855,0.895));
#4613 = VECTOR('',#4614,1.);
#4614 = DIRECTION('',(-1.,-1.606225440719E-16,-5.608109400461E-31));
#4615 = ORIENTED_EDGE('',*,*,#4616,.T.);
#4616 = EDGE_CURVE('',#4609,#4591,#4617,.T.);
#4617 = LINE('',#4618,#4619);
#4618 = CARTESIAN_POINT('',(-2.2,2.855,0.895));
#4619 = VECTOR('',#4620,1.);
#4620 = DIRECTION('',(3.562798913235E-31,-1.,-2.524246336172E-45));
#4621 = FACE_BOUND('',#4622,.T.);
#4622 = EDGE_LOOP('',(#4623,#4633,#4641,#4649));
#4623 = ORIENTED_EDGE('',*,*,#4624,.T.);
#4624 = EDGE_CURVE('',#4625,#4627,#4629,.T.);
#4625 = VERTEX_POINT('',#4626);
#4626 = CARTESIAN_POINT('',(-0.4,2.435,0.895));
#4627 = VERTEX_POINT('',#4628);
#4628 = CARTESIAN_POINT('',(-0.4,1.955,0.895));
#4629 = LINE('',#4630,#4631);
#4630 = CARTESIAN_POINT('',(-0.4,0.445,0.895));
#4631 = VECTOR('',#4632,1.);
#4632 = DIRECTION('',(5.605193857299E-45,-1.,-3.914088217711E-59));
#4633 = ORIENTED_EDGE('',*,*,#4634,.T.);
#4634 = EDGE_CURVE('',#4627,#4635,#4637,.T.);
#4635 = VERTEX_POINT('',#4636);
#4636 = CARTESIAN_POINT('',(-0.6,1.955,0.895));
#4637 = LINE('',#4638,#4639);
#4638 = CARTESIAN_POINT('',(3.2,1.955,0.895));
#4639 = VECTOR('',#4640,1.);
#4640 = DIRECTION('',(-1.,-0.,6.982966722219E-15));
#4641 = ORIENTED_EDGE('',*,*,#4642,.F.);
#4642 = EDGE_CURVE('',#4643,#4635,#4645,.T.);
#4643 = VERTEX_POINT('',#4644);
#4644 = CARTESIAN_POINT('',(-0.6,2.435,0.895));
#4645 = LINE('',#4646,#4647);
#4646 = CARTESIAN_POINT('',(-0.6,0.445,0.895));
#4647 = VECTOR('',#4648,1.);
#4648 = DIRECTION('',(5.605193857299E-45,-1.,-3.914088217711E-59));
#4649 = ORIENTED_EDGE('',*,*,#4650,.T.);
#4650 = EDGE_CURVE('',#4643,#4625,#4651,.T.);
#4651 = LINE('',#4652,#4653);
#4652 = CARTESIAN_POINT('',(-0.6,2.435,0.895));
#4653 = VECTOR('',#4654,1.);
#4654 = DIRECTION('',(1.,-2.561698521415E-29,-9.397580678341E-44));
#4655 = FACE_BOUND('',#4656,.T.);
#4656 = EDGE_LOOP('',(#4657,#4667,#4675,#4683));
#4657 = ORIENTED_EDGE('',*,*,#4658,.T.);
#4658 = EDGE_CURVE('',#4659,#4661,#4663,.T.);
#4659 = VERTEX_POINT('',#4660);
#4660 = CARTESIAN_POINT('',(-1.4,2.435,0.895));
#4661 = VERTEX_POINT('',#4662);
#4662 = CARTESIAN_POINT('',(-1.4,1.955,0.895));
#4663 = LINE('',#4664,#4665);
#4664 = CARTESIAN_POINT('',(-1.4,0.445,0.895));
#4665 = VECTOR('',#4666,1.);
#4666 = DIRECTION('',(5.605193857299E-45,-1.,-3.914088217711E-59));
#4667 = ORIENTED_EDGE('',*,*,#4668,.T.);
#4668 = EDGE_CURVE('',#4661,#4669,#4671,.T.);
#4669 = VERTEX_POINT('',#4670);
#4670 = CARTESIAN_POINT('',(-1.6,1.955,0.895));
#4671 = LINE('',#4672,#4673);
#4672 = CARTESIAN_POINT('',(3.2,1.955,0.895));
#4673 = VECTOR('',#4674,1.);
#4674 = DIRECTION('',(-1.,-0.,6.982966722219E-15));
#4675 = ORIENTED_EDGE('',*,*,#4676,.F.);
#4676 = EDGE_CURVE('',#4677,#4669,#4679,.T.);
#4677 = VERTEX_POINT('',#4678);
#4678 = CARTESIAN_POINT('',(-1.6,2.435,0.895));
#4679 = LINE('',#4680,#4681);
#4680 = CARTESIAN_POINT('',(-1.6,0.445,0.895));
#4681 = VECTOR('',#4682,1.);
#4682 = DIRECTION('',(5.605193857299E-45,-1.,-3.914088217711E-59));
#4683 = ORIENTED_EDGE('',*,*,#4684,.T.);
#4684 = EDGE_CURVE('',#4677,#4659,#4685,.T.);
#4685 = LINE('',#4686,#4687);
#4686 = CARTESIAN_POINT('',(-1.6,2.435,0.895));
#4687 = VECTOR('',#4688,1.);
#4688 = DIRECTION('',(1.,-2.561698521415E-29,-9.397580678341E-44));
#4689 = FACE_BOUND('',#4690,.T.);
#4690 = EDGE_LOOP('',(#4691,#4701,#4709,#4717));
#4691 = ORIENTED_EDGE('',*,*,#4692,.T.);
#4692 = EDGE_CURVE('',#4693,#4695,#4697,.T.);
#4693 = VERTEX_POINT('',#4694);
#4694 = CARTESIAN_POINT('',(0.6,2.435,0.895));
#4695 = VERTEX_POINT('',#4696);
#4696 = CARTESIAN_POINT('',(0.6,1.955,0.895));
#4697 = LINE('',#4698,#4699);
#4698 = CARTESIAN_POINT('',(0.6,0.445,0.895));
#4699 = VECTOR('',#4700,1.);
#4700 = DIRECTION('',(5.605193857299E-45,-1.,-3.914088217711E-59));
#4701 = ORIENTED_EDGE('',*,*,#4702,.T.);
#4702 = EDGE_CURVE('',#4695,#4703,#4705,.T.);
#4703 = VERTEX_POINT('',#4704);
#4704 = CARTESIAN_POINT('',(0.4,1.955,0.895));
#4705 = LINE('',#4706,#4707);
#4706 = CARTESIAN_POINT('',(2.2,1.955,0.895));
#4707 = VECTOR('',#4708,1.);
#4708 = DIRECTION('',(-1.,-0.,6.982966722219E-15));
#4709 = ORIENTED_EDGE('',*,*,#4710,.F.);
#4710 = EDGE_CURVE('',#4711,#4703,#4713,.T.);
#4711 = VERTEX_POINT('',#4712);
#4712 = CARTESIAN_POINT('',(0.4,2.435,0.895));
#4713 = LINE('',#4714,#4715);
#4714 = CARTESIAN_POINT('',(0.4,0.445,0.895));
#4715 = VECTOR('',#4716,1.);
#4716 = DIRECTION('',(5.605193857299E-45,-1.,-3.914088217711E-59));
#4717 = ORIENTED_EDGE('',*,*,#4718,.T.);
#4718 = EDGE_CURVE('',#4711,#4693,#4719,.T.);
#4719 = LINE('',#4720,#4721);
#4720 = CARTESIAN_POINT('',(0.4,2.435,0.895));
#4721 = VECTOR('',#4722,1.);
#4722 = DIRECTION('',(1.,-2.561698521415E-29,-9.397580678341E-44));
#4723 = FACE_BOUND('',#4724,.T.);
#4724 = EDGE_LOOP('',(#4725,#4735,#4743,#4751));
#4725 = ORIENTED_EDGE('',*,*,#4726,.T.);
#4726 = EDGE_CURVE('',#4727,#4729,#4731,.T.);
#4727 = VERTEX_POINT('',#4728);
#4728 = CARTESIAN_POINT('',(1.6,2.435,0.895));
#4729 = VERTEX_POINT('',#4730);
#4730 = CARTESIAN_POINT('',(1.6,1.955,0.895));
#4731 = LINE('',#4732,#4733);
#4732 = CARTESIAN_POINT('',(1.6,0.445,0.895));
#4733 = VECTOR('',#4734,1.);
#4734 = DIRECTION('',(5.605193857299E-45,-1.,-3.914088217711E-59));
#4735 = ORIENTED_EDGE('',*,*,#4736,.T.);
#4736 = EDGE_CURVE('',#4729,#4737,#4739,.T.);
#4737 = VERTEX_POINT('',#4738);
#4738 = CARTESIAN_POINT('',(1.4,1.955,0.895));
#4739 = LINE('',#4740,#4741);
#4740 = CARTESIAN_POINT('',(2.2,1.955,0.895));
#4741 = VECTOR('',#4742,1.);
#4742 = DIRECTION('',(-1.,-0.,6.982966722219E-15));
#4743 = ORIENTED_EDGE('',*,*,#4744,.F.);
#4744 = EDGE_CURVE('',#4745,#4737,#4747,.T.);
#4745 = VERTEX_POINT('',#4746);
#4746 = CARTESIAN_POINT('',(1.4,2.435,0.895));
#4747 = LINE('',#4748,#4749);
#4748 = CARTESIAN_POINT('',(1.4,0.445,0.895));
#4749 = VECTOR('',#4750,1.);
#4750 = DIRECTION('',(5.605193857299E-45,-1.,-3.914088217711E-59));
#4751 = ORIENTED_EDGE('',*,*,#4752,.T.);
#4752 = EDGE_CURVE('',#4745,#4727,#4753,.T.);
#4753 = LINE('',#4754,#4755);
#4754 = CARTESIAN_POINT('',(1.4,2.435,0.895));
#4755 = VECTOR('',#4756,1.);
#4756 = DIRECTION('',(1.,-2.561698521415E-29,-9.397580678341E-44));
#4757 = PLANE('',#4758);
#4758 = AXIS2_PLACEMENT_3D('',#4759,#4760,#4761);
#4759 = CARTESIAN_POINT('',(3.2,2.855,0.895));
#4760 = DIRECTION('',(6.982966722219E-15,-3.491483361109E-15,1.));
#4761 = DIRECTION('',(1.,0.,-6.982966722219E-15));
#4762 = ADVANCED_FACE('',(#4763),#4788,.F.);
#4763 = FACE_BOUND('',#4764,.T.);
#4764 = EDGE_LOOP('',(#4765,#4775,#4781,#4782));
#4765 = ORIENTED_EDGE('',*,*,#4766,.T.);
#4766 = EDGE_CURVE('',#4767,#4769,#4771,.T.);
#4767 = VERTEX_POINT('',#4768);
#4768 = CARTESIAN_POINT('',(-2.2,0.755,3.695));
#4769 = VERTEX_POINT('',#4770);
#4770 = CARTESIAN_POINT('',(2.2,0.755,3.695));
#4771 = LINE('',#4772,#4773);
#4772 = CARTESIAN_POINT('',(3.2,0.755,3.695));
#4773 = VECTOR('',#4774,1.);
#4774 = DIRECTION('',(1.,1.204669080539E-16,-7.106875541931E-15));
#4775 = ORIENTED_EDGE('',*,*,#4776,.F.);
#4776 = EDGE_CURVE('',#4593,#4769,#4777,.T.);
#4777 = LINE('',#4778,#4779);
#4778 = CARTESIAN_POINT('',(2.2,0.755,0.895));
#4779 = VECTOR('',#4780,1.);
#4780 = DIRECTION('',(-0.,-3.491483361109E-15,1.));
#4781 = ORIENTED_EDGE('',*,*,#4590,.F.);
#4782 = ORIENTED_EDGE('',*,*,#4783,.F.);
#4783 = EDGE_CURVE('',#4767,#4591,#4784,.T.);
#4784 = LINE('',#4785,#4786);
#4785 = CARTESIAN_POINT('',(-2.2,0.755,0.895));
#4786 = VECTOR('',#4787,1.);
#4787 = DIRECTION('',(0.,3.491483361109E-15,-1.));
#4788 = PLANE('',#4789);
#4789 = AXIS2_PLACEMENT_3D('',#4790,#4791,#4792);
#4790 = CARTESIAN_POINT('',(3.2,0.755,0.895));
#4791 = DIRECTION('',(1.204669080539E-16,-1.,-3.491483361109E-15));
#4792 = DIRECTION('',(0.,3.491483361109E-15,-1.));
#4793 = ADVANCED_FACE('',(#4794),#4819,.F.);
#4794 = FACE_BOUND('',#4795,.T.);
#4795 = EDGE_LOOP('',(#4796,#4797,#4805,#4813));
#4796 = ORIENTED_EDGE('',*,*,#4608,.F.);
#4797 = ORIENTED_EDGE('',*,*,#4798,.F.);
#4798 = EDGE_CURVE('',#4799,#4601,#4801,.T.);
#4799 = VERTEX_POINT('',#4800);
#4800 = CARTESIAN_POINT('',(2.2,2.855,3.695));
#4801 = LINE('',#4802,#4803);
#4802 = CARTESIAN_POINT('',(2.2,2.855,0.895));
#4803 = VECTOR('',#4804,1.);
#4804 = DIRECTION('',(-0.,3.491483361109E-15,-1.));
#4805 = ORIENTED_EDGE('',*,*,#4806,.T.);
#4806 = EDGE_CURVE('',#4799,#4807,#4809,.T.);
#4807 = VERTEX_POINT('',#4808);
#4808 = CARTESIAN_POINT('',(-2.2,2.855,3.695));
#4809 = LINE('',#4810,#4811);
#4810 = CARTESIAN_POINT('',(-2.2,2.855,3.695));
#4811 = VECTOR('',#4812,1.);
#4812 = DIRECTION('',(-1.,-1.606225440719E-16,7.106875541931E-15));
#4813 = ORIENTED_EDGE('',*,*,#4814,.F.);
#4814 = EDGE_CURVE('',#4609,#4807,#4815,.T.);
#4815 = LINE('',#4816,#4817);
#4816 = CARTESIAN_POINT('',(-2.2,2.855,0.895));
#4817 = VECTOR('',#4818,1.);
#4818 = DIRECTION('',(0.,-3.491483361109E-15,1.));
#4819 = PLANE('',#4820);
#4820 = AXIS2_PLACEMENT_3D('',#4821,#4822,#4823);
#4821 = CARTESIAN_POINT('',(-2.2,2.855,0.895));
#4822 = DIRECTION('',(-1.606225440719E-16,1.,3.491483361109E-15));
#4823 = DIRECTION('',(0.,-3.491483361109E-15,1.));
#4824 = ADVANCED_FACE('',(#4825),#4873,.T.);
#4825 = FACE_BOUND('',#4826,.T.);
#4826 = EDGE_LOOP('',(#4827,#4828,#4836,#4844,#4850,#4851,#4859,#4867));
#4827 = ORIENTED_EDGE('',*,*,#4303,.T.);
#4828 = ORIENTED_EDGE('',*,*,#4829,.F.);
#4829 = EDGE_CURVE('',#4830,#4294,#4832,.T.);
#4830 = VERTEX_POINT('',#4831);
#4831 = CARTESIAN_POINT('',(2.76,3.255,1.133675134595));
#4832 = LINE('',#4833,#4834);
#4833 = CARTESIAN_POINT('',(2.76,3.255,3.895));
#4834 = VECTOR('',#4835,1.);
#4835 = DIRECTION('',(0.,-3.491483361109E-15,1.));
#4836 = ORIENTED_EDGE('',*,*,#4837,.T.);
#4837 = EDGE_CURVE('',#4830,#4838,#4840,.T.);
#4838 = VERTEX_POINT('',#4839);
#4839 = CARTESIAN_POINT('',(2.5,3.255,1.133675134595));
#4840 = LINE('',#4841,#4842);
#4841 = CARTESIAN_POINT('',(-4.,3.255,1.133675134595));
#4842 = VECTOR('',#4843,1.);
#4843 = DIRECTION('',(-1.,2.438091212181E-29,8.512554900196E-44));
#4844 = ORIENTED_EDGE('',*,*,#4845,.T.);
#4845 = EDGE_CURVE('',#4838,#4128,#4846,.T.);
#4846 = LINE('',#4847,#4848);
#4847 = CARTESIAN_POINT('',(2.5,3.255,3.895));
#4848 = VECTOR('',#4849,1.);
#4849 = DIRECTION('',(-0.,3.491483361109E-15,-1.));
#4850 = ORIENTED_EDGE('',*,*,#4125,.F.);
#4851 = ORIENTED_EDGE('',*,*,#4852,.T.);
#4852 = EDGE_CURVE('',#4126,#4853,#4855,.T.);
#4853 = VERTEX_POINT('',#4854);
#4854 = CARTESIAN_POINT('',(-2.5,3.255,1.133675134595));
#4855 = LINE('',#4856,#4857);
#4856 = CARTESIAN_POINT('',(-2.5,3.255,3.895));
#4857 = VECTOR('',#4858,1.);
#4858 = DIRECTION('',(0.,-3.491483361109E-15,1.));
#4859 = ORIENTED_EDGE('',*,*,#4860,.T.);
#4860 = EDGE_CURVE('',#4853,#4861,#4863,.T.);
#4861 = VERTEX_POINT('',#4862);
#4862 = CARTESIAN_POINT('',(-2.76,3.255,1.133675134595));
#4863 = LINE('',#4864,#4865);
#4864 = CARTESIAN_POINT('',(-3.,3.255,1.133675134595));
#4865 = VECTOR('',#4866,1.);
#4866 = DIRECTION('',(-1.,2.438091212181E-29,8.512554900196E-44));
#4867 = ORIENTED_EDGE('',*,*,#4868,.F.);
#4868 = EDGE_CURVE('',#4304,#4861,#4869,.T.);
#4869 = LINE('',#4870,#4871);
#4870 = CARTESIAN_POINT('',(-2.76,3.255,3.895));
#4871 = VECTOR('',#4872,1.);
#4872 = DIRECTION('',(0.,3.491483361109E-15,-1.));
#4873 = PLANE('',#4874);
#4874 = AXIS2_PLACEMENT_3D('',#4875,#4876,#4877);
#4875 = CARTESIAN_POINT('',(-3.,3.255,3.895));
#4876 = DIRECTION('',(2.438091212181E-29,1.,3.491483361109E-15));
#4877 = DIRECTION('',(0.,-3.491483361109E-15,1.));
#4878 = ADVANCED_FACE('',(#4879),#5151,.F.);
#4879 = FACE_BOUND('',#4880,.T.);
#4880 = EDGE_LOOP('',(#4881,#4891,#4899,#4907,#4915,#4923,#4931,#4939,
    #4947,#4955,#4963,#4971,#4979,#4987,#4995,#5003,#5009,#5010,#5018,
    #5026,#5032,#5033,#5041,#5049,#5057,#5065,#5073,#5081,#5089,#5097,
    #5105,#5113,#5121,#5129,#5137,#5145));
#4881 = ORIENTED_EDGE('',*,*,#4882,.F.);
#4882 = EDGE_CURVE('',#4883,#4885,#4887,.T.);
#4883 = VERTEX_POINT('',#4884);
#4884 = CARTESIAN_POINT('',(0.2,0.47,-0.355));
#4885 = VERTEX_POINT('',#4886);
#4886 = CARTESIAN_POINT('',(-0.2,0.47,-0.355));
#4887 = LINE('',#4888,#4889);
#4888 = CARTESIAN_POINT('',(4.,0.47,-0.355));
#4889 = VECTOR('',#4890,1.);
#4890 = DIRECTION('',(-1.,-1.355252715607E-16,7.105427357601E-15));
#4891 = ORIENTED_EDGE('',*,*,#4892,.T.);
#4892 = EDGE_CURVE('',#4883,#4893,#4895,.T.);
#4893 = VERTEX_POINT('',#4894);
#4894 = CARTESIAN_POINT('',(0.4,0.47,-0.155));
#4895 = LINE('',#4896,#4897);
#4896 = CARTESIAN_POINT('',(0.4,0.47,-0.155));
#4897 = VECTOR('',#4898,1.);
#4898 = DIRECTION('',(0.707106781187,9.583083854271E-17,0.707106781187)
  );
#4899 = ORIENTED_EDGE('',*,*,#4900,.F.);
#4900 = EDGE_CURVE('',#4901,#4893,#4903,.T.);
#4901 = VERTEX_POINT('',#4902);
#4902 = CARTESIAN_POINT('',(0.4,0.47,0.195));
#4903 = LINE('',#4904,#4905);
#4904 = CARTESIAN_POINT('',(0.4,0.47,-0.355));
#4905 = VECTOR('',#4906,1.);
#4906 = DIRECTION('',(-7.096596038087E-15,9.856383386232E-17,-1.));
#4907 = ORIENTED_EDGE('',*,*,#4908,.T.);
#4908 = EDGE_CURVE('',#4901,#4909,#4911,.T.);
#4909 = VERTEX_POINT('',#4910);
#4910 = CARTESIAN_POINT('',(0.6,0.47,0.195));
#4911 = LINE('',#4912,#4913);
#4912 = CARTESIAN_POINT('',(0.4,0.47,0.195));
#4913 = VECTOR('',#4914,1.);
#4914 = DIRECTION('',(1.,5.605193857299E-45,-6.982966722219E-15));
#4915 = ORIENTED_EDGE('',*,*,#4916,.T.);
#4916 = EDGE_CURVE('',#4909,#4917,#4919,.T.);
#4917 = VERTEX_POINT('',#4918);
#4918 = CARTESIAN_POINT('',(0.6,0.47,-0.155));
#4919 = LINE('',#4920,#4921);
#4920 = CARTESIAN_POINT('',(0.6,0.47,-0.355));
#4921 = VECTOR('',#4922,1.);
#4922 = DIRECTION('',(-7.096596038087E-15,9.856383386232E-17,-1.));
#4923 = ORIENTED_EDGE('',*,*,#4924,.T.);
#4924 = EDGE_CURVE('',#4917,#4925,#4927,.T.);
#4925 = VERTEX_POINT('',#4926);
#4926 = CARTESIAN_POINT('',(0.8,0.47,-0.355));
#4927 = LINE('',#4928,#4929);
#4928 = CARTESIAN_POINT('',(0.8,0.47,-0.355));
#4929 = VECTOR('',#4930,1.);
#4930 = DIRECTION('',(0.707106781187,9.583083854271E-17,-0.707106781187)
  );
#4931 = ORIENTED_EDGE('',*,*,#4932,.F.);
#4932 = EDGE_CURVE('',#4933,#4925,#4935,.T.);
#4933 = VERTEX_POINT('',#4934);
#4934 = CARTESIAN_POINT('',(1.2,0.47,-0.355));
#4935 = LINE('',#4936,#4937);
#4936 = CARTESIAN_POINT('',(3.,0.47,-0.355));
#4937 = VECTOR('',#4938,1.);
#4938 = DIRECTION('',(-1.,-1.355252715607E-16,7.105427357601E-15));
#4939 = ORIENTED_EDGE('',*,*,#4940,.T.);
#4940 = EDGE_CURVE('',#4933,#4941,#4943,.T.);
#4941 = VERTEX_POINT('',#4942);
#4942 = CARTESIAN_POINT('',(1.4,0.47,-0.155));
#4943 = LINE('',#4944,#4945);
#4944 = CARTESIAN_POINT('',(1.4,0.47,-0.155));
#4945 = VECTOR('',#4946,1.);
#4946 = DIRECTION('',(0.707106781187,9.583083854271E-17,0.707106781187)
  );
#4947 = ORIENTED_EDGE('',*,*,#4948,.F.);
#4948 = EDGE_CURVE('',#4949,#4941,#4951,.T.);
#4949 = VERTEX_POINT('',#4950);
#4950 = CARTESIAN_POINT('',(1.4,0.47,0.195));
#4951 = LINE('',#4952,#4953);
#4952 = CARTESIAN_POINT('',(1.4,0.47,-0.355));
#4953 = VECTOR('',#4954,1.);
#4954 = DIRECTION('',(-7.096596038087E-15,9.856383386232E-17,-1.));
#4955 = ORIENTED_EDGE('',*,*,#4956,.T.);
#4956 = EDGE_CURVE('',#4949,#4957,#4959,.T.);
#4957 = VERTEX_POINT('',#4958);
#4958 = CARTESIAN_POINT('',(1.6,0.47,0.195));
#4959 = LINE('',#4960,#4961);
#4960 = CARTESIAN_POINT('',(1.4,0.47,0.195));
#4961 = VECTOR('',#4962,1.);
#4962 = DIRECTION('',(1.,5.605193857299E-45,-6.982966722219E-15));
#4963 = ORIENTED_EDGE('',*,*,#4964,.T.);
#4964 = EDGE_CURVE('',#4957,#4965,#4967,.T.);
#4965 = VERTEX_POINT('',#4966);
#4966 = CARTESIAN_POINT('',(1.6,0.47,-0.155));
#4967 = LINE('',#4968,#4969);
#4968 = CARTESIAN_POINT('',(1.6,0.47,-0.355));
#4969 = VECTOR('',#4970,1.);
#4970 = DIRECTION('',(-7.096596038087E-15,9.856383386232E-17,-1.));
#4971 = ORIENTED_EDGE('',*,*,#4972,.T.);
#4972 = EDGE_CURVE('',#4965,#4973,#4975,.T.);
#4973 = VERTEX_POINT('',#4974);
#4974 = CARTESIAN_POINT('',(1.8,0.47,-0.355));
#4975 = LINE('',#4976,#4977);
#4976 = CARTESIAN_POINT('',(1.8,0.47,-0.355));
#4977 = VECTOR('',#4978,1.);
#4978 = DIRECTION('',(0.707106781187,9.583083854271E-17,-0.707106781187)
  );
#4979 = ORIENTED_EDGE('',*,*,#4980,.F.);
#4980 = EDGE_CURVE('',#4981,#4973,#4983,.T.);
#4981 = VERTEX_POINT('',#4982);
#4982 = CARTESIAN_POINT('',(3.,0.47,-0.355));
#4983 = LINE('',#4984,#4985);
#4984 = CARTESIAN_POINT('',(3.,0.47,-0.355));
#4985 = VECTOR('',#4986,1.);
#4986 = DIRECTION('',(-1.,-1.355252715607E-16,7.105427357601E-15));
#4987 = ORIENTED_EDGE('',*,*,#4988,.T.);
#4988 = EDGE_CURVE('',#4981,#4989,#4991,.T.);
#4989 = VERTEX_POINT('',#4990);
#4990 = CARTESIAN_POINT('',(3.,0.47,2.395));
#4991 = LINE('',#4992,#4993);
#4992 = CARTESIAN_POINT('',(3.,0.47,-1.055));
#4993 = VECTOR('',#4994,1.);
#4994 = DIRECTION('',(-0.,-0.,1.));
#4995 = ORIENTED_EDGE('',*,*,#4996,.F.);
#4996 = EDGE_CURVE('',#4997,#4989,#4999,.T.);
#4997 = VERTEX_POINT('',#4998);
#4998 = CARTESIAN_POINT('',(2.29,0.47,2.395));
#4999 = LINE('',#5000,#5001);
#5000 = CARTESIAN_POINT('',(2.5,0.47,2.395));
#5001 = VECTOR('',#5002,1.);
#5002 = DIRECTION('',(1.,1.355252715607E-16,-6.982966722219E-15));
#5003 = ORIENTED_EDGE('',*,*,#5004,.T.);
#5004 = EDGE_CURVE('',#4997,#4400,#5005,.T.);
#5005 = LINE('',#5006,#5007);
#5006 = CARTESIAN_POINT('',(2.29,0.47,2.395));
#5007 = VECTOR('',#5008,1.);
#5008 = DIRECTION('',(-0.,-0.,1.));
#5009 = ORIENTED_EDGE('',*,*,#4399,.T.);
#5010 = ORIENTED_EDGE('',*,*,#5011,.F.);
#5011 = EDGE_CURVE('',#5012,#4392,#5014,.T.);
#5012 = VERTEX_POINT('',#5013);
#5013 = CARTESIAN_POINT('',(2.2,0.47,0.585));
#5014 = LINE('',#5015,#5016);
#5015 = CARTESIAN_POINT('',(2.2,0.47,-1.055));
#5016 = VECTOR('',#5017,1.);
#5017 = DIRECTION('',(-0.,-0.,1.));
#5018 = ORIENTED_EDGE('',*,*,#5019,.F.);
#5019 = EDGE_CURVE('',#5020,#5012,#5022,.T.);
#5020 = VERTEX_POINT('',#5021);
#5021 = CARTESIAN_POINT('',(-2.2,0.47,0.585));
#5022 = LINE('',#5023,#5024);
#5023 = CARTESIAN_POINT('',(-3.,0.47,0.585));
#5024 = VECTOR('',#5025,1.);
#5025 = DIRECTION('',(1.,-0.,-0.));
#5026 = ORIENTED_EDGE('',*,*,#5027,.T.);
#5027 = EDGE_CURVE('',#5020,#4368,#5028,.T.);
#5028 = LINE('',#5029,#5030);
#5029 = CARTESIAN_POINT('',(-2.2,0.47,-1.055));
#5030 = VECTOR('',#5031,1.);
#5031 = DIRECTION('',(-0.,-0.,1.));
#5032 = ORIENTED_EDGE('',*,*,#4367,.F.);
#5033 = ORIENTED_EDGE('',*,*,#5034,.F.);
#5034 = EDGE_CURVE('',#5035,#4360,#5037,.T.);
#5035 = VERTEX_POINT('',#5036);
#5036 = CARTESIAN_POINT('',(-2.29,0.47,2.395));
#5037 = LINE('',#5038,#5039);
#5038 = CARTESIAN_POINT('',(-2.29,0.47,2.395));
#5039 = VECTOR('',#5040,1.);
#5040 = DIRECTION('',(-0.,-0.,1.));
#5041 = ORIENTED_EDGE('',*,*,#5042,.F.);
#5042 = EDGE_CURVE('',#5043,#5035,#5045,.T.);
#5043 = VERTEX_POINT('',#5044);
#5044 = CARTESIAN_POINT('',(-3.,0.47,2.395));
#5045 = LINE('',#5046,#5047);
#5046 = CARTESIAN_POINT('',(-2.5,0.47,2.395));
#5047 = VECTOR('',#5048,1.);
#5048 = DIRECTION('',(1.,-1.355252715607E-16,-6.982966722219E-15));
#5049 = ORIENTED_EDGE('',*,*,#5050,.F.);
#5050 = EDGE_CURVE('',#5051,#5043,#5053,.T.);
#5051 = VERTEX_POINT('',#5052);
#5052 = CARTESIAN_POINT('',(-3.,0.47,-0.355));
#5053 = LINE('',#5054,#5055);
#5054 = CARTESIAN_POINT('',(-3.,0.47,-1.055));
#5055 = VECTOR('',#5056,1.);
#5056 = DIRECTION('',(-0.,-0.,1.));
#5057 = ORIENTED_EDGE('',*,*,#5058,.F.);
#5058 = EDGE_CURVE('',#5059,#5051,#5061,.T.);
#5059 = VERTEX_POINT('',#5060);
#5060 = CARTESIAN_POINT('',(-1.8,0.47,-0.355));
#5061 = LINE('',#5062,#5063);
#5062 = CARTESIAN_POINT('',(4.,0.47,-0.355));
#5063 = VECTOR('',#5064,1.);
#5064 = DIRECTION('',(-1.,-1.355252715607E-16,7.105427357601E-15));
#5065 = ORIENTED_EDGE('',*,*,#5066,.T.);
#5066 = EDGE_CURVE('',#5059,#5067,#5069,.T.);
#5067 = VERTEX_POINT('',#5068);
#5068 = CARTESIAN_POINT('',(-1.6,0.47,-0.155));
#5069 = LINE('',#5070,#5071);
#5070 = CARTESIAN_POINT('',(-1.6,0.47,-0.155));
#5071 = VECTOR('',#5072,1.);
#5072 = DIRECTION('',(0.707106781187,9.583083854271E-17,0.707106781187)
  );
#5073 = ORIENTED_EDGE('',*,*,#5074,.F.);
#5074 = EDGE_CURVE('',#5075,#5067,#5077,.T.);
#5075 = VERTEX_POINT('',#5076);
#5076 = CARTESIAN_POINT('',(-1.6,0.47,0.195));
#5077 = LINE('',#5078,#5079);
#5078 = CARTESIAN_POINT('',(-1.6,0.47,-0.355));
#5079 = VECTOR('',#5080,1.);
#5080 = DIRECTION('',(-7.096596038087E-15,9.856383386232E-17,-1.));
#5081 = ORIENTED_EDGE('',*,*,#5082,.T.);
#5082 = EDGE_CURVE('',#5075,#5083,#5085,.T.);
#5083 = VERTEX_POINT('',#5084);
#5084 = CARTESIAN_POINT('',(-1.4,0.47,0.195));
#5085 = LINE('',#5086,#5087);
#5086 = CARTESIAN_POINT('',(-1.6,0.47,0.195));
#5087 = VECTOR('',#5088,1.);
#5088 = DIRECTION('',(1.,5.605193857299E-45,-6.982966722219E-15));
#5089 = ORIENTED_EDGE('',*,*,#5090,.T.);
#5090 = EDGE_CURVE('',#5083,#5091,#5093,.T.);
#5091 = VERTEX_POINT('',#5092);
#5092 = CARTESIAN_POINT('',(-1.4,0.47,-0.155));
#5093 = LINE('',#5094,#5095);
#5094 = CARTESIAN_POINT('',(-1.4,0.47,-0.355));
#5095 = VECTOR('',#5096,1.);
#5096 = DIRECTION('',(-7.096596038087E-15,9.856383386232E-17,-1.));
#5097 = ORIENTED_EDGE('',*,*,#5098,.T.);
#5098 = EDGE_CURVE('',#5091,#5099,#5101,.T.);
#5099 = VERTEX_POINT('',#5100);
#5100 = CARTESIAN_POINT('',(-1.2,0.47,-0.355));
#5101 = LINE('',#5102,#5103);
#5102 = CARTESIAN_POINT('',(-1.2,0.47,-0.355));
#5103 = VECTOR('',#5104,1.);
#5104 = DIRECTION('',(0.707106781187,9.583083854271E-17,-0.707106781187)
  );
#5105 = ORIENTED_EDGE('',*,*,#5106,.F.);
#5106 = EDGE_CURVE('',#5107,#5099,#5109,.T.);
#5107 = VERTEX_POINT('',#5108);
#5108 = CARTESIAN_POINT('',(-0.8,0.47,-0.355));
#5109 = LINE('',#5110,#5111);
#5110 = CARTESIAN_POINT('',(4.,0.47,-0.355));
#5111 = VECTOR('',#5112,1.);
#5112 = DIRECTION('',(-1.,-1.355252715607E-16,7.105427357601E-15));
#5113 = ORIENTED_EDGE('',*,*,#5114,.T.);
#5114 = EDGE_CURVE('',#5107,#5115,#5117,.T.);
#5115 = VERTEX_POINT('',#5116);
#5116 = CARTESIAN_POINT('',(-0.6,0.47,-0.155));
#5117 = LINE('',#5118,#5119);
#5118 = CARTESIAN_POINT('',(-0.6,0.47,-0.155));
#5119 = VECTOR('',#5120,1.);
#5120 = DIRECTION('',(0.707106781187,9.583083854271E-17,0.707106781187)
  );
#5121 = ORIENTED_EDGE('',*,*,#5122,.F.);
#5122 = EDGE_CURVE('',#5123,#5115,#5125,.T.);
#5123 = VERTEX_POINT('',#5124);
#5124 = CARTESIAN_POINT('',(-0.6,0.47,0.195));
#5125 = LINE('',#5126,#5127);
#5126 = CARTESIAN_POINT('',(-0.6,0.47,-0.355));
#5127 = VECTOR('',#5128,1.);
#5128 = DIRECTION('',(-7.096596038087E-15,9.856383386232E-17,-1.));
#5129 = ORIENTED_EDGE('',*,*,#5130,.T.);
#5130 = EDGE_CURVE('',#5123,#5131,#5133,.T.);
#5131 = VERTEX_POINT('',#5132);
#5132 = CARTESIAN_POINT('',(-0.4,0.47,0.195));
#5133 = LINE('',#5134,#5135);
#5134 = CARTESIAN_POINT('',(-0.6,0.47,0.195));
#5135 = VECTOR('',#5136,1.);
#5136 = DIRECTION('',(1.,5.605193857299E-45,-6.982966722219E-15));
#5137 = ORIENTED_EDGE('',*,*,#5138,.T.);
#5138 = EDGE_CURVE('',#5131,#5139,#5141,.T.);
#5139 = VERTEX_POINT('',#5140);
#5140 = CARTESIAN_POINT('',(-0.4,0.47,-0.155));
#5141 = LINE('',#5142,#5143);
#5142 = CARTESIAN_POINT('',(-0.4,0.47,-0.355));
#5143 = VECTOR('',#5144,1.);
#5144 = DIRECTION('',(-7.096596038087E-15,9.856383386232E-17,-1.));
#5145 = ORIENTED_EDGE('',*,*,#5146,.T.);
#5146 = EDGE_CURVE('',#5139,#4885,#5147,.T.);
#5147 = LINE('',#5148,#5149);
#5148 = CARTESIAN_POINT('',(-0.2,0.47,-0.355));
#5149 = VECTOR('',#5150,1.);
#5150 = DIRECTION('',(0.707106781187,9.583083854271E-17,-0.707106781187)
  );
#5151 = PLANE('',#5152);
#5152 = AXIS2_PLACEMENT_3D('',#5153,#5154,#5155);
#5153 = CARTESIAN_POINT('',(4.,0.47,-1.055));
#5154 = DIRECTION('',(-1.355252715607E-16,1.,0.));
#5155 = DIRECTION('',(-1.,-1.355252715607E-16,0.));
#5156 = ADVANCED_FACE('',(#5157),#5173,.F.);
#5157 = FACE_BOUND('',#5158,.T.);
#5158 = EDGE_LOOP('',(#5159,#5160,#5166,#5167));
#5159 = ORIENTED_EDGE('',*,*,#5019,.T.);
#5160 = ORIENTED_EDGE('',*,*,#5161,.T.);
#5161 = EDGE_CURVE('',#5012,#4562,#5162,.T.);
#5162 = LINE('',#5163,#5164);
#5163 = CARTESIAN_POINT('',(2.2,0.355,0.585));
#5164 = VECTOR('',#5165,1.);
#5165 = DIRECTION('',(-0.,-1.,-0.));
#5166 = ORIENTED_EDGE('',*,*,#4559,.F.);
#5167 = ORIENTED_EDGE('',*,*,#5168,.T.);
#5168 = EDGE_CURVE('',#4560,#5020,#5169,.T.);
#5169 = LINE('',#5170,#5171);
#5170 = CARTESIAN_POINT('',(-2.2,0.355,0.585));
#5171 = VECTOR('',#5172,1.);
#5172 = DIRECTION('',(0.,1.,0.));
#5173 = PLANE('',#5174);
#5174 = AXIS2_PLACEMENT_3D('',#5175,#5176,#5177);
#5175 = CARTESIAN_POINT('',(-3.,0.355,0.585));
#5176 = DIRECTION('',(0.,-0.,1.));
#5177 = DIRECTION('',(1.,0.,0.));
#5178 = ADVANCED_FACE('',(#5179),#5195,.F.);
#5179 = FACE_BOUND('',#5180,.T.);
#5180 = EDGE_LOOP('',(#5181,#5182,#5188,#5189));
#5181 = ORIENTED_EDGE('',*,*,#4505,.F.);
#5182 = ORIENTED_EDGE('',*,*,#5183,.T.);
#5183 = EDGE_CURVE('',#4498,#4769,#5184,.T.);
#5184 = LINE('',#5185,#5186);
#5185 = CARTESIAN_POINT('',(2.2,0.755,3.695));
#5186 = VECTOR('',#5187,1.);
#5187 = DIRECTION('',(-0.497542812165,0.497542812165,-0.710564775462));
#5188 = ORIENTED_EDGE('',*,*,#4766,.F.);
#5189 = ORIENTED_EDGE('',*,*,#5190,.F.);
#5190 = EDGE_CURVE('',#4506,#4767,#5191,.T.);
#5191 = LINE('',#5192,#5193);
#5192 = CARTESIAN_POINT('',(-1.68650226864,1.26849773136,2.961649238492)
  );
#5193 = VECTOR('',#5194,1.);
#5194 = DIRECTION('',(0.497542812165,0.497542812165,-0.710564775462));
#5195 = PLANE('',#5196);
#5196 = AXIS2_PLACEMENT_3D('',#5197,#5198,#5199);
#5197 = CARTESIAN_POINT('',(3.2,0.755,3.695));
#5198 = DIRECTION('',(-3.97765563293E-15,-0.819152044289,-0.573576436351
    ));
#5199 = DIRECTION('',(1.,1.204669080539E-16,-7.106875541931E-15));
#5200 = ADVANCED_FACE('',(#5201),#5217,.F.);
#5201 = FACE_BOUND('',#5202,.T.);
#5202 = EDGE_LOOP('',(#5203,#5204,#5210,#5211));
#5203 = ORIENTED_EDGE('',*,*,#4806,.F.);
#5204 = ORIENTED_EDGE('',*,*,#5205,.T.);
#5205 = EDGE_CURVE('',#4799,#4458,#5206,.T.);
#5206 = LINE('',#5207,#5208);
#5207 = CARTESIAN_POINT('',(0.863236210342,1.518236210342,1.785903458316
    ));
#5208 = VECTOR('',#5209,1.);
#5209 = DIRECTION('',(0.497542812165,0.497542812165,0.710564775462));
#5210 = ORIENTED_EDGE('',*,*,#4455,.F.);
#5211 = ORIENTED_EDGE('',*,*,#5212,.F.);
#5212 = EDGE_CURVE('',#4807,#4456,#5213,.T.);
#5213 = LINE('',#5214,#5215);
#5214 = CARTESIAN_POINT('',(-2.404393933456,3.059393933456,
    3.986904788656));
#5215 = VECTOR('',#5216,1.);
#5216 = DIRECTION('',(-0.497542812165,0.497542812165,0.710564775462));
#5217 = PLANE('',#5218);
#5218 = AXIS2_PLACEMENT_3D('',#5219,#5220,#5221);
#5219 = CARTESIAN_POINT('',(-2.2,2.855,3.695));
#5220 = DIRECTION('',(-4.207910632267E-15,0.819152044289,-0.573576436351
    ));
#5221 = DIRECTION('',(-1.,-1.606225440719E-16,7.106875541931E-15));
#5222 = ADVANCED_FACE('',(#5223),#5248,.F.);
#5223 = FACE_BOUND('',#5224,.T.);
#5224 = EDGE_LOOP('',(#5225,#5233,#5241,#5247));
#5225 = ORIENTED_EDGE('',*,*,#5226,.F.);
#5226 = EDGE_CURVE('',#5227,#5123,#5229,.T.);
#5227 = VERTEX_POINT('',#5228);
#5228 = CARTESIAN_POINT('',(-0.6,1.955,0.195));
#5229 = LINE('',#5230,#5231);
#5230 = CARTESIAN_POINT('',(-0.6,2.755,0.195));
#5231 = VECTOR('',#5232,1.);
#5232 = DIRECTION('',(0.,-1.,1.186216818912E-17));
#5233 = ORIENTED_EDGE('',*,*,#5234,.T.);
#5234 = EDGE_CURVE('',#5227,#5235,#5237,.T.);
#5235 = VERTEX_POINT('',#5236);
#5236 = CARTESIAN_POINT('',(-0.4,1.955,0.195));
#5237 = LINE('',#5238,#5239);
#5238 = CARTESIAN_POINT('',(-0.6,1.955,0.195));
#5239 = VECTOR('',#5240,1.);
#5240 = DIRECTION('',(1.,5.605193857299E-45,-6.982966722219E-15));
#5241 = ORIENTED_EDGE('',*,*,#5242,.T.);
#5242 = EDGE_CURVE('',#5235,#5131,#5243,.T.);
#5243 = LINE('',#5244,#5245);
#5244 = CARTESIAN_POINT('',(-0.4,2.755,0.195));
#5245 = VECTOR('',#5246,1.);
#5246 = DIRECTION('',(0.,-1.,1.186216818912E-17));
#5247 = ORIENTED_EDGE('',*,*,#5130,.F.);
#5248 = PLANE('',#5249);
#5249 = AXIS2_PLACEMENT_3D('',#5250,#5251,#5252);
#5250 = CARTESIAN_POINT('',(-3.,3.255,0.195));
#5251 = DIRECTION('',(6.982966722219E-15,0.,1.));
#5252 = DIRECTION('',(1.,0.,-6.982966722219E-15));
#5253 = ADVANCED_FACE('',(#5254),#5279,.F.);
#5254 = FACE_BOUND('',#5255,.T.);
#5255 = EDGE_LOOP('',(#5256,#5264,#5272,#5278));
#5256 = ORIENTED_EDGE('',*,*,#5257,.F.);
#5257 = EDGE_CURVE('',#5258,#5075,#5260,.T.);
#5258 = VERTEX_POINT('',#5259);
#5259 = CARTESIAN_POINT('',(-1.6,1.955,0.195));
#5260 = LINE('',#5261,#5262);
#5261 = CARTESIAN_POINT('',(-1.6,2.755,0.195));
#5262 = VECTOR('',#5263,1.);
#5263 = DIRECTION('',(0.,-1.,1.186216818912E-17));
#5264 = ORIENTED_EDGE('',*,*,#5265,.T.);
#5265 = EDGE_CURVE('',#5258,#5266,#5268,.T.);
#5266 = VERTEX_POINT('',#5267);
#5267 = CARTESIAN_POINT('',(-1.4,1.955,0.195));
#5268 = LINE('',#5269,#5270);
#5269 = CARTESIAN_POINT('',(-1.6,1.955,0.195));
#5270 = VECTOR('',#5271,1.);
#5271 = DIRECTION('',(1.,5.605193857299E-45,-6.982966722219E-15));
#5272 = ORIENTED_EDGE('',*,*,#5273,.T.);
#5273 = EDGE_CURVE('',#5266,#5083,#5274,.T.);
#5274 = LINE('',#5275,#5276);
#5275 = CARTESIAN_POINT('',(-1.4,2.755,0.195));
#5276 = VECTOR('',#5277,1.);
#5277 = DIRECTION('',(0.,-1.,1.186216818912E-17));
#5278 = ORIENTED_EDGE('',*,*,#5082,.F.);
#5279 = PLANE('',#5280);
#5280 = AXIS2_PLACEMENT_3D('',#5281,#5282,#5283);
#5281 = CARTESIAN_POINT('',(-3.,3.255,0.195));
#5282 = DIRECTION('',(6.982966722219E-15,0.,1.));
#5283 = DIRECTION('',(1.,0.,-6.982966722219E-15));
#5284 = ADVANCED_FACE('',(#5285),#5310,.F.);
#5285 = FACE_BOUND('',#5286,.T.);
#5286 = EDGE_LOOP('',(#5287,#5297,#5303,#5304));
#5287 = ORIENTED_EDGE('',*,*,#5288,.T.);
#5288 = EDGE_CURVE('',#5289,#5291,#5293,.T.);
#5289 = VERTEX_POINT('',#5290);
#5290 = CARTESIAN_POINT('',(-0.2,2.755,-0.355));
#5291 = VERTEX_POINT('',#5292);
#5292 = CARTESIAN_POINT('',(0.2,2.755,-0.355));
#5293 = LINE('',#5294,#5295);
#5294 = CARTESIAN_POINT('',(-3.,2.755,-0.355));
#5295 = VECTOR('',#5296,1.);
#5296 = DIRECTION('',(1.,5.605193857299E-45,-6.982966722219E-15));
#5297 = ORIENTED_EDGE('',*,*,#5298,.T.);
#5298 = EDGE_CURVE('',#5291,#4883,#5299,.T.);
#5299 = LINE('',#5300,#5301);
#5300 = CARTESIAN_POINT('',(0.2,3.255,-0.355));
#5301 = VECTOR('',#5302,1.);
#5302 = DIRECTION('',(-2.486182800327E-29,-1.,-3.491483361109E-15));
#5303 = ORIENTED_EDGE('',*,*,#4882,.T.);
#5304 = ORIENTED_EDGE('',*,*,#5305,.T.);
#5305 = EDGE_CURVE('',#4885,#5289,#5306,.T.);
#5306 = LINE('',#5307,#5308);
#5307 = CARTESIAN_POINT('',(-0.2,2.755,-0.355));
#5308 = VECTOR('',#5309,1.);
#5309 = DIRECTION('',(2.486182800327E-29,1.,3.491483361109E-15));
#5310 = PLANE('',#5311);
#5311 = AXIS2_PLACEMENT_3D('',#5312,#5313,#5314);
#5312 = CARTESIAN_POINT('',(4.,3.255,-0.355));
#5313 = DIRECTION('',(7.105427357601E-15,-3.491483361109E-15,1.));
#5314 = DIRECTION('',(1.,0.,-7.105427357601E-15));
#5315 = ADVANCED_FACE('',(#5316),#5341,.F.);
#5316 = FACE_BOUND('',#5317,.T.);
#5317 = EDGE_LOOP('',(#5318,#5319,#5327,#5335));
#5318 = ORIENTED_EDGE('',*,*,#5106,.T.);
#5319 = ORIENTED_EDGE('',*,*,#5320,.T.);
#5320 = EDGE_CURVE('',#5099,#5321,#5323,.T.);
#5321 = VERTEX_POINT('',#5322);
#5322 = CARTESIAN_POINT('',(-1.2,2.755,-0.355));
#5323 = LINE('',#5324,#5325);
#5324 = CARTESIAN_POINT('',(-1.2,2.755,-0.355));
#5325 = VECTOR('',#5326,1.);
#5326 = DIRECTION('',(2.486182800327E-29,1.,3.491483361109E-15));
#5327 = ORIENTED_EDGE('',*,*,#5328,.T.);
#5328 = EDGE_CURVE('',#5321,#5329,#5331,.T.);
#5329 = VERTEX_POINT('',#5330);
#5330 = CARTESIAN_POINT('',(-0.8,2.755,-0.355));
#5331 = LINE('',#5332,#5333);
#5332 = CARTESIAN_POINT('',(-3.,2.755,-0.355));
#5333 = VECTOR('',#5334,1.);
#5334 = DIRECTION('',(1.,5.605193857299E-45,-6.982966722219E-15));
#5335 = ORIENTED_EDGE('',*,*,#5336,.T.);
#5336 = EDGE_CURVE('',#5329,#5107,#5337,.T.);
#5337 = LINE('',#5338,#5339);
#5338 = CARTESIAN_POINT('',(-0.8,3.255,-0.355));
#5339 = VECTOR('',#5340,1.);
#5340 = DIRECTION('',(-2.486182800327E-29,-1.,-3.491483361109E-15));
#5341 = PLANE('',#5342);
#5342 = AXIS2_PLACEMENT_3D('',#5343,#5344,#5345);
#5343 = CARTESIAN_POINT('',(4.,3.255,-0.355));
#5344 = DIRECTION('',(7.105427357601E-15,-3.491483361109E-15,1.));
#5345 = DIRECTION('',(1.,0.,-7.105427357601E-15));
#5346 = ADVANCED_FACE('',(#5347),#5379,.F.);
#5347 = FACE_BOUND('',#5348,.T.);
#5348 = EDGE_LOOP('',(#5349,#5350,#5358,#5364,#5365,#5373));
#5349 = ORIENTED_EDGE('',*,*,#4207,.T.);
#5350 = ORIENTED_EDGE('',*,*,#5351,.F.);
#5351 = EDGE_CURVE('',#5352,#4200,#5354,.T.);
#5352 = VERTEX_POINT('',#5353);
#5353 = CARTESIAN_POINT('',(0.4,2.755,-0.155));
#5354 = LINE('',#5355,#5356);
#5355 = CARTESIAN_POINT('',(0.4,2.755,0.195));
#5356 = VECTOR('',#5357,1.);
#5357 = DIRECTION('',(7.096596038087E-15,-0.,1.));
#5358 = ORIENTED_EDGE('',*,*,#5359,.T.);
#5359 = EDGE_CURVE('',#5352,#5291,#5360,.T.);
#5360 = LINE('',#5361,#5362);
#5361 = CARTESIAN_POINT('',(0.4,2.755,-0.155));
#5362 = VECTOR('',#5363,1.);
#5363 = DIRECTION('',(-0.707106781187,-3.963470586362E-45,
    -0.707106781187));
#5364 = ORIENTED_EDGE('',*,*,#5288,.F.);
#5365 = ORIENTED_EDGE('',*,*,#5366,.T.);
#5366 = EDGE_CURVE('',#5289,#5367,#5369,.T.);
#5367 = VERTEX_POINT('',#5368);
#5368 = CARTESIAN_POINT('',(-0.4,2.755,-0.155));
#5369 = LINE('',#5370,#5371);
#5370 = CARTESIAN_POINT('',(-0.2,2.755,-0.355));
#5371 = VECTOR('',#5372,1.);
#5372 = DIRECTION('',(-0.707106781187,-3.963470586361E-45,0.707106781187
    ));
#5373 = ORIENTED_EDGE('',*,*,#5374,.T.);
#5374 = EDGE_CURVE('',#5367,#4208,#5375,.T.);
#5375 = LINE('',#5376,#5377);
#5376 = CARTESIAN_POINT('',(-0.4,2.755,0.195));
#5377 = VECTOR('',#5378,1.);
#5378 = DIRECTION('',(7.096596038087E-15,-0.,1.));
#5379 = PLANE('',#5380);
#5380 = AXIS2_PLACEMENT_3D('',#5381,#5382,#5383);
#5381 = CARTESIAN_POINT('',(-3.,2.755,-0.355));
#5382 = DIRECTION('',(5.605193857299E-45,-1.,-3.977779652042E-59));
#5383 = DIRECTION('',(1.,5.605193857299E-45,0.));
#5384 = ADVANCED_FACE('',(#5385),#5417,.F.);
#5385 = FACE_BOUND('',#5386,.T.);
#5386 = EDGE_LOOP('',(#5387,#5388,#5396,#5402,#5403,#5411));
#5387 = ORIENTED_EDGE('',*,*,#5328,.F.);
#5388 = ORIENTED_EDGE('',*,*,#5389,.T.);
#5389 = EDGE_CURVE('',#5321,#5390,#5392,.T.);
#5390 = VERTEX_POINT('',#5391);
#5391 = CARTESIAN_POINT('',(-1.4,2.755,-0.155));
#5392 = LINE('',#5393,#5394);
#5393 = CARTESIAN_POINT('',(-1.2,2.755,-0.355));
#5394 = VECTOR('',#5395,1.);
#5395 = DIRECTION('',(-0.707106781187,-3.963470586361E-45,0.707106781187
    ));
#5396 = ORIENTED_EDGE('',*,*,#5397,.T.);
#5397 = EDGE_CURVE('',#5390,#4240,#5398,.T.);
#5398 = LINE('',#5399,#5400);
#5399 = CARTESIAN_POINT('',(-1.4,2.755,0.195));
#5400 = VECTOR('',#5401,1.);
#5401 = DIRECTION('',(7.096596038087E-15,-0.,1.));
#5402 = ORIENTED_EDGE('',*,*,#4239,.T.);
#5403 = ORIENTED_EDGE('',*,*,#5404,.F.);
#5404 = EDGE_CURVE('',#5405,#4232,#5407,.T.);
#5405 = VERTEX_POINT('',#5406);
#5406 = CARTESIAN_POINT('',(-0.6,2.755,-0.155));
#5407 = LINE('',#5408,#5409);
#5408 = CARTESIAN_POINT('',(-0.6,2.755,0.195));
#5409 = VECTOR('',#5410,1.);
#5410 = DIRECTION('',(7.096596038087E-15,-0.,1.));
#5411 = ORIENTED_EDGE('',*,*,#5412,.T.);
#5412 = EDGE_CURVE('',#5405,#5329,#5413,.T.);
#5413 = LINE('',#5414,#5415);
#5414 = CARTESIAN_POINT('',(-0.6,2.755,-0.155));
#5415 = VECTOR('',#5416,1.);
#5416 = DIRECTION('',(-0.707106781187,-3.963470586361E-45,
    -0.707106781187));
#5417 = PLANE('',#5418);
#5418 = AXIS2_PLACEMENT_3D('',#5419,#5420,#5421);
#5419 = CARTESIAN_POINT('',(-3.,2.755,-0.355));
#5420 = DIRECTION('',(5.605193857299E-45,-1.,-3.977779652042E-59));
#5421 = DIRECTION('',(1.,5.605193857299E-45,0.));
#5422 = ADVANCED_FACE('',(#5423),#5455,.F.);
#5423 = FACE_BOUND('',#5424,.T.);
#5424 = EDGE_LOOP('',(#5425,#5433,#5441,#5449));
#5425 = ORIENTED_EDGE('',*,*,#5426,.F.);
#5426 = EDGE_CURVE('',#4272,#5427,#5429,.T.);
#5427 = VERTEX_POINT('',#5428);
#5428 = CARTESIAN_POINT('',(-2.5,1.755,0.195));
#5429 = LINE('',#5430,#5431);
#5430 = CARTESIAN_POINT('',(-2.5,2.755,0.195));
#5431 = VECTOR('',#5432,1.);
#5432 = DIRECTION('',(5.605193857299E-45,-1.,-3.914088217711E-59));
#5433 = ORIENTED_EDGE('',*,*,#5434,.T.);
#5434 = EDGE_CURVE('',#4272,#5435,#5437,.T.);
#5435 = VERTEX_POINT('',#5436);
#5436 = CARTESIAN_POINT('',(-2.5,2.755,-0.355));
#5437 = LINE('',#5438,#5439);
#5438 = CARTESIAN_POINT('',(-2.5,2.755,-0.355));
#5439 = VECTOR('',#5440,1.);
#5440 = DIRECTION('',(-6.982966722219E-15,6.369143433136E-61,-1.));
#5441 = ORIENTED_EDGE('',*,*,#5442,.T.);
#5442 = EDGE_CURVE('',#5435,#5443,#5445,.T.);
#5443 = VERTEX_POINT('',#5444);
#5444 = CARTESIAN_POINT('',(-2.5,1.755,-0.355));
#5445 = LINE('',#5446,#5447);
#5446 = CARTESIAN_POINT('',(-2.5,3.255,-0.355));
#5447 = VECTOR('',#5448,1.);
#5448 = DIRECTION('',(-2.480848139264E-29,-1.,-3.491483361109E-15));
#5449 = ORIENTED_EDGE('',*,*,#5450,.F.);
#5450 = EDGE_CURVE('',#5427,#5443,#5451,.T.);
#5451 = LINE('',#5452,#5453);
#5452 = CARTESIAN_POINT('',(-2.5,1.755,-0.355));
#5453 = VECTOR('',#5454,1.);
#5454 = DIRECTION('',(-6.982966722219E-15,0.,-1.));
#5455 = PLANE('',#5456);
#5456 = AXIS2_PLACEMENT_3D('',#5457,#5458,#5459);
#5457 = CARTESIAN_POINT('',(-2.5,2.755,-0.355));
#5458 = DIRECTION('',(1.,5.605193857299E-45,-6.982966722219E-15));
#5459 = DIRECTION('',(-6.982966722219E-15,0.,-1.));
#5460 = ADVANCED_FACE('',(#5461),#5510,.T.);
#5461 = FACE_BOUND('',#5462,.T.);
#5462 = EDGE_LOOP('',(#5463,#5473,#5479,#5480,#5488,#5496,#5504));
#5463 = ORIENTED_EDGE('',*,*,#5464,.F.);
#5464 = EDGE_CURVE('',#5465,#5467,#5469,.T.);
#5465 = VERTEX_POINT('',#5466);
#5466 = CARTESIAN_POINT('',(-2.5,0.585,2.395));
#5467 = VERTEX_POINT('',#5468);
#5468 = CARTESIAN_POINT('',(-2.5,0.905,2.395));
#5469 = LINE('',#5470,#5471);
#5470 = CARTESIAN_POINT('',(-2.5,0.305,2.395));
#5471 = VECTOR('',#5472,1.);
#5472 = DIRECTION('',(0.,1.,0.));
#5473 = ORIENTED_EDGE('',*,*,#5474,.T.);
#5474 = EDGE_CURVE('',#5465,#4344,#5475,.T.);
#5475 = LINE('',#5476,#5477);
#5476 = CARTESIAN_POINT('',(-2.5,0.585,2.395));
#5477 = VECTOR('',#5478,1.);
#5478 = DIRECTION('',(-0.,-0.,1.));
#5479 = ORIENTED_EDGE('',*,*,#4343,.F.);
#5480 = ORIENTED_EDGE('',*,*,#5481,.T.);
#5481 = EDGE_CURVE('',#4336,#5482,#5484,.T.);
#5482 = VERTEX_POINT('',#5483);
#5483 = CARTESIAN_POINT('',(-2.5,1.555,3.795));
#5484 = LINE('',#5485,#5486);
#5485 = CARTESIAN_POINT('',(-2.5,1.555,3.795));
#5486 = VECTOR('',#5487,1.);
#5487 = DIRECTION('',(4.906538933387E-15,-0.707106781187,-0.707106781187
    ));
#5488 = ORIENTED_EDGE('',*,*,#5489,.F.);
#5489 = EDGE_CURVE('',#5490,#5482,#5492,.T.);
#5490 = VERTEX_POINT('',#5491);
#5491 = CARTESIAN_POINT('',(-2.5,1.555,3.395));
#5492 = LINE('',#5493,#5494);
#5493 = CARTESIAN_POINT('',(-2.5,1.555,3.395));
#5494 = VECTOR('',#5495,1.);
#5495 = DIRECTION('',(-6.938893903907E-15,-2.602085213965E-15,1.));
#5496 = ORIENTED_EDGE('',*,*,#5497,.F.);
#5497 = EDGE_CURVE('',#5498,#5490,#5500,.T.);
#5498 = VERTEX_POINT('',#5499);
#5499 = CARTESIAN_POINT('',(-2.5,0.905,3.395));
#5500 = LINE('',#5501,#5502);
#5501 = CARTESIAN_POINT('',(-2.5,0.905,3.395));
#5502 = VECTOR('',#5503,1.);
#5503 = DIRECTION('',(0.,1.,2.001604010742E-15));
#5504 = ORIENTED_EDGE('',*,*,#5505,.F.);
#5505 = EDGE_CURVE('',#5467,#5498,#5506,.T.);
#5506 = LINE('',#5507,#5508);
#5507 = CARTESIAN_POINT('',(-2.5,0.905,2.395));
#5508 = VECTOR('',#5509,1.);
#5509 = DIRECTION('',(-6.938893903907E-15,-2.710505431214E-15,1.));
#5510 = PLANE('',#5511);
#5511 = AXIS2_PLACEMENT_3D('',#5512,#5513,#5514);
#5512 = CARTESIAN_POINT('',(-2.5,-1.12103877146E-45,-2.080786714806E-14)
  );
#5513 = DIRECTION('',(-1.,0.,-6.938893903907E-15));
#5514 = DIRECTION('',(6.938893903907E-15,0.,-1.));
#5515 = ADVANCED_FACE('',(#5516),#5548,.T.);
#5516 = FACE_BOUND('',#5517,.T.);
#5517 = EDGE_LOOP('',(#5518,#5526,#5527,#5535,#5541,#5542));
#5518 = ORIENTED_EDGE('',*,*,#5519,.T.);
#5519 = EDGE_CURVE('',#5520,#5043,#5522,.T.);
#5520 = VERTEX_POINT('',#5521);
#5521 = CARTESIAN_POINT('',(-3.,0.905,2.395));
#5522 = LINE('',#5523,#5524);
#5523 = CARTESIAN_POINT('',(-3.,3.255,2.395));
#5524 = VECTOR('',#5525,1.);
#5525 = DIRECTION('',(7.125597826469E-31,-1.,-5.121204094873E-45));
#5526 = ORIENTED_EDGE('',*,*,#5042,.T.);
#5527 = ORIENTED_EDGE('',*,*,#5528,.F.);
#5528 = EDGE_CURVE('',#5529,#5035,#5531,.T.);
#5529 = VERTEX_POINT('',#5530);
#5530 = CARTESIAN_POINT('',(-2.393546465094,0.585,2.395));
#5531 = LINE('',#5532,#5533);
#5532 = CARTESIAN_POINT('',(-2.29,0.47,2.395));
#5533 = VECTOR('',#5534,1.);
#5534 = DIRECTION('',(0.669130606359,-0.743144825477,-0.));
#5535 = ORIENTED_EDGE('',*,*,#5536,.F.);
#5536 = EDGE_CURVE('',#5465,#5529,#5537,.T.);
#5537 = LINE('',#5538,#5539);
#5538 = CARTESIAN_POINT('',(-2.393546465094,0.585,2.395));
#5539 = VECTOR('',#5540,1.);
#5540 = DIRECTION('',(1.,-1.018474561174E-15,-0.));
#5541 = ORIENTED_EDGE('',*,*,#5464,.T.);
#5542 = ORIENTED_EDGE('',*,*,#5543,.T.);
#5543 = EDGE_CURVE('',#5467,#5520,#5544,.T.);
#5544 = LINE('',#5545,#5546);
#5545 = CARTESIAN_POINT('',(-2.5,0.905,2.395));
#5546 = VECTOR('',#5547,1.);
#5547 = DIRECTION('',(-1.,-0.,6.982966722219E-15));
#5548 = PLANE('',#5549);
#5549 = AXIS2_PLACEMENT_3D('',#5550,#5551,#5552);
#5550 = CARTESIAN_POINT('',(-2.5,0.905,2.395));
#5551 = DIRECTION('',(6.982966722219E-15,-3.491483361109E-15,1.));
#5552 = DIRECTION('',(1.,0.,-6.982966722219E-15));
#5553 = ADVANCED_FACE('',(#5554),#5635,.F.);
#5554 = FACE_BOUND('',#5555,.T.);
#5555 = EDGE_LOOP('',(#5556,#5557,#5565,#5573,#5581,#5589,#5597,#5603,
    #5604,#5605,#5613,#5621,#5629));
#5556 = ORIENTED_EDGE('',*,*,#4327,.T.);
#5557 = ORIENTED_EDGE('',*,*,#5558,.F.);
#5558 = EDGE_CURVE('',#5559,#4320,#5561,.T.);
#5559 = VERTEX_POINT('',#5560);
#5560 = CARTESIAN_POINT('',(-3.,3.105,1.047072594216));
#5561 = LINE('',#5562,#5563);
#5562 = CARTESIAN_POINT('',(-3.,3.105,-1.055));
#5563 = VECTOR('',#5564,1.);
#5564 = DIRECTION('',(-0.,-0.,1.));
#5565 = ORIENTED_EDGE('',*,*,#5566,.F.);
#5566 = EDGE_CURVE('',#5567,#5559,#5569,.T.);
#5567 = VERTEX_POINT('',#5568);
#5568 = CARTESIAN_POINT('',(-3.,2.755,0.845));
#5569 = LINE('',#5570,#5571);
#5570 = CARTESIAN_POINT('',(-3.,2.755,0.845));
#5571 = VECTOR('',#5572,1.);
#5572 = DIRECTION('',(3.755786496843E-15,0.866025403784,0.5));
#5573 = ORIENTED_EDGE('',*,*,#5574,.F.);
#5574 = EDGE_CURVE('',#5575,#5567,#5577,.T.);
#5575 = VERTEX_POINT('',#5576);
#5576 = CARTESIAN_POINT('',(-3.,2.755,0.195));
#5577 = LINE('',#5578,#5579);
#5578 = CARTESIAN_POINT('',(-3.,2.755,-0.355));
#5579 = VECTOR('',#5580,1.);
#5580 = DIRECTION('',(7.18705183704E-15,-0.,1.));
#5581 = ORIENTED_EDGE('',*,*,#5582,.F.);
#5582 = EDGE_CURVE('',#5583,#5575,#5585,.T.);
#5583 = VERTEX_POINT('',#5584);
#5584 = CARTESIAN_POINT('',(-3.,1.755,0.195));
#5585 = LINE('',#5586,#5587);
#5586 = CARTESIAN_POINT('',(-3.,3.255,0.195));
#5587 = VECTOR('',#5588,1.);
#5588 = DIRECTION('',(-7.125597826469E-31,1.,5.121204094873E-45));
#5589 = ORIENTED_EDGE('',*,*,#5590,.F.);
#5590 = EDGE_CURVE('',#5591,#5583,#5593,.T.);
#5591 = VERTEX_POINT('',#5592);
#5592 = CARTESIAN_POINT('',(-3.,1.755,-0.355));
#5593 = LINE('',#5594,#5595);
#5594 = CARTESIAN_POINT('',(-3.,1.755,-0.355));
#5595 = VECTOR('',#5596,1.);
#5596 = DIRECTION('',(7.18705183704E-15,-0.,1.));
#5597 = ORIENTED_EDGE('',*,*,#5598,.T.);
#5598 = EDGE_CURVE('',#5591,#5051,#5599,.T.);
#5599 = LINE('',#5600,#5601);
#5600 = CARTESIAN_POINT('',(-3.,3.255,-0.355));
#5601 = VECTOR('',#5602,1.);
#5602 = DIRECTION('',(-2.480848139264E-29,-1.,-3.491483361109E-15));
#5603 = ORIENTED_EDGE('',*,*,#5050,.T.);
#5604 = ORIENTED_EDGE('',*,*,#5519,.F.);
#5605 = ORIENTED_EDGE('',*,*,#5606,.F.);
#5606 = EDGE_CURVE('',#5607,#5520,#5609,.T.);
#5607 = VERTEX_POINT('',#5608);
#5608 = CARTESIAN_POINT('',(-3.,0.905,3.395));
#5609 = LINE('',#5610,#5611);
#5610 = CARTESIAN_POINT('',(-3.,0.905,-0.355));
#5611 = VECTOR('',#5612,1.);
#5612 = DIRECTION('',(-7.18705183704E-15,0.,-1.));
#5613 = ORIENTED_EDGE('',*,*,#5614,.F.);
#5614 = EDGE_CURVE('',#5615,#5607,#5617,.T.);
#5615 = VERTEX_POINT('',#5616);
#5616 = CARTESIAN_POINT('',(-3.,1.555,3.395));
#5617 = LINE('',#5618,#5619);
#5618 = CARTESIAN_POINT('',(-3.,3.255,3.395));
#5619 = VECTOR('',#5620,1.);
#5620 = DIRECTION('',(7.125597826469E-31,-1.,-5.121204094873E-45));
#5621 = ORIENTED_EDGE('',*,*,#5622,.F.);
#5622 = EDGE_CURVE('',#5623,#5615,#5625,.T.);
#5623 = VERTEX_POINT('',#5624);
#5624 = CARTESIAN_POINT('',(-3.,1.555,3.795));
#5625 = LINE('',#5626,#5627);
#5626 = CARTESIAN_POINT('',(-3.,1.555,-0.355));
#5627 = VECTOR('',#5628,1.);
#5628 = DIRECTION('',(-7.18705183704E-15,0.,-1.));
#5629 = ORIENTED_EDGE('',*,*,#5630,.T.);
#5630 = EDGE_CURVE('',#5623,#4328,#5631,.T.);
#5631 = LINE('',#5632,#5633);
#5632 = CARTESIAN_POINT('',(-3.,1.555,3.795));
#5633 = VECTOR('',#5634,1.);
#5634 = DIRECTION('',(5.08201309071E-15,0.707106781187,0.707106781187));
#5635 = PLANE('',#5636);
#5636 = AXIS2_PLACEMENT_3D('',#5637,#5638,#5639);
#5637 = CARTESIAN_POINT('',(-3.,3.255,-0.355));
#5638 = DIRECTION('',(1.,7.125597826469E-31,-7.18705183704E-15));
#5639 = DIRECTION('',(-7.18705183704E-15,0.,-1.));
#5640 = ADVANCED_FACE('',(#5641),#5666,.F.);
#5641 = FACE_BOUND('',#5642,.T.);
#5642 = EDGE_LOOP('',(#5643,#5651,#5657,#5658,#5659,#5665));
#5643 = ORIENTED_EDGE('',*,*,#5644,.T.);
#5644 = EDGE_CURVE('',#5435,#5645,#5647,.T.);
#5645 = VERTEX_POINT('',#5646);
#5646 = CARTESIAN_POINT('',(-1.8,2.755,-0.355));
#5647 = LINE('',#5648,#5649);
#5648 = CARTESIAN_POINT('',(-3.,2.755,-0.355));
#5649 = VECTOR('',#5650,1.);
#5650 = DIRECTION('',(1.,5.605193857299E-45,-6.982966722219E-15));
#5651 = ORIENTED_EDGE('',*,*,#5652,.T.);
#5652 = EDGE_CURVE('',#5645,#5059,#5653,.T.);
#5653 = LINE('',#5654,#5655);
#5654 = CARTESIAN_POINT('',(-1.8,3.255,-0.355));
#5655 = VECTOR('',#5656,1.);
#5656 = DIRECTION('',(-2.486182800327E-29,-1.,-3.491483361109E-15));
#5657 = ORIENTED_EDGE('',*,*,#5058,.T.);
#5658 = ORIENTED_EDGE('',*,*,#5598,.F.);
#5659 = ORIENTED_EDGE('',*,*,#5660,.F.);
#5660 = EDGE_CURVE('',#5443,#5591,#5661,.T.);
#5661 = LINE('',#5662,#5663);
#5662 = CARTESIAN_POINT('',(4.,1.755,-0.355));
#5663 = VECTOR('',#5664,1.);
#5664 = DIRECTION('',(-1.,-0.,7.105427357601E-15));
#5665 = ORIENTED_EDGE('',*,*,#5442,.F.);
#5666 = PLANE('',#5667);
#5667 = AXIS2_PLACEMENT_3D('',#5668,#5669,#5670);
#5668 = CARTESIAN_POINT('',(4.,3.255,-0.355));
#5669 = DIRECTION('',(7.105427357601E-15,-3.491483361109E-15,1.));
#5670 = DIRECTION('',(1.,0.,-7.105427357601E-15));
#5671 = ADVANCED_FACE('',(#5672),#5704,.T.);
#5672 = FACE_BOUND('',#5673,.T.);
#5673 = EDGE_LOOP('',(#5674,#5682,#5683,#5691,#5697,#5698));
#5674 = ORIENTED_EDGE('',*,*,#5675,.F.);
#5675 = EDGE_CURVE('',#4861,#5676,#5678,.T.);
#5676 = VERTEX_POINT('',#5677);
#5677 = CARTESIAN_POINT('',(-2.76,3.105,1.047072594216));
#5678 = LINE('',#5679,#5680);
#5679 = CARTESIAN_POINT('',(-2.76,2.755,0.845));
#5680 = VECTOR('',#5681,1.);
#5681 = DIRECTION('',(-8.75811540203E-47,-0.866025403784,-0.5));
#5682 = ORIENTED_EDGE('',*,*,#4860,.F.);
#5683 = ORIENTED_EDGE('',*,*,#5684,.T.);
#5684 = EDGE_CURVE('',#4853,#5685,#5687,.T.);
#5685 = VERTEX_POINT('',#5686);
#5686 = CARTESIAN_POINT('',(-2.5,2.755,0.845));
#5687 = LINE('',#5688,#5689);
#5688 = CARTESIAN_POINT('',(-2.5,2.755,0.845));
#5689 = VECTOR('',#5690,1.);
#5690 = DIRECTION('',(-0.,-0.866025403784,-0.5));
#5691 = ORIENTED_EDGE('',*,*,#5692,.T.);
#5692 = EDGE_CURVE('',#5685,#5567,#5693,.T.);
#5693 = LINE('',#5694,#5695);
#5694 = CARTESIAN_POINT('',(-2.5,2.755,0.845));
#5695 = VECTOR('',#5696,1.);
#5696 = DIRECTION('',(-1.,-3.023713287611E-15,5.237225041664E-15));
#5697 = ORIENTED_EDGE('',*,*,#5566,.T.);
#5698 = ORIENTED_EDGE('',*,*,#5699,.F.);
#5699 = EDGE_CURVE('',#5676,#5559,#5700,.T.);
#5700 = LINE('',#5701,#5702);
#5701 = CARTESIAN_POINT('',(-2.5,3.105,1.047072594216));
#5702 = VECTOR('',#5703,1.);
#5703 = DIRECTION('',(-1.,0.,6.982966722219E-15));
#5704 = PLANE('',#5705);
#5705 = AXIS2_PLACEMENT_3D('',#5706,#5707,#5708);
#5706 = CARTESIAN_POINT('',(-2.5,2.755,0.845));
#5707 = DIRECTION('',(-6.047426575223E-15,0.5,-0.866025403784));
#5708 = DIRECTION('',(0.,0.866025403784,0.5));
#5709 = ADVANCED_FACE('',(#5710),#5721,.F.);
#5710 = FACE_BOUND('',#5711,.T.);
#5711 = EDGE_LOOP('',(#5712,#5713,#5714,#5720));
#5712 = ORIENTED_EDGE('',*,*,#4852,.F.);
#5713 = ORIENTED_EDGE('',*,*,#4279,.T.);
#5714 = ORIENTED_EDGE('',*,*,#5715,.F.);
#5715 = EDGE_CURVE('',#5685,#4272,#5716,.T.);
#5716 = LINE('',#5717,#5718);
#5717 = CARTESIAN_POINT('',(-2.5,2.755,-0.355));
#5718 = VECTOR('',#5719,1.);
#5719 = DIRECTION('',(-6.982966722219E-15,0.,-1.));
#5720 = ORIENTED_EDGE('',*,*,#5684,.F.);
#5721 = PLANE('',#5722);
#5722 = AXIS2_PLACEMENT_3D('',#5723,#5724,#5725);
#5723 = CARTESIAN_POINT('',(-2.5,2.755,-0.355));
#5724 = DIRECTION('',(1.,5.605193857299E-45,-6.982966722219E-15));
#5725 = DIRECTION('',(-6.982966722219E-15,0.,-1.));
#5726 = ADVANCED_FACE('',(#5727),#5738,.T.);
#5727 = FACE_BOUND('',#5728,.T.);
#5728 = EDGE_LOOP('',(#5729,#5730,#5731,#5732));
#5729 = ORIENTED_EDGE('',*,*,#5450,.T.);
#5730 = ORIENTED_EDGE('',*,*,#5660,.T.);
#5731 = ORIENTED_EDGE('',*,*,#5590,.T.);
#5732 = ORIENTED_EDGE('',*,*,#5733,.T.);
#5733 = EDGE_CURVE('',#5583,#5427,#5734,.T.);
#5734 = LINE('',#5735,#5736);
#5735 = CARTESIAN_POINT('',(-2.5,1.755,0.195));
#5736 = VECTOR('',#5737,1.);
#5737 = DIRECTION('',(1.,-2.438091212181E-29,-8.512554900196E-44));
#5738 = PLANE('',#5739);
#5739 = AXIS2_PLACEMENT_3D('',#5740,#5741,#5742);
#5740 = CARTESIAN_POINT('',(-2.5,1.755,0.195));
#5741 = DIRECTION('',(2.438091212181E-29,1.,3.491483361109E-15));
#5742 = DIRECTION('',(0.,-3.491483361109E-15,1.));
#5743 = ADVANCED_FACE('',(#5744),#5760,.T.);
#5744 = FACE_BOUND('',#5745,.T.);
#5745 = EDGE_LOOP('',(#5746,#5747,#5753,#5754));
#5746 = ORIENTED_EDGE('',*,*,#5489,.T.);
#5747 = ORIENTED_EDGE('',*,*,#5748,.T.);
#5748 = EDGE_CURVE('',#5482,#5623,#5749,.T.);
#5749 = LINE('',#5750,#5751);
#5750 = CARTESIAN_POINT('',(-3.,1.555,3.795));
#5751 = VECTOR('',#5752,1.);
#5752 = DIRECTION('',(-1.,-3.788886977123E-31,7.106875541931E-15));
#5753 = ORIENTED_EDGE('',*,*,#5622,.T.);
#5754 = ORIENTED_EDGE('',*,*,#5755,.T.);
#5755 = EDGE_CURVE('',#5615,#5490,#5756,.T.);
#5756 = LINE('',#5757,#5758);
#5757 = CARTESIAN_POINT('',(-2.5,1.555,3.395));
#5758 = VECTOR('',#5759,1.);
#5759 = DIRECTION('',(1.,-2.135253304556E-29,-6.529182875968E-44));
#5760 = PLANE('',#5761);
#5761 = AXIS2_PLACEMENT_3D('',#5762,#5763,#5764);
#5762 = CARTESIAN_POINT('',(-2.5,1.555,3.895));
#5763 = DIRECTION('',(-2.135253304556E-29,-1.,-3.057802492115E-15));
#5764 = DIRECTION('',(0.,3.057802492115E-15,-1.));
#5765 = ADVANCED_FACE('',(#5766),#5777,.T.);
#5766 = FACE_BOUND('',#5767,.T.);
#5767 = EDGE_LOOP('',(#5768,#5769,#5770,#5771));
#5768 = ORIENTED_EDGE('',*,*,#5606,.T.);
#5769 = ORIENTED_EDGE('',*,*,#5543,.F.);
#5770 = ORIENTED_EDGE('',*,*,#5505,.T.);
#5771 = ORIENTED_EDGE('',*,*,#5772,.T.);
#5772 = EDGE_CURVE('',#5498,#5607,#5773,.T.);
#5773 = LINE('',#5774,#5775);
#5774 = CARTESIAN_POINT('',(-2.5,0.905,3.395));
#5775 = VECTOR('',#5776,1.);
#5776 = DIRECTION('',(-1.,2.513800689087E-29,9.049440095923E-44));
#5777 = PLANE('',#5778);
#5778 = AXIS2_PLACEMENT_3D('',#5779,#5780,#5781);
#5779 = CARTESIAN_POINT('',(-2.5,0.905,3.395));
#5780 = DIRECTION('',(-2.513800689087E-29,-1.,-3.599903578358E-15));
#5781 = DIRECTION('',(0.,3.599903578358E-15,-1.));
#5782 = ADVANCED_FACE('',(#5783),#5789,.T.);
#5783 = FACE_BOUND('',#5784,.T.);
#5784 = EDGE_LOOP('',(#5785,#5786,#5787,#5788));
#5785 = ORIENTED_EDGE('',*,*,#5614,.T.);
#5786 = ORIENTED_EDGE('',*,*,#5772,.F.);
#5787 = ORIENTED_EDGE('',*,*,#5497,.T.);
#5788 = ORIENTED_EDGE('',*,*,#5755,.F.);
#5789 = PLANE('',#5790);
#5790 = AXIS2_PLACEMENT_3D('',#5791,#5792,#5793);
#5791 = CARTESIAN_POINT('',(-2.5,1.555,3.395));
#5792 = DIRECTION('',(6.982966722219E-15,-3.491483361109E-15,1.));
#5793 = DIRECTION('',(1.,0.,-6.982966722219E-15));
#5794 = ADVANCED_FACE('',(#5795),#5806,.T.);
#5795 = FACE_BOUND('',#5796,.T.);
#5796 = EDGE_LOOP('',(#5797,#5798,#5804,#5805));
#5797 = ORIENTED_EDGE('',*,*,#5715,.T.);
#5798 = ORIENTED_EDGE('',*,*,#5799,.T.);
#5799 = EDGE_CURVE('',#4272,#5575,#5800,.T.);
#5800 = LINE('',#5801,#5802);
#5801 = CARTESIAN_POINT('',(-2.5,2.755,0.195));
#5802 = VECTOR('',#5803,1.);
#5803 = DIRECTION('',(-1.,2.438091212181E-29,8.512554900196E-44));
#5804 = ORIENTED_EDGE('',*,*,#5574,.T.);
#5805 = ORIENTED_EDGE('',*,*,#5692,.F.);
#5806 = PLANE('',#5807);
#5807 = AXIS2_PLACEMENT_3D('',#5808,#5809,#5810);
#5808 = CARTESIAN_POINT('',(-2.5,2.755,0.195));
#5809 = DIRECTION('',(2.438091212181E-29,1.,3.491483361109E-15));
#5810 = DIRECTION('',(0.,-3.491483361109E-15,1.));
#5811 = ADVANCED_FACE('',(#5812),#5818,.T.);
#5812 = FACE_BOUND('',#5813,.T.);
#5813 = EDGE_LOOP('',(#5814,#5815,#5816,#5817));
#5814 = ORIENTED_EDGE('',*,*,#5426,.T.);
#5815 = ORIENTED_EDGE('',*,*,#5733,.F.);
#5816 = ORIENTED_EDGE('',*,*,#5582,.T.);
#5817 = ORIENTED_EDGE('',*,*,#5799,.F.);
#5818 = PLANE('',#5819);
#5819 = AXIS2_PLACEMENT_3D('',#5820,#5821,#5822);
#5820 = CARTESIAN_POINT('',(-2.5,2.755,0.195));
#5821 = DIRECTION('',(-6.982966722219E-15,3.599903578358E-15,-1.));
#5822 = DIRECTION('',(-1.,0.,6.982966722219E-15));
#5823 = ADVANCED_FACE('',(#5824),#5867,.F.);
#5824 = FACE_BOUND('',#5825,.T.);
#5825 = EDGE_LOOP('',(#5826,#5836,#5842,#5843,#5844,#5845,#5853,#5861));
#5826 = ORIENTED_EDGE('',*,*,#5827,.F.);
#5827 = EDGE_CURVE('',#5828,#5830,#5832,.T.);
#5828 = VERTEX_POINT('',#5829);
#5829 = CARTESIAN_POINT('',(-2.2,1.755,3.695));
#5830 = VERTEX_POINT('',#5831);
#5831 = CARTESIAN_POINT('',(-2.2,1.755,1.495));
#5832 = LINE('',#5833,#5834);
#5833 = CARTESIAN_POINT('',(-2.2,1.755,0.895));
#5834 = VECTOR('',#5835,1.);
#5835 = DIRECTION('',(-7.085009279629E-15,-0.,-1.));
#5836 = ORIENTED_EDGE('',*,*,#5837,.T.);
#5837 = EDGE_CURVE('',#5828,#4767,#5838,.T.);
#5838 = LINE('',#5839,#5840);
#5839 = CARTESIAN_POINT('',(-2.2,2.855,3.695));
#5840 = VECTOR('',#5841,1.);
#5841 = DIRECTION('',(-2.438091212181E-29,-1.,-3.491483361109E-15));
#5842 = ORIENTED_EDGE('',*,*,#4783,.T.);
#5843 = ORIENTED_EDGE('',*,*,#4616,.F.);
#5844 = ORIENTED_EDGE('',*,*,#4814,.T.);
#5845 = ORIENTED_EDGE('',*,*,#5846,.T.);
#5846 = EDGE_CURVE('',#4807,#5847,#5849,.T.);
#5847 = VERTEX_POINT('',#5848);
#5848 = CARTESIAN_POINT('',(-2.2,2.355,3.695));
#5849 = LINE('',#5850,#5851);
#5850 = CARTESIAN_POINT('',(-2.2,2.855,3.695));
#5851 = VECTOR('',#5852,1.);
#5852 = DIRECTION('',(-2.438091212181E-29,-1.,-3.491483361109E-15));
#5853 = ORIENTED_EDGE('',*,*,#5854,.F.);
#5854 = EDGE_CURVE('',#5855,#5847,#5857,.T.);
#5855 = VERTEX_POINT('',#5856);
#5856 = CARTESIAN_POINT('',(-2.2,2.355,1.495));
#5857 = LINE('',#5858,#5859);
#5858 = CARTESIAN_POINT('',(-2.2,2.355,0.895));
#5859 = VECTOR('',#5860,1.);
#5860 = DIRECTION('',(7.085009279629E-15,0.,1.));
#5861 = ORIENTED_EDGE('',*,*,#5862,.F.);
#5862 = EDGE_CURVE('',#5830,#5855,#5863,.T.);
#5863 = LINE('',#5864,#5865);
#5864 = CARTESIAN_POINT('',(-2.2,2.855,1.495));
#5865 = VECTOR('',#5866,1.);
#5866 = DIRECTION('',(-3.562798913235E-31,1.,2.524246336172E-45));
#5867 = PLANE('',#5868);
#5868 = AXIS2_PLACEMENT_3D('',#5869,#5870,#5871);
#5869 = CARTESIAN_POINT('',(-2.2,2.855,0.895));
#5870 = DIRECTION('',(-1.,-3.562798913235E-31,7.085009279629E-15));
#5871 = DIRECTION('',(7.085009279629E-15,0.,1.));
#5872 = ADVANCED_FACE('',(#5873),#5897,.F.);
#5873 = FACE_BOUND('',#5874,.T.);
#5874 = EDGE_LOOP('',(#5875,#5876,#5882,#5883,#5891));
#5875 = ORIENTED_EDGE('',*,*,#5854,.T.);
#5876 = ORIENTED_EDGE('',*,*,#5877,.T.);
#5877 = EDGE_CURVE('',#5847,#4538,#5878,.T.);
#5878 = LINE('',#5879,#5880);
#5879 = CARTESIAN_POINT('',(-2.340041507642,2.355,3.895));
#5880 = VECTOR('',#5881,1.);
#5881 = DIRECTION('',(-0.573576436351,-2.860055732854E-15,0.819152044289
    ));
#5882 = ORIENTED_EDGE('',*,*,#4537,.F.);
#5883 = ORIENTED_EDGE('',*,*,#5884,.F.);
#5884 = EDGE_CURVE('',#5885,#4530,#5887,.T.);
#5885 = VERTEX_POINT('',#5886);
#5886 = CARTESIAN_POINT('',(-2.55,2.355,1.495));
#5887 = LINE('',#5888,#5889);
#5888 = CARTESIAN_POINT('',(-2.55,2.355,1.495));
#5889 = VECTOR('',#5890,1.);
#5890 = DIRECTION('',(0.,-3.491483361109E-15,1.));
#5891 = ORIENTED_EDGE('',*,*,#5892,.F.);
#5892 = EDGE_CURVE('',#5855,#5885,#5893,.T.);
#5893 = LINE('',#5894,#5895);
#5894 = CARTESIAN_POINT('',(-2.2,2.355,1.495));
#5895 = VECTOR('',#5896,1.);
#5896 = DIRECTION('',(-1.,2.438091212181E-29,8.512554900196E-44));
#5897 = PLANE('',#5898);
#5898 = AXIS2_PLACEMENT_3D('',#5899,#5900,#5901);
#5899 = CARTESIAN_POINT('',(-2.2,2.355,1.495));
#5900 = DIRECTION('',(2.438091212181E-29,1.,3.491483361109E-15));
#5901 = DIRECTION('',(0.,-3.491483361109E-15,1.));
#5902 = ADVANCED_FACE('',(#5903),#5921,.T.);
#5903 = FACE_BOUND('',#5904,.T.);
#5904 = EDGE_LOOP('',(#5905,#5913,#5914,#5915));
#5905 = ORIENTED_EDGE('',*,*,#5906,.T.);
#5906 = EDGE_CURVE('',#5907,#5830,#5909,.T.);
#5907 = VERTEX_POINT('',#5908);
#5908 = CARTESIAN_POINT('',(-2.55,1.755,1.495));
#5909 = LINE('',#5910,#5911);
#5910 = CARTESIAN_POINT('',(-2.55,1.755,1.495));
#5911 = VECTOR('',#5912,1.);
#5912 = DIRECTION('',(1.,0.,-6.982966722219E-15));
#5913 = ORIENTED_EDGE('',*,*,#5862,.T.);
#5914 = ORIENTED_EDGE('',*,*,#5892,.T.);
#5915 = ORIENTED_EDGE('',*,*,#5916,.T.);
#5916 = EDGE_CURVE('',#5885,#5907,#5917,.T.);
#5917 = LINE('',#5918,#5919);
#5918 = CARTESIAN_POINT('',(-2.55,2.355,1.495));
#5919 = VECTOR('',#5920,1.);
#5920 = DIRECTION('',(-2.438091212181E-29,-1.,-3.491483361109E-15));
#5921 = PLANE('',#5922);
#5922 = AXIS2_PLACEMENT_3D('',#5923,#5924,#5925);
#5923 = CARTESIAN_POINT('',(-2.55,2.355,1.495));
#5924 = DIRECTION('',(6.982966722219E-15,-3.491483361109E-15,1.));
#5925 = DIRECTION('',(1.,0.,-6.982966722219E-15));
#5926 = ADVANCED_FACE('',(#5927),#5944,.F.);
#5927 = FACE_BOUND('',#5928,.T.);
#5928 = EDGE_LOOP('',(#5929,#5930,#5936,#5937,#5938));
#5929 = ORIENTED_EDGE('',*,*,#4521,.F.);
#5930 = ORIENTED_EDGE('',*,*,#5931,.T.);
#5931 = EDGE_CURVE('',#4514,#5828,#5932,.T.);
#5932 = LINE('',#5933,#5934);
#5933 = CARTESIAN_POINT('',(-2.340041507642,1.755,3.895));
#5934 = VECTOR('',#5935,1.);
#5935 = DIRECTION('',(0.573576436351,2.860055732854E-15,-0.819152044289)
  );
#5936 = ORIENTED_EDGE('',*,*,#5827,.T.);
#5937 = ORIENTED_EDGE('',*,*,#5906,.F.);
#5938 = ORIENTED_EDGE('',*,*,#5939,.F.);
#5939 = EDGE_CURVE('',#4522,#5907,#5940,.T.);
#5940 = LINE('',#5941,#5942);
#5941 = CARTESIAN_POINT('',(-2.55,1.755,1.495));
#5942 = VECTOR('',#5943,1.);
#5943 = DIRECTION('',(0.,3.491483361109E-15,-1.));
#5944 = PLANE('',#5945);
#5945 = AXIS2_PLACEMENT_3D('',#5946,#5947,#5948);
#5946 = CARTESIAN_POINT('',(-2.2,1.755,1.495));
#5947 = DIRECTION('',(-2.438091212181E-29,-1.,-3.491483361109E-15));
#5948 = DIRECTION('',(0.,3.491483361109E-15,-1.));
#5949 = ADVANCED_FACE('',(#5950),#5956,.F.);
#5950 = FACE_BOUND('',#5951,.T.);
#5951 = EDGE_LOOP('',(#5952,#5953,#5954,#5955));
#5952 = ORIENTED_EDGE('',*,*,#5939,.T.);
#5953 = ORIENTED_EDGE('',*,*,#5916,.F.);
#5954 = ORIENTED_EDGE('',*,*,#5884,.T.);
#5955 = ORIENTED_EDGE('',*,*,#4529,.F.);
#5956 = PLANE('',#5957);
#5957 = AXIS2_PLACEMENT_3D('',#5958,#5959,#5960);
#5958 = CARTESIAN_POINT('',(-2.55,2.355,1.495));
#5959 = DIRECTION('',(-1.,-1.445602896647E-15,7.085009279629E-15));
#5960 = DIRECTION('',(7.085009279629E-15,0.,1.));
#5961 = ADVANCED_FACE('',(#5962),#5968,.T.);
#5962 = FACE_BOUND('',#5963,.T.);
#5963 = EDGE_LOOP('',(#5964,#5965,#5966,#5967));
#5964 = ORIENTED_EDGE('',*,*,#5168,.F.);
#5965 = ORIENTED_EDGE('',*,*,#4576,.T.);
#5966 = ORIENTED_EDGE('',*,*,#4375,.F.);
#5967 = ORIENTED_EDGE('',*,*,#5027,.F.);
#5968 = PLANE('',#5969);
#5969 = AXIS2_PLACEMENT_3D('',#5970,#5971,#5972);
#5970 = CARTESIAN_POINT('',(-2.2,0.355,-1.055));
#5971 = DIRECTION('',(-1.,0.,-0.));
#5972 = DIRECTION('',(0.,0.,1.));
#5973 = ADVANCED_FACE('',(#5974),#5985,.T.);
#5974 = FACE_BOUND('',#5975,.T.);
#5975 = EDGE_LOOP('',(#5976,#5977,#5978,#5979));
#5976 = ORIENTED_EDGE('',*,*,#4351,.F.);
#5977 = ORIENTED_EDGE('',*,*,#5474,.F.);
#5978 = ORIENTED_EDGE('',*,*,#5536,.T.);
#5979 = ORIENTED_EDGE('',*,*,#5980,.T.);
#5980 = EDGE_CURVE('',#5529,#4352,#5981,.T.);
#5981 = LINE('',#5982,#5983);
#5982 = CARTESIAN_POINT('',(-2.393546465094,0.585,2.395));
#5983 = VECTOR('',#5984,1.);
#5984 = DIRECTION('',(-0.,-0.,1.));
#5985 = PLANE('',#5986);
#5986 = AXIS2_PLACEMENT_3D('',#5987,#5988,#5989);
#5987 = CARTESIAN_POINT('',(-2.393546465094,0.585,2.395));
#5988 = DIRECTION('',(-1.018474561174E-15,-1.,0.));
#5989 = DIRECTION('',(1.,-1.018474561174E-15,0.));
#5990 = ADVANCED_FACE('',(#5991),#5997,.T.);
#5991 = FACE_BOUND('',#5992,.T.);
#5992 = EDGE_LOOP('',(#5993,#5994,#5995,#5996));
#5993 = ORIENTED_EDGE('',*,*,#4359,.F.);
#5994 = ORIENTED_EDGE('',*,*,#5980,.F.);
#5995 = ORIENTED_EDGE('',*,*,#5528,.T.);
#5996 = ORIENTED_EDGE('',*,*,#5034,.T.);
#5997 = PLANE('',#5998);
#5998 = AXIS2_PLACEMENT_3D('',#5999,#6000,#6001);
#5999 = CARTESIAN_POINT('',(-2.29,0.47,2.395));
#6000 = DIRECTION('',(-0.743144825477,-0.669130606359,0.));
#6001 = DIRECTION('',(0.669130606359,-0.743144825477,0.));
#6002 = ADVANCED_FACE('',(#6003),#6009,.T.);
#6003 = FACE_BOUND('',#6004,.T.);
#6004 = EDGE_LOOP('',(#6005,#6006,#6007,#6008));
#6005 = ORIENTED_EDGE('',*,*,#5481,.F.);
#6006 = ORIENTED_EDGE('',*,*,#4335,.F.);
#6007 = ORIENTED_EDGE('',*,*,#5630,.F.);
#6008 = ORIENTED_EDGE('',*,*,#5748,.F.);
#6009 = PLANE('',#6010);
#6010 = AXIS2_PLACEMENT_3D('',#6011,#6012,#6013);
#6011 = CARTESIAN_POINT('',(-2.5,1.555,3.795));
#6012 = DIRECTION('',(5.025319888749E-15,-0.707106781187,0.707106781187)
  );
#6013 = DIRECTION('',(1.,0.,-7.106875541931E-15));
#6014 = ADVANCED_FACE('',(#6015),#6034,.F.);
#6015 = FACE_BOUND('',#6016,.T.);
#6016 = EDGE_LOOP('',(#6017,#6025,#6031,#6032,#6033));
#6017 = ORIENTED_EDGE('',*,*,#6018,.F.);
#6018 = EDGE_CURVE('',#6019,#4264,#6021,.T.);
#6019 = VERTEX_POINT('',#6020);
#6020 = CARTESIAN_POINT('',(-1.6,2.755,-0.155));
#6021 = LINE('',#6022,#6023);
#6022 = CARTESIAN_POINT('',(-1.6,2.755,0.195));
#6023 = VECTOR('',#6024,1.);
#6024 = DIRECTION('',(7.096596038087E-15,-0.,1.));
#6025 = ORIENTED_EDGE('',*,*,#6026,.T.);
#6026 = EDGE_CURVE('',#6019,#5645,#6027,.T.);
#6027 = LINE('',#6028,#6029);
#6028 = CARTESIAN_POINT('',(-1.6,2.755,-0.155));
#6029 = VECTOR('',#6030,1.);
#6030 = DIRECTION('',(-0.707106781187,-3.963470586362E-45,
    -0.707106781187));
#6031 = ORIENTED_EDGE('',*,*,#5644,.F.);
#6032 = ORIENTED_EDGE('',*,*,#5434,.F.);
#6033 = ORIENTED_EDGE('',*,*,#4271,.T.);
#6034 = PLANE('',#6035);
#6035 = AXIS2_PLACEMENT_3D('',#6036,#6037,#6038);
#6036 = CARTESIAN_POINT('',(-3.,2.755,-0.355));
#6037 = DIRECTION('',(5.605193857299E-45,-1.,-3.977779652042E-59));
#6038 = DIRECTION('',(1.,5.605193857299E-45,0.));
#6039 = ADVANCED_FACE('',(#6040),#6051,.F.);
#6040 = FACE_BOUND('',#6041,.T.);
#6041 = EDGE_LOOP('',(#6042,#6043,#6049,#6050));
#6042 = ORIENTED_EDGE('',*,*,#5675,.T.);
#6043 = ORIENTED_EDGE('',*,*,#6044,.T.);
#6044 = EDGE_CURVE('',#5676,#4312,#6045,.T.);
#6045 = LINE('',#6046,#6047);
#6046 = CARTESIAN_POINT('',(-2.76,3.105,-1.055));
#6047 = VECTOR('',#6048,1.);
#6048 = DIRECTION('',(-0.,-0.,1.));
#6049 = ORIENTED_EDGE('',*,*,#4311,.T.);
#6050 = ORIENTED_EDGE('',*,*,#4868,.T.);
#6051 = PLANE('',#6052);
#6052 = AXIS2_PLACEMENT_3D('',#6053,#6054,#6055);
#6053 = CARTESIAN_POINT('',(-2.76,3.255,-1.055));
#6054 = DIRECTION('',(1.,0.,0.));
#6055 = DIRECTION('',(0.,0.,-1.));
#6056 = ADVANCED_FACE('',(#6057),#6063,.F.);
#6057 = FACE_BOUND('',#6058,.T.);
#6058 = EDGE_LOOP('',(#6059,#6060,#6061,#6062));
#6059 = ORIENTED_EDGE('',*,*,#5699,.T.);
#6060 = ORIENTED_EDGE('',*,*,#5558,.T.);
#6061 = ORIENTED_EDGE('',*,*,#4319,.T.);
#6062 = ORIENTED_EDGE('',*,*,#6044,.F.);
#6063 = PLANE('',#6064);
#6064 = AXIS2_PLACEMENT_3D('',#6065,#6066,#6067);
#6065 = CARTESIAN_POINT('',(-3.,3.105,-1.055));
#6066 = DIRECTION('',(0.,-1.,0.));
#6067 = DIRECTION('',(0.,-0.,-1.));
#6068 = ADVANCED_FACE('',(#6069),#6075,.F.);
#6069 = FACE_BOUND('',#6070,.T.);
#6070 = EDGE_LOOP('',(#6071,#6072,#6073,#6074));
#6071 = ORIENTED_EDGE('',*,*,#5190,.T.);
#6072 = ORIENTED_EDGE('',*,*,#5837,.F.);
#6073 = ORIENTED_EDGE('',*,*,#5931,.F.);
#6074 = ORIENTED_EDGE('',*,*,#4513,.F.);
#6075 = PLANE('',#6076);
#6076 = AXIS2_PLACEMENT_3D('',#6077,#6078,#6079);
#6077 = CARTESIAN_POINT('',(-2.340041507642,3.255,3.895));
#6078 = DIRECTION('',(-0.819152044289,2.002632583844E-15,-0.573576436351
    ));
#6079 = DIRECTION('',(2.406025760924E-29,1.,3.491483361109E-15));
#6080 = ADVANCED_FACE('',(#6081),#6087,.F.);
#6081 = FACE_BOUND('',#6082,.T.);
#6082 = EDGE_LOOP('',(#6083,#6084,#6085,#6086));
#6083 = ORIENTED_EDGE('',*,*,#5877,.F.);
#6084 = ORIENTED_EDGE('',*,*,#5846,.F.);
#6085 = ORIENTED_EDGE('',*,*,#5212,.T.);
#6086 = ORIENTED_EDGE('',*,*,#4545,.F.);
#6087 = PLANE('',#6088);
#6088 = AXIS2_PLACEMENT_3D('',#6089,#6090,#6091);
#6089 = CARTESIAN_POINT('',(-2.340041507642,3.255,3.895));
#6090 = DIRECTION('',(-0.819152044289,2.002632583844E-15,-0.573576436351
    ));
#6091 = DIRECTION('',(2.386304238294E-29,1.,3.491483361109E-15));
#6092 = ADVANCED_FACE('',(#6093),#6118,.F.);
#6093 = FACE_BOUND('',#6094,.T.);
#6094 = EDGE_LOOP('',(#6095,#6096,#6102,#6103,#6104,#6110,#6111,#6117));
#6095 = ORIENTED_EDGE('',*,*,#5074,.T.);
#6096 = ORIENTED_EDGE('',*,*,#6097,.T.);
#6097 = EDGE_CURVE('',#5067,#6019,#6098,.T.);
#6098 = LINE('',#6099,#6100);
#6099 = CARTESIAN_POINT('',(-1.6,5.41179920972E-16,-0.155));
#6100 = VECTOR('',#6101,1.);
#6101 = DIRECTION('',(2.486182800327E-29,1.,3.491483361109E-15));
#6102 = ORIENTED_EDGE('',*,*,#6018,.T.);
#6103 = ORIENTED_EDGE('',*,*,#4263,.T.);
#6104 = ORIENTED_EDGE('',*,*,#6105,.T.);
#6105 = EDGE_CURVE('',#4256,#4677,#6106,.T.);
#6106 = LINE('',#6107,#6108);
#6107 = CARTESIAN_POINT('',(-1.6,2.435,0.895));
#6108 = VECTOR('',#6109,1.);
#6109 = DIRECTION('',(7.186711543332E-15,-2.973811673103E-15,1.));
#6110 = ORIENTED_EDGE('',*,*,#4676,.T.);
#6111 = ORIENTED_EDGE('',*,*,#6112,.T.);
#6112 = EDGE_CURVE('',#4669,#5258,#6113,.T.);
#6113 = LINE('',#6114,#6115);
#6114 = CARTESIAN_POINT('',(-1.6,1.955,0.195));
#6115 = VECTOR('',#6116,1.);
#6116 = DIRECTION('',(-6.814985084195E-15,-0.,-1.));
#6117 = ORIENTED_EDGE('',*,*,#5257,.T.);
#6118 = PLANE('',#6119);
#6119 = AXIS2_PLACEMENT_3D('',#6120,#6121,#6122);
#6120 = CARTESIAN_POINT('',(-1.6,-1.68362031548E-31,-1.349489540395E-14)
  );
#6121 = DIRECTION('',(-1.,8.418101577402E-32,7.096596038087E-15));
#6122 = DIRECTION('',(7.096596038087E-15,0.,1.));
#6123 = ADVANCED_FACE('',(#6124),#6149,.T.);
#6124 = FACE_BOUND('',#6125,.T.);
#6125 = EDGE_LOOP('',(#6126,#6127,#6133,#6134,#6135,#6141,#6142,#6148));
#6126 = ORIENTED_EDGE('',*,*,#5397,.F.);
#6127 = ORIENTED_EDGE('',*,*,#6128,.T.);
#6128 = EDGE_CURVE('',#5390,#5091,#6129,.T.);
#6129 = LINE('',#6130,#6131);
#6130 = CARTESIAN_POINT('',(-1.4,0.47,-0.155));
#6131 = VECTOR('',#6132,1.);
#6132 = DIRECTION('',(-2.486182800327E-29,-1.,-3.491483361109E-15));
#6133 = ORIENTED_EDGE('',*,*,#5090,.F.);
#6134 = ORIENTED_EDGE('',*,*,#5273,.F.);
#6135 = ORIENTED_EDGE('',*,*,#6136,.F.);
#6136 = EDGE_CURVE('',#4661,#5266,#6137,.T.);
#6137 = LINE('',#6138,#6139);
#6138 = CARTESIAN_POINT('',(-1.4,1.955,0.195));
#6139 = VECTOR('',#6140,1.);
#6140 = DIRECTION('',(-6.814985084195E-15,-0.,-1.));
#6141 = ORIENTED_EDGE('',*,*,#4658,.F.);
#6142 = ORIENTED_EDGE('',*,*,#6143,.F.);
#6143 = EDGE_CURVE('',#4248,#4659,#6144,.T.);
#6144 = LINE('',#6145,#6146);
#6145 = CARTESIAN_POINT('',(-1.4,2.435,0.895));
#6146 = VECTOR('',#6147,1.);
#6147 = DIRECTION('',(6.814985084195E-15,-0.,1.));
#6148 = ORIENTED_EDGE('',*,*,#4247,.F.);
#6149 = PLANE('',#6150);
#6150 = AXIS2_PLACEMENT_3D('',#6151,#6152,#6153);
#6151 = CARTESIAN_POINT('',(-1.4,-1.68362031548E-31,-1.48914887484E-14)
  );
#6152 = DIRECTION('',(-1.,8.418101577402E-32,7.096596038087E-15));
#6153 = DIRECTION('',(7.096596038087E-15,0.,1.));
#6154 = ADVANCED_FACE('',(#6155),#6180,.F.);
#6155 = FACE_BOUND('',#6156,.T.);
#6156 = EDGE_LOOP('',(#6157,#6158,#6164,#6165,#6166,#6172,#6173,#6179));
#6157 = ORIENTED_EDGE('',*,*,#5122,.T.);
#6158 = ORIENTED_EDGE('',*,*,#6159,.T.);
#6159 = EDGE_CURVE('',#5115,#5405,#6160,.T.);
#6160 = LINE('',#6161,#6162);
#6161 = CARTESIAN_POINT('',(-0.6,5.41179920972E-16,-0.155));
#6162 = VECTOR('',#6163,1.);
#6163 = DIRECTION('',(2.486182800327E-29,1.,3.491483361109E-15));
#6164 = ORIENTED_EDGE('',*,*,#5404,.T.);
#6165 = ORIENTED_EDGE('',*,*,#4231,.T.);
#6166 = ORIENTED_EDGE('',*,*,#6167,.T.);
#6167 = EDGE_CURVE('',#4224,#4643,#6168,.T.);
#6168 = LINE('',#6169,#6170);
#6169 = CARTESIAN_POINT('',(-0.6,2.435,0.895));
#6170 = VECTOR('',#6171,1.);
#6171 = DIRECTION('',(7.186711543332E-15,-2.973811673103E-15,1.));
#6172 = ORIENTED_EDGE('',*,*,#4642,.T.);
#6173 = ORIENTED_EDGE('',*,*,#6174,.T.);
#6174 = EDGE_CURVE('',#4635,#5227,#6175,.T.);
#6175 = LINE('',#6176,#6177);
#6176 = CARTESIAN_POINT('',(-0.6,1.955,0.195));
#6177 = VECTOR('',#6178,1.);
#6178 = DIRECTION('',(-6.814985084195E-15,-0.,-1.));
#6179 = ORIENTED_EDGE('',*,*,#5226,.T.);
#6180 = PLANE('',#6181);
#6181 = AXIS2_PLACEMENT_3D('',#6182,#6183,#6184);
#6182 = CARTESIAN_POINT('',(-0.6,-1.68362031548E-31,-1.349489540395E-14)
  );
#6183 = DIRECTION('',(-1.,8.418101577402E-32,7.096596038087E-15));
#6184 = DIRECTION('',(7.096596038087E-15,0.,1.));
#6185 = ADVANCED_FACE('',(#6186),#6211,.T.);
#6186 = FACE_BOUND('',#6187,.T.);
#6187 = EDGE_LOOP('',(#6188,#6189,#6195,#6196,#6197,#6203,#6204,#6210));
#6188 = ORIENTED_EDGE('',*,*,#5374,.F.);
#6189 = ORIENTED_EDGE('',*,*,#6190,.T.);
#6190 = EDGE_CURVE('',#5367,#5139,#6191,.T.);
#6191 = LINE('',#6192,#6193);
#6192 = CARTESIAN_POINT('',(-0.4,0.47,-0.155));
#6193 = VECTOR('',#6194,1.);
#6194 = DIRECTION('',(-2.486182800327E-29,-1.,-3.491483361109E-15));
#6195 = ORIENTED_EDGE('',*,*,#5138,.F.);
#6196 = ORIENTED_EDGE('',*,*,#5242,.F.);
#6197 = ORIENTED_EDGE('',*,*,#6198,.F.);
#6198 = EDGE_CURVE('',#4627,#5235,#6199,.T.);
#6199 = LINE('',#6200,#6201);
#6200 = CARTESIAN_POINT('',(-0.4,1.955,0.195));
#6201 = VECTOR('',#6202,1.);
#6202 = DIRECTION('',(-6.814985084195E-15,-0.,-1.));
#6203 = ORIENTED_EDGE('',*,*,#4624,.F.);
#6204 = ORIENTED_EDGE('',*,*,#6205,.F.);
#6205 = EDGE_CURVE('',#4216,#4625,#6206,.T.);
#6206 = LINE('',#6207,#6208);
#6207 = CARTESIAN_POINT('',(-0.4,2.435,0.895));
#6208 = VECTOR('',#6209,1.);
#6209 = DIRECTION('',(6.814985084195E-15,-0.,1.));
#6210 = ORIENTED_EDGE('',*,*,#4215,.F.);
#6211 = PLANE('',#6212);
#6212 = AXIS2_PLACEMENT_3D('',#6213,#6214,#6215);
#6213 = CARTESIAN_POINT('',(-0.4,-1.68362031548E-31,-1.48914887484E-14)
  );
#6214 = DIRECTION('',(-1.,8.418101577402E-32,7.096596038087E-15));
#6215 = DIRECTION('',(7.096596038087E-15,0.,1.));
#6216 = ADVANCED_FACE('',(#6217),#6223,.F.);
#6217 = FACE_BOUND('',#6218,.T.);
#6218 = EDGE_LOOP('',(#6219,#6220,#6221,#6222));
#6219 = ORIENTED_EDGE('',*,*,#5066,.F.);
#6220 = ORIENTED_EDGE('',*,*,#5652,.F.);
#6221 = ORIENTED_EDGE('',*,*,#6026,.F.);
#6222 = ORIENTED_EDGE('',*,*,#6097,.F.);
#6223 = PLANE('',#6224);
#6224 = AXIS2_PLACEMENT_3D('',#6225,#6226,#6227);
#6225 = CARTESIAN_POINT('',(-1.6,5.41179920972E-16,-0.155));
#6226 = DIRECTION('',(-0.707106781187,-2.46885156104E-15,0.707106781187)
  );
#6227 = DIRECTION('',(2.504633374077E-29,1.,3.491483361109E-15));
#6228 = ADVANCED_FACE('',(#6229),#6235,.T.);
#6229 = FACE_BOUND('',#6230,.T.);
#6230 = EDGE_LOOP('',(#6231,#6232,#6233,#6234));
#6231 = ORIENTED_EDGE('',*,*,#5098,.F.);
#6232 = ORIENTED_EDGE('',*,*,#6128,.F.);
#6233 = ORIENTED_EDGE('',*,*,#5389,.F.);
#6234 = ORIENTED_EDGE('',*,*,#5320,.F.);
#6235 = PLANE('',#6236);
#6236 = AXIS2_PLACEMENT_3D('',#6237,#6238,#6239);
#6237 = CARTESIAN_POINT('',(-1.2,3.255,-0.355));
#6238 = DIRECTION('',(-0.707106781187,2.46885156104E-15,-0.707106781187)
  );
#6239 = DIRECTION('',(-2.484911851446E-29,-1.,-3.491483361109E-15));
#6240 = ADVANCED_FACE('',(#6241),#6247,.F.);
#6241 = FACE_BOUND('',#6242,.T.);
#6242 = EDGE_LOOP('',(#6243,#6244,#6245,#6246));
#6243 = ORIENTED_EDGE('',*,*,#5114,.F.);
#6244 = ORIENTED_EDGE('',*,*,#5336,.F.);
#6245 = ORIENTED_EDGE('',*,*,#5412,.F.);
#6246 = ORIENTED_EDGE('',*,*,#6159,.F.);
#6247 = PLANE('',#6248);
#6248 = AXIS2_PLACEMENT_3D('',#6249,#6250,#6251);
#6249 = CARTESIAN_POINT('',(-0.6,5.41179920972E-16,-0.155));
#6250 = DIRECTION('',(-0.707106781187,-2.46885156104E-15,0.707106781187)
  );
#6251 = DIRECTION('',(2.524354896707E-29,1.,3.491483361109E-15));
#6252 = ADVANCED_FACE('',(#6253),#6259,.T.);
#6253 = FACE_BOUND('',#6254,.T.);
#6254 = EDGE_LOOP('',(#6255,#6256,#6257,#6258));
#6255 = ORIENTED_EDGE('',*,*,#5146,.F.);
#6256 = ORIENTED_EDGE('',*,*,#6190,.F.);
#6257 = ORIENTED_EDGE('',*,*,#5366,.F.);
#6258 = ORIENTED_EDGE('',*,*,#5305,.F.);
#6259 = PLANE('',#6260);
#6260 = AXIS2_PLACEMENT_3D('',#6261,#6262,#6263);
#6261 = CARTESIAN_POINT('',(-0.2,3.255,-0.355));
#6262 = DIRECTION('',(-0.707106781187,2.46885156104E-15,-0.707106781187)
  );
#6263 = DIRECTION('',(-2.484911851446E-29,-1.,-3.491483361109E-15));
#6264 = ADVANCED_FACE('',(#6265),#6271,.F.);
#6265 = FACE_BOUND('',#6266,.T.);
#6266 = EDGE_LOOP('',(#6267,#6268,#6269,#6270));
#6267 = ORIENTED_EDGE('',*,*,#4650,.F.);
#6268 = ORIENTED_EDGE('',*,*,#6167,.F.);
#6269 = ORIENTED_EDGE('',*,*,#4223,.T.);
#6270 = ORIENTED_EDGE('',*,*,#6205,.T.);
#6271 = PLANE('',#6272);
#6272 = AXIS2_PLACEMENT_3D('',#6273,#6274,#6275);
#6273 = CARTESIAN_POINT('',(-0.6,2.435,0.895));
#6274 = DIRECTION('',(-5.605193857299E-45,1.,3.819931253151E-59));
#6275 = DIRECTION('',(-1.,-5.605193857299E-45,0.));
#6276 = ADVANCED_FACE('',(#6277),#6283,.F.);
#6277 = FACE_BOUND('',#6278,.T.);
#6278 = EDGE_LOOP('',(#6279,#6280,#6281,#6282));
#6279 = ORIENTED_EDGE('',*,*,#6198,.T.);
#6280 = ORIENTED_EDGE('',*,*,#5234,.F.);
#6281 = ORIENTED_EDGE('',*,*,#6174,.F.);
#6282 = ORIENTED_EDGE('',*,*,#4634,.F.);
#6283 = PLANE('',#6284);
#6284 = AXIS2_PLACEMENT_3D('',#6285,#6286,#6287);
#6285 = CARTESIAN_POINT('',(-0.6,1.955,0.195));
#6286 = DIRECTION('',(5.605193857299E-45,-1.,-3.819931253151E-59));
#6287 = DIRECTION('',(1.,5.605193857299E-45,0.));
#6288 = ADVANCED_FACE('',(#6289),#6295,.F.);
#6289 = FACE_BOUND('',#6290,.T.);
#6290 = EDGE_LOOP('',(#6291,#6292,#6293,#6294));
#6291 = ORIENTED_EDGE('',*,*,#4684,.F.);
#6292 = ORIENTED_EDGE('',*,*,#6105,.F.);
#6293 = ORIENTED_EDGE('',*,*,#4255,.T.);
#6294 = ORIENTED_EDGE('',*,*,#6143,.T.);
#6295 = PLANE('',#6296);
#6296 = AXIS2_PLACEMENT_3D('',#6297,#6298,#6299);
#6297 = CARTESIAN_POINT('',(-1.6,2.435,0.895));
#6298 = DIRECTION('',(-5.605193857299E-45,1.,3.819931253151E-59));
#6299 = DIRECTION('',(-1.,-5.605193857299E-45,0.));
#6300 = ADVANCED_FACE('',(#6301),#6307,.F.);
#6301 = FACE_BOUND('',#6302,.T.);
#6302 = EDGE_LOOP('',(#6303,#6304,#6305,#6306));
#6303 = ORIENTED_EDGE('',*,*,#6136,.T.);
#6304 = ORIENTED_EDGE('',*,*,#5265,.F.);
#6305 = ORIENTED_EDGE('',*,*,#6112,.F.);
#6306 = ORIENTED_EDGE('',*,*,#4668,.F.);
#6307 = PLANE('',#6308);
#6308 = AXIS2_PLACEMENT_3D('',#6309,#6310,#6311);
#6309 = CARTESIAN_POINT('',(-1.6,1.955,0.195));
#6310 = DIRECTION('',(5.605193857299E-45,-1.,-3.819931253151E-59));
#6311 = DIRECTION('',(1.,5.605193857299E-45,0.));
#6312 = ADVANCED_FACE('',(#6313),#6347,.T.);
#6313 = FACE_BOUND('',#6314,.T.);
#6314 = EDGE_LOOP('',(#6315,#6325,#6333,#6341));
#6315 = ORIENTED_EDGE('',*,*,#6316,.T.);
#6316 = EDGE_CURVE('',#6317,#6319,#6321,.T.);
#6317 = VERTEX_POINT('',#6318);
#6318 = CARTESIAN_POINT('',(2.55,1.755,1.495));
#6319 = VERTEX_POINT('',#6320);
#6320 = CARTESIAN_POINT('',(2.55,2.355,1.495));
#6321 = LINE('',#6322,#6323);
#6322 = CARTESIAN_POINT('',(2.55,2.355,1.495));
#6323 = VECTOR('',#6324,1.);
#6324 = DIRECTION('',(-3.562798913235E-31,1.,2.524246336172E-45));
#6325 = ORIENTED_EDGE('',*,*,#6326,.T.);
#6326 = EDGE_CURVE('',#6319,#6327,#6329,.T.);
#6327 = VERTEX_POINT('',#6328);
#6328 = CARTESIAN_POINT('',(2.2,2.355,1.495));
#6329 = LINE('',#6330,#6331);
#6330 = CARTESIAN_POINT('',(2.2,2.355,1.495));
#6331 = VECTOR('',#6332,1.);
#6332 = DIRECTION('',(-1.,-0.,6.982966722219E-15));
#6333 = ORIENTED_EDGE('',*,*,#6334,.T.);
#6334 = EDGE_CURVE('',#6327,#6335,#6337,.T.);
#6335 = VERTEX_POINT('',#6336);
#6336 = CARTESIAN_POINT('',(2.2,1.755,1.495));
#6337 = LINE('',#6338,#6339);
#6338 = CARTESIAN_POINT('',(2.2,2.855,1.495));
#6339 = VECTOR('',#6340,1.);
#6340 = DIRECTION('',(4.130293990421E-16,-1.,-2.926317124973E-30));
#6341 = ORIENTED_EDGE('',*,*,#6342,.T.);
#6342 = EDGE_CURVE('',#6335,#6317,#6343,.T.);
#6343 = LINE('',#6344,#6345);
#6344 = CARTESIAN_POINT('',(2.2,1.755,1.495));
#6345 = VECTOR('',#6346,1.);
#6346 = DIRECTION('',(1.,0.,-6.982966722219E-15));
#6347 = PLANE('',#6348);
#6348 = AXIS2_PLACEMENT_3D('',#6349,#6350,#6351);
#6349 = CARTESIAN_POINT('',(2.2,1.755,1.495));
#6350 = DIRECTION('',(6.982966722219E-15,-3.491483361109E-15,1.));
#6351 = DIRECTION('',(1.,0.,-6.982966722219E-15));
#6352 = ADVANCED_FACE('',(#6353),#6385,.F.);
#6353 = FACE_BOUND('',#6354,.T.);
#6354 = EDGE_LOOP('',(#6355,#6363,#6371,#6379));
#6355 = ORIENTED_EDGE('',*,*,#6356,.F.);
#6356 = EDGE_CURVE('',#4136,#6357,#6359,.T.);
#6357 = VERTEX_POINT('',#6358);
#6358 = CARTESIAN_POINT('',(3.,2.755,0.195));
#6359 = LINE('',#6360,#6361);
#6360 = CARTESIAN_POINT('',(2.5,2.755,0.195));
#6361 = VECTOR('',#6362,1.);
#6362 = DIRECTION('',(1.,-2.438091212181E-29,-8.512554900196E-44));
#6363 = ORIENTED_EDGE('',*,*,#6364,.T.);
#6364 = EDGE_CURVE('',#4136,#6365,#6367,.T.);
#6365 = VERTEX_POINT('',#6366);
#6366 = CARTESIAN_POINT('',(2.5,2.755,0.845));
#6367 = LINE('',#6368,#6369);
#6368 = CARTESIAN_POINT('',(2.5,2.755,-0.355));
#6369 = VECTOR('',#6370,1.);
#6370 = DIRECTION('',(6.982966722219E-15,0.,1.));
#6371 = ORIENTED_EDGE('',*,*,#6372,.T.);
#6372 = EDGE_CURVE('',#6365,#6373,#6375,.T.);
#6373 = VERTEX_POINT('',#6374);
#6374 = CARTESIAN_POINT('',(3.,2.755,0.845));
#6375 = LINE('',#6376,#6377);
#6376 = CARTESIAN_POINT('',(2.5,2.755,0.845));
#6377 = VECTOR('',#6378,1.);
#6378 = DIRECTION('',(1.,3.023713287611E-15,-5.237225041664E-15));
#6379 = ORIENTED_EDGE('',*,*,#6380,.T.);
#6380 = EDGE_CURVE('',#6373,#6357,#6381,.T.);
#6381 = LINE('',#6382,#6383);
#6382 = CARTESIAN_POINT('',(3.,2.755,-0.355));
#6383 = VECTOR('',#6384,1.);
#6384 = DIRECTION('',(-6.982966722219E-15,-0.,-1.));
#6385 = PLANE('',#6386);
#6386 = AXIS2_PLACEMENT_3D('',#6387,#6388,#6389);
#6387 = CARTESIAN_POINT('',(2.5,2.755,0.195));
#6388 = DIRECTION('',(-2.438091212181E-29,-1.,-3.491483361109E-15));
#6389 = DIRECTION('',(0.,3.491483361109E-15,-1.));
#6390 = ADVANCED_FACE('',(#6391),#6416,.F.);
#6391 = FACE_BOUND('',#6392,.T.);
#6392 = EDGE_LOOP('',(#6393,#6403,#6409,#6410));
#6393 = ORIENTED_EDGE('',*,*,#6394,.T.);
#6394 = EDGE_CURVE('',#6395,#6397,#6399,.T.);
#6395 = VERTEX_POINT('',#6396);
#6396 = CARTESIAN_POINT('',(3.,1.755,0.195));
#6397 = VERTEX_POINT('',#6398);
#6398 = CARTESIAN_POINT('',(2.5,1.755,0.195));
#6399 = LINE('',#6400,#6401);
#6400 = CARTESIAN_POINT('',(2.5,1.755,0.195));
#6401 = VECTOR('',#6402,1.);
#6402 = DIRECTION('',(-1.,2.438091212181E-29,8.512554900196E-44));
#6403 = ORIENTED_EDGE('',*,*,#6404,.T.);
#6404 = EDGE_CURVE('',#6397,#4136,#6405,.T.);
#6405 = LINE('',#6406,#6407);
#6406 = CARTESIAN_POINT('',(2.5,2.755,0.195));
#6407 = VECTOR('',#6408,1.);
#6408 = DIRECTION('',(-5.605193857299E-45,1.,3.914088217711E-59));
#6409 = ORIENTED_EDGE('',*,*,#6356,.T.);
#6410 = ORIENTED_EDGE('',*,*,#6411,.T.);
#6411 = EDGE_CURVE('',#6357,#6395,#6412,.T.);
#6412 = LINE('',#6413,#6414);
#6413 = CARTESIAN_POINT('',(3.,3.255,0.195));
#6414 = VECTOR('',#6415,1.);
#6415 = DIRECTION('',(5.605193857299E-45,-1.,-3.914088217711E-59));
#6416 = PLANE('',#6417);
#6417 = AXIS2_PLACEMENT_3D('',#6418,#6419,#6420);
#6418 = CARTESIAN_POINT('',(2.5,2.755,0.195));
#6419 = DIRECTION('',(6.982966722219E-15,-3.599903578358E-15,1.));
#6420 = DIRECTION('',(1.,0.,-6.982966722219E-15));
#6421 = ADVANCED_FACE('',(#6422),#6456,.F.);
#6422 = FACE_BOUND('',#6423,.T.);
#6423 = EDGE_LOOP('',(#6424,#6434,#6442,#6450));
#6424 = ORIENTED_EDGE('',*,*,#6425,.T.);
#6425 = EDGE_CURVE('',#6426,#6428,#6430,.T.);
#6426 = VERTEX_POINT('',#6427);
#6427 = CARTESIAN_POINT('',(3.,0.905,3.395));
#6428 = VERTEX_POINT('',#6429);
#6429 = CARTESIAN_POINT('',(2.5,0.905,3.395));
#6430 = LINE('',#6431,#6432);
#6431 = CARTESIAN_POINT('',(2.5,0.905,3.395));
#6432 = VECTOR('',#6433,1.);
#6433 = DIRECTION('',(-1.,0.,6.982966722219E-15));
#6434 = ORIENTED_EDGE('',*,*,#6435,.F.);
#6435 = EDGE_CURVE('',#6436,#6428,#6438,.T.);
#6436 = VERTEX_POINT('',#6437);
#6437 = CARTESIAN_POINT('',(2.5,0.905,2.395));
#6438 = LINE('',#6439,#6440);
#6439 = CARTESIAN_POINT('',(2.5,0.905,2.395));
#6440 = VECTOR('',#6441,1.);
#6441 = DIRECTION('',(6.938893903907E-15,-2.710505431214E-15,1.));
#6442 = ORIENTED_EDGE('',*,*,#6443,.F.);
#6443 = EDGE_CURVE('',#6444,#6436,#6446,.T.);
#6444 = VERTEX_POINT('',#6445);
#6445 = CARTESIAN_POINT('',(3.,0.905,2.395));
#6446 = LINE('',#6447,#6448);
#6447 = CARTESIAN_POINT('',(2.5,0.905,2.395));
#6448 = VECTOR('',#6449,1.);
#6449 = DIRECTION('',(-1.,2.513800689087E-29,9.049440095923E-44));
#6450 = ORIENTED_EDGE('',*,*,#6451,.T.);
#6451 = EDGE_CURVE('',#6444,#6426,#6452,.T.);
#6452 = LINE('',#6453,#6454);
#6453 = CARTESIAN_POINT('',(3.,0.905,-0.355));
#6454 = VECTOR('',#6455,1.);
#6455 = DIRECTION('',(6.982966722219E-15,0.,1.));
#6456 = PLANE('',#6457);
#6457 = AXIS2_PLACEMENT_3D('',#6458,#6459,#6460);
#6458 = CARTESIAN_POINT('',(2.5,0.905,3.395));
#6459 = DIRECTION('',(2.513800689087E-29,1.,3.599903578358E-15));
#6460 = DIRECTION('',(0.,-3.599903578358E-15,1.));
#6461 = ADVANCED_FACE('',(#6462),#6487,.F.);
#6462 = FACE_BOUND('',#6463,.T.);
#6463 = EDGE_LOOP('',(#6464,#6474,#6480,#6481));
#6464 = ORIENTED_EDGE('',*,*,#6465,.T.);
#6465 = EDGE_CURVE('',#6466,#6468,#6470,.T.);
#6466 = VERTEX_POINT('',#6467);
#6467 = CARTESIAN_POINT('',(3.,1.555,3.395));
#6468 = VERTEX_POINT('',#6469);
#6469 = CARTESIAN_POINT('',(2.5,1.555,3.395));
#6470 = LINE('',#6471,#6472);
#6471 = CARTESIAN_POINT('',(2.5,1.555,3.395));
#6472 = VECTOR('',#6473,1.);
#6473 = DIRECTION('',(-1.,2.135253304556E-29,6.529182875968E-44));
#6474 = ORIENTED_EDGE('',*,*,#6475,.F.);
#6475 = EDGE_CURVE('',#6428,#6468,#6476,.T.);
#6476 = LINE('',#6477,#6478);
#6477 = CARTESIAN_POINT('',(2.5,0.905,3.395));
#6478 = VECTOR('',#6479,1.);
#6479 = DIRECTION('',(0.,1.,2.001604010742E-15));
#6480 = ORIENTED_EDGE('',*,*,#6425,.F.);
#6481 = ORIENTED_EDGE('',*,*,#6482,.T.);
#6482 = EDGE_CURVE('',#6426,#6466,#6483,.T.);
#6483 = LINE('',#6484,#6485);
#6484 = CARTESIAN_POINT('',(3.,3.255,3.395));
#6485 = VECTOR('',#6486,1.);
#6486 = DIRECTION('',(-5.605193857299E-45,1.,3.914088217711E-59));
#6487 = PLANE('',#6488);
#6488 = AXIS2_PLACEMENT_3D('',#6489,#6490,#6491);
#6489 = CARTESIAN_POINT('',(2.5,1.555,3.395));
#6490 = DIRECTION('',(-6.982966722219E-15,3.491483361109E-15,-1.));
#6491 = DIRECTION('',(-1.,0.,6.982966722219E-15));
#6492 = ADVANCED_FACE('',(#6493),#6518,.F.);
#6493 = FACE_BOUND('',#6494,.T.);
#6494 = EDGE_LOOP('',(#6495,#6503,#6511,#6517));
#6495 = ORIENTED_EDGE('',*,*,#6496,.T.);
#6496 = EDGE_CURVE('',#6466,#6497,#6499,.T.);
#6497 = VERTEX_POINT('',#6498);
#6498 = CARTESIAN_POINT('',(3.,1.555,3.795));
#6499 = LINE('',#6500,#6501);
#6500 = CARTESIAN_POINT('',(3.,1.555,-0.355));
#6501 = VECTOR('',#6502,1.);
#6502 = DIRECTION('',(6.982966722219E-15,0.,1.));
#6503 = ORIENTED_EDGE('',*,*,#6504,.T.);
#6504 = EDGE_CURVE('',#6497,#6505,#6507,.T.);
#6505 = VERTEX_POINT('',#6506);
#6506 = CARTESIAN_POINT('',(2.5,1.555,3.795));
#6507 = LINE('',#6508,#6509);
#6508 = CARTESIAN_POINT('',(2.5,1.555,3.795));
#6509 = VECTOR('',#6510,1.);
#6510 = DIRECTION('',(-1.,-3.788886977123E-31,7.106875541931E-15));
#6511 = ORIENTED_EDGE('',*,*,#6512,.F.);
#6512 = EDGE_CURVE('',#6468,#6505,#6513,.T.);
#6513 = LINE('',#6514,#6515);
#6514 = CARTESIAN_POINT('',(2.5,1.555,3.395));
#6515 = VECTOR('',#6516,1.);
#6516 = DIRECTION('',(6.938893903907E-15,-2.602085213965E-15,1.));
#6517 = ORIENTED_EDGE('',*,*,#6465,.F.);
#6518 = PLANE('',#6519);
#6519 = AXIS2_PLACEMENT_3D('',#6520,#6521,#6522);
#6520 = CARTESIAN_POINT('',(2.5,1.555,3.895));
#6521 = DIRECTION('',(2.135253304556E-29,1.,3.057802492115E-15));
#6522 = DIRECTION('',(0.,-3.057802492115E-15,1.));
#6523 = ADVANCED_FACE('',(#6524),#6549,.F.);
#6524 = FACE_BOUND('',#6525,.T.);
#6525 = EDGE_LOOP('',(#6526,#6536,#6542,#6543));
#6526 = ORIENTED_EDGE('',*,*,#6527,.T.);
#6527 = EDGE_CURVE('',#6528,#6530,#6532,.T.);
#6528 = VERTEX_POINT('',#6529);
#6529 = CARTESIAN_POINT('',(3.,1.755,-0.355));
#6530 = VERTEX_POINT('',#6531);
#6531 = CARTESIAN_POINT('',(2.5,1.755,-0.355));
#6532 = LINE('',#6533,#6534);
#6533 = CARTESIAN_POINT('',(3.,1.755,-0.355));
#6534 = VECTOR('',#6535,1.);
#6535 = DIRECTION('',(-1.,-0.,7.105427357601E-15));
#6536 = ORIENTED_EDGE('',*,*,#6537,.T.);
#6537 = EDGE_CURVE('',#6530,#6397,#6538,.T.);
#6538 = LINE('',#6539,#6540);
#6539 = CARTESIAN_POINT('',(2.5,1.755,-0.355));
#6540 = VECTOR('',#6541,1.);
#6541 = DIRECTION('',(6.982966722219E-15,0.,1.));
#6542 = ORIENTED_EDGE('',*,*,#6394,.F.);
#6543 = ORIENTED_EDGE('',*,*,#6544,.T.);
#6544 = EDGE_CURVE('',#6395,#6528,#6545,.T.);
#6545 = LINE('',#6546,#6547);
#6546 = CARTESIAN_POINT('',(3.,1.755,-0.355));
#6547 = VECTOR('',#6548,1.);
#6548 = DIRECTION('',(-6.982966722219E-15,-0.,-1.));
#6549 = PLANE('',#6550);
#6550 = AXIS2_PLACEMENT_3D('',#6551,#6552,#6553);
#6551 = CARTESIAN_POINT('',(2.5,1.755,0.195));
#6552 = DIRECTION('',(-2.438091212181E-29,-1.,-3.491483361109E-15));
#6553 = DIRECTION('',(0.,3.491483361109E-15,-1.));
#6554 = ADVANCED_FACE('',(#6555),#6573,.F.);
#6555 = FACE_BOUND('',#6556,.T.);
#6556 = EDGE_LOOP('',(#6557,#6565,#6571,#6572));
#6557 = ORIENTED_EDGE('',*,*,#6558,.T.);
#6558 = EDGE_CURVE('',#6530,#6559,#6561,.T.);
#6559 = VERTEX_POINT('',#6560);
#6560 = CARTESIAN_POINT('',(2.5,2.755,-0.355));
#6561 = LINE('',#6562,#6563);
#6562 = CARTESIAN_POINT('',(2.5,3.255,-0.355));
#6563 = VECTOR('',#6564,1.);
#6564 = DIRECTION('',(2.480848139264E-29,1.,3.491483361109E-15));
#6565 = ORIENTED_EDGE('',*,*,#6566,.F.);
#6566 = EDGE_CURVE('',#4136,#6559,#6567,.T.);
#6567 = LINE('',#6568,#6569);
#6568 = CARTESIAN_POINT('',(2.5,2.755,-0.355));
#6569 = VECTOR('',#6570,1.);
#6570 = DIRECTION('',(-7.096596038087E-15,-0.,-1.));
#6571 = ORIENTED_EDGE('',*,*,#6404,.F.);
#6572 = ORIENTED_EDGE('',*,*,#6537,.F.);
#6573 = PLANE('',#6574);
#6574 = AXIS2_PLACEMENT_3D('',#6575,#6576,#6577);
#6575 = CARTESIAN_POINT('',(2.5,2.755,-0.355));
#6576 = DIRECTION('',(-1.,-5.605193857299E-45,6.982966722219E-15));
#6577 = DIRECTION('',(6.982966722219E-15,0.,1.));
#6578 = ADVANCED_FACE('',(#6579),#6620,.F.);
#6579 = FACE_BOUND('',#6580,.T.);
#6580 = EDGE_LOOP('',(#6581,#6591,#6599,#6605,#6606,#6614));
#6581 = ORIENTED_EDGE('',*,*,#6582,.F.);
#6582 = EDGE_CURVE('',#6583,#6585,#6587,.T.);
#6583 = VERTEX_POINT('',#6584);
#6584 = CARTESIAN_POINT('',(0.8,2.755,-0.355));
#6585 = VERTEX_POINT('',#6586);
#6586 = CARTESIAN_POINT('',(1.2,2.755,-0.355));
#6587 = LINE('',#6588,#6589);
#6588 = CARTESIAN_POINT('',(-4.,2.755,-0.355));
#6589 = VECTOR('',#6590,1.);
#6590 = DIRECTION('',(1.,5.605193857299E-45,-6.982966722219E-15));
#6591 = ORIENTED_EDGE('',*,*,#6592,.T.);
#6592 = EDGE_CURVE('',#6583,#6593,#6595,.T.);
#6593 = VERTEX_POINT('',#6594);
#6594 = CARTESIAN_POINT('',(0.6,2.755,-0.155));
#6595 = LINE('',#6596,#6597);
#6596 = CARTESIAN_POINT('',(0.8,2.755,-0.355));
#6597 = VECTOR('',#6598,1.);
#6598 = DIRECTION('',(-0.707106781187,-3.963470586361E-45,0.707106781187
    ));
#6599 = ORIENTED_EDGE('',*,*,#6600,.T.);
#6600 = EDGE_CURVE('',#6593,#4176,#6601,.T.);
#6601 = LINE('',#6602,#6603);
#6602 = CARTESIAN_POINT('',(0.6,2.755,0.195));
#6603 = VECTOR('',#6604,1.);
#6604 = DIRECTION('',(7.096596038087E-15,-0.,1.));
#6605 = ORIENTED_EDGE('',*,*,#4175,.T.);
#6606 = ORIENTED_EDGE('',*,*,#6607,.F.);
#6607 = EDGE_CURVE('',#6608,#4168,#6610,.T.);
#6608 = VERTEX_POINT('',#6609);
#6609 = CARTESIAN_POINT('',(1.4,2.755,-0.155));
#6610 = LINE('',#6611,#6612);
#6611 = CARTESIAN_POINT('',(1.4,2.755,0.195));
#6612 = VECTOR('',#6613,1.);
#6613 = DIRECTION('',(7.096596038087E-15,-0.,1.));
#6614 = ORIENTED_EDGE('',*,*,#6615,.T.);
#6615 = EDGE_CURVE('',#6608,#6585,#6616,.T.);
#6616 = LINE('',#6617,#6618);
#6617 = CARTESIAN_POINT('',(1.4,2.755,-0.155));
#6618 = VECTOR('',#6619,1.);
#6619 = DIRECTION('',(-0.707106781187,-3.963470586362E-45,
    -0.707106781187));
#6620 = PLANE('',#6621);
#6621 = AXIS2_PLACEMENT_3D('',#6622,#6623,#6624);
#6622 = CARTESIAN_POINT('',(-4.,2.755,-0.355));
#6623 = DIRECTION('',(5.605193857299E-45,-1.,-3.977779652042E-59));
#6624 = DIRECTION('',(1.,5.605193857299E-45,0.));
#6625 = ADVANCED_FACE('',(#6626),#6652,.F.);
#6626 = FACE_BOUND('',#6627,.T.);
#6627 = EDGE_LOOP('',(#6628,#6636,#6644,#6650,#6651));
#6628 = ORIENTED_EDGE('',*,*,#6629,.F.);
#6629 = EDGE_CURVE('',#6630,#6559,#6632,.T.);
#6630 = VERTEX_POINT('',#6631);
#6631 = CARTESIAN_POINT('',(1.8,2.755,-0.355));
#6632 = LINE('',#6633,#6634);
#6633 = CARTESIAN_POINT('',(-4.,2.755,-0.355));
#6634 = VECTOR('',#6635,1.);
#6635 = DIRECTION('',(1.,5.605193857299E-45,-6.982966722219E-15));
#6636 = ORIENTED_EDGE('',*,*,#6637,.T.);
#6637 = EDGE_CURVE('',#6630,#6638,#6640,.T.);
#6638 = VERTEX_POINT('',#6639);
#6639 = CARTESIAN_POINT('',(1.6,2.755,-0.155));
#6640 = LINE('',#6641,#6642);
#6641 = CARTESIAN_POINT('',(1.8,2.755,-0.355));
#6642 = VECTOR('',#6643,1.);
#6643 = DIRECTION('',(-0.707106781187,-3.963470586361E-45,0.707106781187
    ));
#6644 = ORIENTED_EDGE('',*,*,#6645,.T.);
#6645 = EDGE_CURVE('',#6638,#4144,#6646,.T.);
#6646 = LINE('',#6647,#6648);
#6647 = CARTESIAN_POINT('',(1.6,2.755,0.195));
#6648 = VECTOR('',#6649,1.);
#6649 = DIRECTION('',(7.096596038087E-15,-0.,1.));
#6650 = ORIENTED_EDGE('',*,*,#4143,.T.);
#6651 = ORIENTED_EDGE('',*,*,#6566,.T.);
#6652 = PLANE('',#6653);
#6653 = AXIS2_PLACEMENT_3D('',#6654,#6655,#6656);
#6654 = CARTESIAN_POINT('',(-4.,2.755,-0.355));
#6655 = DIRECTION('',(5.605193857299E-45,-1.,-3.977779652042E-59));
#6656 = DIRECTION('',(1.,5.605193857299E-45,0.));
#6657 = ADVANCED_FACE('',(#6658),#6683,.F.);
#6658 = FACE_BOUND('',#6659,.T.);
#6659 = EDGE_LOOP('',(#6660,#6668,#6669,#6677));
#6660 = ORIENTED_EDGE('',*,*,#6661,.T.);
#6661 = EDGE_CURVE('',#6662,#4296,#6664,.T.);
#6662 = VERTEX_POINT('',#6663);
#6663 = CARTESIAN_POINT('',(2.76,3.105,1.047072594216));
#6664 = LINE('',#6665,#6666);
#6665 = CARTESIAN_POINT('',(2.76,3.105,-1.055));
#6666 = VECTOR('',#6667,1.);
#6667 = DIRECTION('',(-0.,-0.,1.));
#6668 = ORIENTED_EDGE('',*,*,#4447,.T.);
#6669 = ORIENTED_EDGE('',*,*,#6670,.F.);
#6670 = EDGE_CURVE('',#6671,#4440,#6673,.T.);
#6671 = VERTEX_POINT('',#6672);
#6672 = CARTESIAN_POINT('',(3.,3.105,1.047072594216));
#6673 = LINE('',#6674,#6675);
#6674 = CARTESIAN_POINT('',(3.,3.105,-1.055));
#6675 = VECTOR('',#6676,1.);
#6676 = DIRECTION('',(-0.,-0.,1.));
#6677 = ORIENTED_EDGE('',*,*,#6678,.F.);
#6678 = EDGE_CURVE('',#6662,#6671,#6679,.T.);
#6679 = LINE('',#6680,#6681);
#6680 = CARTESIAN_POINT('',(2.5,3.105,1.047072594216));
#6681 = VECTOR('',#6682,1.);
#6682 = DIRECTION('',(1.,0.,-6.982966722219E-15));
#6683 = PLANE('',#6684);
#6684 = AXIS2_PLACEMENT_3D('',#6685,#6686,#6687);
#6685 = CARTESIAN_POINT('',(3.,3.105,-1.055));
#6686 = DIRECTION('',(0.,-1.,-0.));
#6687 = DIRECTION('',(0.,0.,-1.));
#6688 = ADVANCED_FACE('',(#6689),#6705,.F.);
#6689 = FACE_BOUND('',#6690,.T.);
#6690 = EDGE_LOOP('',(#6691,#6697,#6698,#6704));
#6691 = ORIENTED_EDGE('',*,*,#6692,.F.);
#6692 = EDGE_CURVE('',#4432,#6497,#6693,.T.);
#6693 = LINE('',#6694,#6695);
#6694 = CARTESIAN_POINT('',(3.,1.555,3.795));
#6695 = VECTOR('',#6696,1.);
#6696 = DIRECTION('',(-4.937703122081E-15,-0.707106781187,
    -0.707106781187));
#6697 = ORIENTED_EDGE('',*,*,#4431,.F.);
#6698 = ORIENTED_EDGE('',*,*,#6699,.F.);
#6699 = EDGE_CURVE('',#6505,#4424,#6700,.T.);
#6700 = LINE('',#6701,#6702);
#6701 = CARTESIAN_POINT('',(2.5,1.555,3.795));
#6702 = VECTOR('',#6703,1.);
#6703 = DIRECTION('',(4.906538933387E-15,0.707106781187,0.707106781187)
  );
#6704 = ORIENTED_EDGE('',*,*,#6504,.F.);
#6705 = PLANE('',#6706);
#6706 = AXIS2_PLACEMENT_3D('',#6707,#6708,#6709);
#6707 = CARTESIAN_POINT('',(2.5,1.555,3.795));
#6708 = DIRECTION('',(-5.025319888749E-15,0.707106781187,-0.707106781187
    ));
#6709 = DIRECTION('',(-1.,0.,7.106875541931E-15));
#6710 = ADVANCED_FACE('',(#6711),#6732,.T.);
#6711 = FACE_BOUND('',#6712,.T.);
#6712 = EDGE_LOOP('',(#6713,#6721,#6727,#6728,#6729,#6730,#6731));
#6713 = ORIENTED_EDGE('',*,*,#6714,.F.);
#6714 = EDGE_CURVE('',#6715,#4416,#6717,.T.);
#6715 = VERTEX_POINT('',#6716);
#6716 = CARTESIAN_POINT('',(2.5,0.585,2.395));
#6717 = LINE('',#6718,#6719);
#6718 = CARTESIAN_POINT('',(2.5,0.585,2.395));
#6719 = VECTOR('',#6720,1.);
#6720 = DIRECTION('',(-0.,-0.,1.));
#6721 = ORIENTED_EDGE('',*,*,#6722,.T.);
#6722 = EDGE_CURVE('',#6715,#6436,#6723,.T.);
#6723 = LINE('',#6724,#6725);
#6724 = CARTESIAN_POINT('',(2.5,0.305,2.395));
#6725 = VECTOR('',#6726,1.);
#6726 = DIRECTION('',(0.,1.,0.));
#6727 = ORIENTED_EDGE('',*,*,#6435,.T.);
#6728 = ORIENTED_EDGE('',*,*,#6475,.T.);
#6729 = ORIENTED_EDGE('',*,*,#6512,.T.);
#6730 = ORIENTED_EDGE('',*,*,#6699,.T.);
#6731 = ORIENTED_EDGE('',*,*,#4423,.T.);
#6732 = PLANE('',#6733);
#6733 = AXIS2_PLACEMENT_3D('',#6734,#6735,#6736);
#6734 = CARTESIAN_POINT('',(2.5,-1.12103877146E-45,-2.080786714806E-14)
  );
#6735 = DIRECTION('',(1.,0.,-6.938893903907E-15));
#6736 = DIRECTION('',(-6.938893903907E-15,0.,-1.));
#6737 = ADVANCED_FACE('',(#6738),#6756,.F.);
#6738 = FACE_BOUND('',#6739,.T.);
#6739 = EDGE_LOOP('',(#6740,#6741,#6749,#6755));
#6740 = ORIENTED_EDGE('',*,*,#4415,.T.);
#6741 = ORIENTED_EDGE('',*,*,#6742,.F.);
#6742 = EDGE_CURVE('',#6743,#4408,#6745,.T.);
#6743 = VERTEX_POINT('',#6744);
#6744 = CARTESIAN_POINT('',(2.393546465094,0.585,2.395));
#6745 = LINE('',#6746,#6747);
#6746 = CARTESIAN_POINT('',(2.393546465094,0.585,2.395));
#6747 = VECTOR('',#6748,1.);
#6748 = DIRECTION('',(-0.,-0.,1.));
#6749 = ORIENTED_EDGE('',*,*,#6750,.F.);
#6750 = EDGE_CURVE('',#6715,#6743,#6751,.T.);
#6751 = LINE('',#6752,#6753);
#6752 = CARTESIAN_POINT('',(2.393546465094,0.585,2.395));
#6753 = VECTOR('',#6754,1.);
#6754 = DIRECTION('',(-1.,-1.018474561174E-15,-0.));
#6755 = ORIENTED_EDGE('',*,*,#6714,.T.);
#6756 = PLANE('',#6757);
#6757 = AXIS2_PLACEMENT_3D('',#6758,#6759,#6760);
#6758 = CARTESIAN_POINT('',(2.393546465094,0.585,2.395));
#6759 = DIRECTION('',(-1.018474561174E-15,1.,0.));
#6760 = DIRECTION('',(-1.,-1.018474561174E-15,0.));
#6761 = ADVANCED_FACE('',(#6762),#6786,.F.);
#6762 = FACE_BOUND('',#6763,.T.);
#6763 = EDGE_LOOP('',(#6764,#6772,#6778,#6779,#6785));
#6764 = ORIENTED_EDGE('',*,*,#6765,.T.);
#6765 = EDGE_CURVE('',#6335,#6766,#6768,.T.);
#6766 = VERTEX_POINT('',#6767);
#6767 = CARTESIAN_POINT('',(2.2,1.755,3.695));
#6768 = LINE('',#6769,#6770);
#6769 = CARTESIAN_POINT('',(2.2,1.755,0.895));
#6770 = VECTOR('',#6771,1.);
#6771 = DIRECTION('',(7.085009279629E-15,-0.,1.));
#6772 = ORIENTED_EDGE('',*,*,#6773,.T.);
#6773 = EDGE_CURVE('',#6766,#4490,#6774,.T.);
#6774 = LINE('',#6775,#6776);
#6775 = CARTESIAN_POINT('',(2.340041507642,1.755,3.895));
#6776 = VECTOR('',#6777,1.);
#6777 = DIRECTION('',(0.573576436351,-2.860055732854E-15,0.819152044289)
  );
#6778 = ORIENTED_EDGE('',*,*,#4489,.F.);
#6779 = ORIENTED_EDGE('',*,*,#6780,.F.);
#6780 = EDGE_CURVE('',#6317,#4482,#6781,.T.);
#6781 = LINE('',#6782,#6783);
#6782 = CARTESIAN_POINT('',(2.55,1.755,1.495));
#6783 = VECTOR('',#6784,1.);
#6784 = DIRECTION('',(-0.,-3.491483361109E-15,1.));
#6785 = ORIENTED_EDGE('',*,*,#6342,.F.);
#6786 = PLANE('',#6787);
#6787 = AXIS2_PLACEMENT_3D('',#6788,#6789,#6790);
#6788 = CARTESIAN_POINT('',(2.2,1.755,1.495));
#6789 = DIRECTION('',(-2.438091212181E-29,-1.,-3.491483361109E-15));
#6790 = DIRECTION('',(0.,3.491483361109E-15,-1.));
#6791 = ADVANCED_FACE('',(#6792),#6803,.F.);
#6792 = FACE_BOUND('',#6793,.T.);
#6793 = EDGE_LOOP('',(#6794,#6800,#6801,#6802));
#6794 = ORIENTED_EDGE('',*,*,#6795,.T.);
#6795 = EDGE_CURVE('',#4474,#6319,#6796,.T.);
#6796 = LINE('',#6797,#6798);
#6797 = CARTESIAN_POINT('',(2.55,2.355,1.495));
#6798 = VECTOR('',#6799,1.);
#6799 = DIRECTION('',(-0.,3.491483361109E-15,-1.));
#6800 = ORIENTED_EDGE('',*,*,#6316,.F.);
#6801 = ORIENTED_EDGE('',*,*,#6780,.T.);
#6802 = ORIENTED_EDGE('',*,*,#4481,.F.);
#6803 = PLANE('',#6804);
#6804 = AXIS2_PLACEMENT_3D('',#6805,#6806,#6807);
#6805 = CARTESIAN_POINT('',(2.55,2.355,1.495));
#6806 = DIRECTION('',(1.,3.562798913235E-31,-7.085009279629E-15));
#6807 = DIRECTION('',(-7.085009279629E-15,0.,-1.));
#6808 = ADVANCED_FACE('',(#6809),#6828,.F.);
#6809 = FACE_BOUND('',#6810,.T.);
#6810 = EDGE_LOOP('',(#6811,#6812,#6820,#6826,#6827));
#6811 = ORIENTED_EDGE('',*,*,#4473,.F.);
#6812 = ORIENTED_EDGE('',*,*,#6813,.T.);
#6813 = EDGE_CURVE('',#4466,#6814,#6816,.T.);
#6814 = VERTEX_POINT('',#6815);
#6815 = CARTESIAN_POINT('',(2.2,2.355,3.695));
#6816 = LINE('',#6817,#6818);
#6817 = CARTESIAN_POINT('',(2.340041507642,2.355,3.895));
#6818 = VECTOR('',#6819,1.);
#6819 = DIRECTION('',(-0.573576436351,2.860055732854E-15,-0.819152044289
    ));
#6820 = ORIENTED_EDGE('',*,*,#6821,.T.);
#6821 = EDGE_CURVE('',#6814,#6327,#6822,.T.);
#6822 = LINE('',#6823,#6824);
#6823 = CARTESIAN_POINT('',(2.2,2.355,0.895));
#6824 = VECTOR('',#6825,1.);
#6825 = DIRECTION('',(-7.085009279629E-15,0.,-1.));
#6826 = ORIENTED_EDGE('',*,*,#6326,.F.);
#6827 = ORIENTED_EDGE('',*,*,#6795,.F.);
#6828 = PLANE('',#6829);
#6829 = AXIS2_PLACEMENT_3D('',#6830,#6831,#6832);
#6830 = CARTESIAN_POINT('',(2.2,2.355,1.495));
#6831 = DIRECTION('',(2.438091212181E-29,1.,3.491483361109E-15));
#6832 = DIRECTION('',(0.,-3.491483361109E-15,1.));
#6833 = ADVANCED_FACE('',(#6834),#6850,.F.);
#6834 = FACE_BOUND('',#6835,.T.);
#6835 = EDGE_LOOP('',(#6836,#6837,#6843,#6844));
#6836 = ORIENTED_EDGE('',*,*,#4752,.F.);
#6837 = ORIENTED_EDGE('',*,*,#6838,.F.);
#6838 = EDGE_CURVE('',#4160,#4745,#6839,.T.);
#6839 = LINE('',#6840,#6841);
#6840 = CARTESIAN_POINT('',(1.4,2.435,0.895));
#6841 = VECTOR('',#6842,1.);
#6842 = DIRECTION('',(7.186711543332E-15,-2.973811673103E-15,1.));
#6843 = ORIENTED_EDGE('',*,*,#4159,.T.);
#6844 = ORIENTED_EDGE('',*,*,#6845,.T.);
#6845 = EDGE_CURVE('',#4152,#4727,#6846,.T.);
#6846 = LINE('',#6847,#6848);
#6847 = CARTESIAN_POINT('',(1.6,2.435,0.895));
#6848 = VECTOR('',#6849,1.);
#6849 = DIRECTION('',(6.814985084195E-15,-0.,1.));
#6850 = PLANE('',#6851);
#6851 = AXIS2_PLACEMENT_3D('',#6852,#6853,#6854);
#6852 = CARTESIAN_POINT('',(1.4,2.435,0.895));
#6853 = DIRECTION('',(-5.605193857299E-45,1.,3.819931253151E-59));
#6854 = DIRECTION('',(-1.,-5.605193857299E-45,0.));
#6855 = ADVANCED_FACE('',(#6856),#6881,.F.);
#6856 = FACE_BOUND('',#6857,.T.);
#6857 = EDGE_LOOP('',(#6858,#6866,#6874,#6880));
#6858 = ORIENTED_EDGE('',*,*,#6859,.T.);
#6859 = EDGE_CURVE('',#4729,#6860,#6862,.T.);
#6860 = VERTEX_POINT('',#6861);
#6861 = CARTESIAN_POINT('',(1.6,1.955,0.195));
#6862 = LINE('',#6863,#6864);
#6863 = CARTESIAN_POINT('',(1.6,1.955,0.195));
#6864 = VECTOR('',#6865,1.);
#6865 = DIRECTION('',(-6.814985084195E-15,-0.,-1.));
#6866 = ORIENTED_EDGE('',*,*,#6867,.F.);
#6867 = EDGE_CURVE('',#6868,#6860,#6870,.T.);
#6868 = VERTEX_POINT('',#6869);
#6869 = CARTESIAN_POINT('',(1.4,1.955,0.195));
#6870 = LINE('',#6871,#6872);
#6871 = CARTESIAN_POINT('',(1.4,1.955,0.195));
#6872 = VECTOR('',#6873,1.);
#6873 = DIRECTION('',(1.,5.605193857299E-45,-6.982966722219E-15));
#6874 = ORIENTED_EDGE('',*,*,#6875,.F.);
#6875 = EDGE_CURVE('',#4737,#6868,#6876,.T.);
#6876 = LINE('',#6877,#6878);
#6877 = CARTESIAN_POINT('',(1.4,1.955,0.195));
#6878 = VECTOR('',#6879,1.);
#6879 = DIRECTION('',(-6.814985084195E-15,-0.,-1.));
#6880 = ORIENTED_EDGE('',*,*,#4736,.F.);
#6881 = PLANE('',#6882);
#6882 = AXIS2_PLACEMENT_3D('',#6883,#6884,#6885);
#6883 = CARTESIAN_POINT('',(1.4,1.955,0.195));
#6884 = DIRECTION('',(5.605193857299E-45,-1.,-3.819931253151E-59));
#6885 = DIRECTION('',(1.,5.605193857299E-45,0.));
#6886 = ADVANCED_FACE('',(#6887),#6903,.F.);
#6887 = FACE_BOUND('',#6888,.T.);
#6888 = EDGE_LOOP('',(#6889,#6890,#6896,#6897));
#6889 = ORIENTED_EDGE('',*,*,#4718,.F.);
#6890 = ORIENTED_EDGE('',*,*,#6891,.F.);
#6891 = EDGE_CURVE('',#4192,#4711,#6892,.T.);
#6892 = LINE('',#6893,#6894);
#6893 = CARTESIAN_POINT('',(0.4,2.435,0.895));
#6894 = VECTOR('',#6895,1.);
#6895 = DIRECTION('',(7.186711543332E-15,-2.973811673103E-15,1.));
#6896 = ORIENTED_EDGE('',*,*,#4191,.T.);
#6897 = ORIENTED_EDGE('',*,*,#6898,.T.);
#6898 = EDGE_CURVE('',#4184,#4693,#6899,.T.);
#6899 = LINE('',#6900,#6901);
#6900 = CARTESIAN_POINT('',(0.6,2.435,0.895));
#6901 = VECTOR('',#6902,1.);
#6902 = DIRECTION('',(6.814985084195E-15,-0.,1.));
#6903 = PLANE('',#6904);
#6904 = AXIS2_PLACEMENT_3D('',#6905,#6906,#6907);
#6905 = CARTESIAN_POINT('',(0.4,2.435,0.895));
#6906 = DIRECTION('',(-5.605193857299E-45,1.,3.819931253151E-59));
#6907 = DIRECTION('',(-1.,-5.605193857299E-45,0.));
#6908 = ADVANCED_FACE('',(#6909),#6934,.F.);
#6909 = FACE_BOUND('',#6910,.T.);
#6910 = EDGE_LOOP('',(#6911,#6919,#6927,#6933));
#6911 = ORIENTED_EDGE('',*,*,#6912,.T.);
#6912 = EDGE_CURVE('',#4695,#6913,#6915,.T.);
#6913 = VERTEX_POINT('',#6914);
#6914 = CARTESIAN_POINT('',(0.6,1.955,0.195));
#6915 = LINE('',#6916,#6917);
#6916 = CARTESIAN_POINT('',(0.6,1.955,0.195));
#6917 = VECTOR('',#6918,1.);
#6918 = DIRECTION('',(-6.814985084195E-15,-0.,-1.));
#6919 = ORIENTED_EDGE('',*,*,#6920,.F.);
#6920 = EDGE_CURVE('',#6921,#6913,#6923,.T.);
#6921 = VERTEX_POINT('',#6922);
#6922 = CARTESIAN_POINT('',(0.4,1.955,0.195));
#6923 = LINE('',#6924,#6925);
#6924 = CARTESIAN_POINT('',(0.4,1.955,0.195));
#6925 = VECTOR('',#6926,1.);
#6926 = DIRECTION('',(1.,5.605193857299E-45,-6.982966722219E-15));
#6927 = ORIENTED_EDGE('',*,*,#6928,.F.);
#6928 = EDGE_CURVE('',#4703,#6921,#6929,.T.);
#6929 = LINE('',#6930,#6931);
#6930 = CARTESIAN_POINT('',(0.4,1.955,0.195));
#6931 = VECTOR('',#6932,1.);
#6932 = DIRECTION('',(-6.814985084195E-15,-0.,-1.));
#6933 = ORIENTED_EDGE('',*,*,#4702,.F.);
#6934 = PLANE('',#6935);
#6935 = AXIS2_PLACEMENT_3D('',#6936,#6937,#6938);
#6936 = CARTESIAN_POINT('',(0.4,1.955,0.195));
#6937 = DIRECTION('',(5.605193857299E-45,-1.,-3.819931253151E-59));
#6938 = DIRECTION('',(1.,5.605193857299E-45,0.));
#6939 = ADVANCED_FACE('',(#6940),#6960,.F.);
#6940 = FACE_BOUND('',#6941,.T.);
#6941 = EDGE_LOOP('',(#6942,#6943,#6949,#6950,#6951,#6952,#6958,#6959));
#6942 = ORIENTED_EDGE('',*,*,#4776,.T.);
#6943 = ORIENTED_EDGE('',*,*,#6944,.T.);
#6944 = EDGE_CURVE('',#4769,#6766,#6945,.T.);
#6945 = LINE('',#6946,#6947);
#6946 = CARTESIAN_POINT('',(2.2,2.855,3.695));
#6947 = VECTOR('',#6948,1.);
#6948 = DIRECTION('',(-4.130293990421E-16,1.,3.491483361109E-15));
#6949 = ORIENTED_EDGE('',*,*,#6765,.F.);
#6950 = ORIENTED_EDGE('',*,*,#6334,.F.);
#6951 = ORIENTED_EDGE('',*,*,#6821,.F.);
#6952 = ORIENTED_EDGE('',*,*,#6953,.T.);
#6953 = EDGE_CURVE('',#6814,#4799,#6954,.T.);
#6954 = LINE('',#6955,#6956);
#6955 = CARTESIAN_POINT('',(2.2,2.855,3.695));
#6956 = VECTOR('',#6957,1.);
#6957 = DIRECTION('',(-4.130293990421E-16,1.,3.491483361109E-15));
#6958 = ORIENTED_EDGE('',*,*,#4798,.T.);
#6959 = ORIENTED_EDGE('',*,*,#4600,.F.);
#6960 = PLANE('',#6961);
#6961 = AXIS2_PLACEMENT_3D('',#6962,#6963,#6964);
#6962 = CARTESIAN_POINT('',(2.2,2.855,0.895));
#6963 = DIRECTION('',(1.,4.130293990421E-16,-7.085009279629E-15));
#6964 = DIRECTION('',(-7.085009279629E-15,0.,-1.));
#6965 = ADVANCED_FACE('',(#6966),#6977,.F.);
#6966 = FACE_BOUND('',#6967,.T.);
#6967 = EDGE_LOOP('',(#6968,#6969,#6970,#6971));
#6968 = ORIENTED_EDGE('',*,*,#6364,.F.);
#6969 = ORIENTED_EDGE('',*,*,#4135,.F.);
#6970 = ORIENTED_EDGE('',*,*,#4845,.F.);
#6971 = ORIENTED_EDGE('',*,*,#6972,.F.);
#6972 = EDGE_CURVE('',#6365,#4838,#6973,.T.);
#6973 = LINE('',#6974,#6975);
#6974 = CARTESIAN_POINT('',(2.5,2.755,0.845));
#6975 = VECTOR('',#6976,1.);
#6976 = DIRECTION('',(3.755786496843E-15,0.866025403784,0.5));
#6977 = PLANE('',#6978);
#6978 = AXIS2_PLACEMENT_3D('',#6979,#6980,#6981);
#6979 = CARTESIAN_POINT('',(2.5,2.755,-0.355));
#6980 = DIRECTION('',(-1.,-5.605193857299E-45,6.982966722219E-15));
#6981 = DIRECTION('',(6.982966722219E-15,0.,1.));
#6982 = ADVANCED_FACE('',(#6983),#7001,.F.);
#6983 = FACE_BOUND('',#6984,.T.);
#6984 = EDGE_LOOP('',(#6985,#6991,#6992,#6998,#6999,#7000));
#6985 = ORIENTED_EDGE('',*,*,#6986,.T.);
#6986 = EDGE_CURVE('',#4830,#6662,#6987,.T.);
#6987 = LINE('',#6988,#6989);
#6988 = CARTESIAN_POINT('',(2.76,2.755,0.845));
#6989 = VECTOR('',#6990,1.);
#6990 = DIRECTION('',(-8.75811540203E-47,-0.866025403784,-0.5));
#6991 = ORIENTED_EDGE('',*,*,#6678,.T.);
#6992 = ORIENTED_EDGE('',*,*,#6993,.F.);
#6993 = EDGE_CURVE('',#6373,#6671,#6994,.T.);
#6994 = LINE('',#6995,#6996);
#6995 = CARTESIAN_POINT('',(3.,2.755,0.845));
#6996 = VECTOR('',#6997,1.);
#6997 = DIRECTION('',(-0.,0.866025403784,0.5));
#6998 = ORIENTED_EDGE('',*,*,#6372,.F.);
#6999 = ORIENTED_EDGE('',*,*,#6972,.T.);
#7000 = ORIENTED_EDGE('',*,*,#4837,.F.);
#7001 = PLANE('',#7002);
#7002 = AXIS2_PLACEMENT_3D('',#7003,#7004,#7005);
#7003 = CARTESIAN_POINT('',(2.5,2.755,0.845));
#7004 = DIRECTION('',(6.047426575223E-15,-0.5,0.866025403784));
#7005 = DIRECTION('',(0.,-0.866025403784,-0.5));
#7006 = ADVANCED_FACE('',(#7007),#7013,.F.);
#7007 = FACE_BOUND('',#7008,.T.);
#7008 = EDGE_LOOP('',(#7009,#7010,#7011,#7012));
#7009 = ORIENTED_EDGE('',*,*,#4829,.T.);
#7010 = ORIENTED_EDGE('',*,*,#4293,.T.);
#7011 = ORIENTED_EDGE('',*,*,#6661,.F.);
#7012 = ORIENTED_EDGE('',*,*,#6986,.F.);
#7013 = PLANE('',#7014);
#7014 = AXIS2_PLACEMENT_3D('',#7015,#7016,#7017);
#7015 = CARTESIAN_POINT('',(2.76,3.255,-1.055));
#7016 = DIRECTION('',(-1.,0.,-0.));
#7017 = DIRECTION('',(0.,0.,1.));
#7018 = ADVANCED_FACE('',(#7019),#7030,.F.);
#7019 = FACE_BOUND('',#7020,.T.);
#7020 = EDGE_LOOP('',(#7021,#7022,#7023,#7029));
#7021 = ORIENTED_EDGE('',*,*,#4407,.T.);
#7022 = ORIENTED_EDGE('',*,*,#5004,.F.);
#7023 = ORIENTED_EDGE('',*,*,#7024,.F.);
#7024 = EDGE_CURVE('',#6743,#4997,#7025,.T.);
#7025 = LINE('',#7026,#7027);
#7026 = CARTESIAN_POINT('',(2.29,0.47,2.395));
#7027 = VECTOR('',#7028,1.);
#7028 = DIRECTION('',(-0.669130606359,-0.743144825477,-0.));
#7029 = ORIENTED_EDGE('',*,*,#6742,.T.);
#7030 = PLANE('',#7031);
#7031 = AXIS2_PLACEMENT_3D('',#7032,#7033,#7034);
#7032 = CARTESIAN_POINT('',(2.29,0.47,2.395));
#7033 = DIRECTION('',(-0.743144825477,0.669130606359,0.));
#7034 = DIRECTION('',(-0.669130606359,-0.743144825477,0.));
#7035 = ADVANCED_FACE('',(#7036),#7049,.F.);
#7036 = FACE_BOUND('',#7037,.T.);
#7037 = EDGE_LOOP('',(#7038,#7039,#7040,#7041,#7042,#7048));
#7038 = ORIENTED_EDGE('',*,*,#6722,.F.);
#7039 = ORIENTED_EDGE('',*,*,#6750,.T.);
#7040 = ORIENTED_EDGE('',*,*,#7024,.T.);
#7041 = ORIENTED_EDGE('',*,*,#4996,.T.);
#7042 = ORIENTED_EDGE('',*,*,#7043,.T.);
#7043 = EDGE_CURVE('',#4989,#6444,#7044,.T.);
#7044 = LINE('',#7045,#7046);
#7045 = CARTESIAN_POINT('',(3.,3.255,2.395));
#7046 = VECTOR('',#7047,1.);
#7047 = DIRECTION('',(-5.605193857299E-45,1.,3.914088217711E-59));
#7048 = ORIENTED_EDGE('',*,*,#6443,.T.);
#7049 = PLANE('',#7050);
#7050 = AXIS2_PLACEMENT_3D('',#7051,#7052,#7053);
#7051 = CARTESIAN_POINT('',(2.5,0.905,2.395));
#7052 = DIRECTION('',(-6.982966722219E-15,3.491483361109E-15,-1.));
#7053 = DIRECTION('',(-1.,0.,6.982966722219E-15));
#7054 = ADVANCED_FACE('',(#7055),#7075,.F.);
#7055 = FACE_BOUND('',#7056,.T.);
#7056 = EDGE_LOOP('',(#7057,#7058,#7059,#7060,#7061,#7062,#7063,#7064,
    #7065,#7066,#7072,#7073,#7074));
#7057 = ORIENTED_EDGE('',*,*,#6993,.T.);
#7058 = ORIENTED_EDGE('',*,*,#6670,.T.);
#7059 = ORIENTED_EDGE('',*,*,#4439,.F.);
#7060 = ORIENTED_EDGE('',*,*,#6692,.T.);
#7061 = ORIENTED_EDGE('',*,*,#6496,.F.);
#7062 = ORIENTED_EDGE('',*,*,#6482,.F.);
#7063 = ORIENTED_EDGE('',*,*,#6451,.F.);
#7064 = ORIENTED_EDGE('',*,*,#7043,.F.);
#7065 = ORIENTED_EDGE('',*,*,#4988,.F.);
#7066 = ORIENTED_EDGE('',*,*,#7067,.T.);
#7067 = EDGE_CURVE('',#4981,#6528,#7068,.T.);
#7068 = LINE('',#7069,#7070);
#7069 = CARTESIAN_POINT('',(3.,3.255,-0.355));
#7070 = VECTOR('',#7071,1.);
#7071 = DIRECTION('',(2.480848139264E-29,1.,3.491483361109E-15));
#7072 = ORIENTED_EDGE('',*,*,#6544,.F.);
#7073 = ORIENTED_EDGE('',*,*,#6411,.F.);
#7074 = ORIENTED_EDGE('',*,*,#6380,.F.);
#7075 = PLANE('',#7076);
#7076 = AXIS2_PLACEMENT_3D('',#7077,#7078,#7079);
#7077 = CARTESIAN_POINT('',(3.,3.255,-0.355));
#7078 = DIRECTION('',(-1.,-5.605193857299E-45,6.982966722219E-15));
#7079 = DIRECTION('',(6.982966722219E-15,0.,1.));
#7080 = ADVANCED_FACE('',(#7081),#7094,.F.);
#7081 = FACE_BOUND('',#7082,.T.);
#7082 = EDGE_LOOP('',(#7083,#7084,#7090,#7091,#7092,#7093));
#7083 = ORIENTED_EDGE('',*,*,#4980,.T.);
#7084 = ORIENTED_EDGE('',*,*,#7085,.T.);
#7085 = EDGE_CURVE('',#4973,#6630,#7086,.T.);
#7086 = LINE('',#7087,#7088);
#7087 = CARTESIAN_POINT('',(1.8,2.755,-0.355));
#7088 = VECTOR('',#7089,1.);
#7089 = DIRECTION('',(2.486182800327E-29,1.,3.491483361109E-15));
#7090 = ORIENTED_EDGE('',*,*,#6629,.T.);
#7091 = ORIENTED_EDGE('',*,*,#6558,.F.);
#7092 = ORIENTED_EDGE('',*,*,#6527,.F.);
#7093 = ORIENTED_EDGE('',*,*,#7067,.F.);
#7094 = PLANE('',#7095);
#7095 = AXIS2_PLACEMENT_3D('',#7096,#7097,#7098);
#7096 = CARTESIAN_POINT('',(3.,3.255,-0.355));
#7097 = DIRECTION('',(7.105427357601E-15,-3.491483361109E-15,1.));
#7098 = DIRECTION('',(1.,0.,-7.105427357601E-15));
#7099 = ADVANCED_FACE('',(#7100),#7111,.T.);
#7100 = FACE_BOUND('',#7101,.T.);
#7101 = EDGE_LOOP('',(#7102,#7103,#7109,#7110));
#7102 = ORIENTED_EDGE('',*,*,#4972,.F.);
#7103 = ORIENTED_EDGE('',*,*,#7104,.F.);
#7104 = EDGE_CURVE('',#6638,#4965,#7105,.T.);
#7105 = LINE('',#7106,#7107);
#7106 = CARTESIAN_POINT('',(1.6,0.47,-0.155));
#7107 = VECTOR('',#7108,1.);
#7108 = DIRECTION('',(-2.486182800327E-29,-1.,-3.491483361109E-15));
#7109 = ORIENTED_EDGE('',*,*,#6637,.F.);
#7110 = ORIENTED_EDGE('',*,*,#7085,.F.);
#7111 = PLANE('',#7112);
#7112 = AXIS2_PLACEMENT_3D('',#7113,#7114,#7115);
#7113 = CARTESIAN_POINT('',(1.8,3.255,-0.355));
#7114 = DIRECTION('',(-0.707106781187,2.46885156104E-15,-0.707106781187)
  );
#7115 = DIRECTION('',(-2.484911851446E-29,-1.,-3.491483361109E-15));
#7116 = ADVANCED_FACE('',(#7117),#7132,.T.);
#7117 = FACE_BOUND('',#7118,.T.);
#7118 = EDGE_LOOP('',(#7119,#7120,#7121,#7122,#7128,#7129,#7130,#7131));
#7119 = ORIENTED_EDGE('',*,*,#6645,.F.);
#7120 = ORIENTED_EDGE('',*,*,#7104,.T.);
#7121 = ORIENTED_EDGE('',*,*,#4964,.F.);
#7122 = ORIENTED_EDGE('',*,*,#7123,.F.);
#7123 = EDGE_CURVE('',#6860,#4957,#7124,.T.);
#7124 = LINE('',#7125,#7126);
#7125 = CARTESIAN_POINT('',(1.6,2.755,0.195));
#7126 = VECTOR('',#7127,1.);
#7127 = DIRECTION('',(0.,-1.,1.186216818912E-17));
#7128 = ORIENTED_EDGE('',*,*,#6859,.F.);
#7129 = ORIENTED_EDGE('',*,*,#4726,.F.);
#7130 = ORIENTED_EDGE('',*,*,#6845,.F.);
#7131 = ORIENTED_EDGE('',*,*,#4151,.F.);
#7132 = PLANE('',#7133);
#7133 = AXIS2_PLACEMENT_3D('',#7134,#7135,#7136);
#7134 = CARTESIAN_POINT('',(1.6,-1.68362031548E-31,-1.48914887484E-14));
#7135 = DIRECTION('',(-1.,8.418101577402E-32,7.096596038087E-15));
#7136 = DIRECTION('',(7.096596038087E-15,0.,1.));
#7137 = ADVANCED_FACE('',(#7138),#7149,.F.);
#7138 = FACE_BOUND('',#7139,.T.);
#7139 = EDGE_LOOP('',(#7140,#7146,#7147,#7148));
#7140 = ORIENTED_EDGE('',*,*,#7141,.F.);
#7141 = EDGE_CURVE('',#6868,#4949,#7142,.T.);
#7142 = LINE('',#7143,#7144);
#7143 = CARTESIAN_POINT('',(1.4,2.755,0.195));
#7144 = VECTOR('',#7145,1.);
#7145 = DIRECTION('',(0.,-1.,1.186216818912E-17));
#7146 = ORIENTED_EDGE('',*,*,#6867,.T.);
#7147 = ORIENTED_EDGE('',*,*,#7123,.T.);
#7148 = ORIENTED_EDGE('',*,*,#4956,.F.);
#7149 = PLANE('',#7150);
#7150 = AXIS2_PLACEMENT_3D('',#7151,#7152,#7153);
#7151 = CARTESIAN_POINT('',(-4.,3.255,0.195));
#7152 = DIRECTION('',(6.982966722219E-15,0.,1.));
#7153 = DIRECTION('',(1.,0.,-6.982966722219E-15));
#7154 = ADVANCED_FACE('',(#7155),#7170,.F.);
#7155 = FACE_BOUND('',#7156,.T.);
#7156 = EDGE_LOOP('',(#7157,#7158,#7164,#7165,#7166,#7167,#7168,#7169));
#7157 = ORIENTED_EDGE('',*,*,#4948,.T.);
#7158 = ORIENTED_EDGE('',*,*,#7159,.T.);
#7159 = EDGE_CURVE('',#4941,#6608,#7160,.T.);
#7160 = LINE('',#7161,#7162);
#7161 = CARTESIAN_POINT('',(1.4,5.41179920972E-16,-0.155));
#7162 = VECTOR('',#7163,1.);
#7163 = DIRECTION('',(2.486182800327E-29,1.,3.491483361109E-15));
#7164 = ORIENTED_EDGE('',*,*,#6607,.T.);
#7165 = ORIENTED_EDGE('',*,*,#4167,.T.);
#7166 = ORIENTED_EDGE('',*,*,#6838,.T.);
#7167 = ORIENTED_EDGE('',*,*,#4744,.T.);
#7168 = ORIENTED_EDGE('',*,*,#6875,.T.);
#7169 = ORIENTED_EDGE('',*,*,#7141,.T.);
#7170 = PLANE('',#7171);
#7171 = AXIS2_PLACEMENT_3D('',#7172,#7173,#7174);
#7172 = CARTESIAN_POINT('',(1.4,-1.68362031548E-31,-1.349489540395E-14)
  );
#7173 = DIRECTION('',(-1.,8.418101577402E-32,7.096596038087E-15));
#7174 = DIRECTION('',(7.096596038087E-15,0.,1.));
#7175 = ADVANCED_FACE('',(#7176),#7187,.F.);
#7176 = FACE_BOUND('',#7177,.T.);
#7177 = EDGE_LOOP('',(#7178,#7179,#7185,#7186));
#7178 = ORIENTED_EDGE('',*,*,#4940,.F.);
#7179 = ORIENTED_EDGE('',*,*,#7180,.F.);
#7180 = EDGE_CURVE('',#6585,#4933,#7181,.T.);
#7181 = LINE('',#7182,#7183);
#7182 = CARTESIAN_POINT('',(1.2,3.255,-0.355));
#7183 = VECTOR('',#7184,1.);
#7184 = DIRECTION('',(-2.486182800327E-29,-1.,-3.491483361109E-15));
#7185 = ORIENTED_EDGE('',*,*,#6615,.F.);
#7186 = ORIENTED_EDGE('',*,*,#7159,.F.);
#7187 = PLANE('',#7188);
#7188 = AXIS2_PLACEMENT_3D('',#7189,#7190,#7191);
#7189 = CARTESIAN_POINT('',(1.4,5.41179920972E-16,-0.155));
#7190 = DIRECTION('',(-0.707106781187,-2.46885156104E-15,0.707106781187)
  );
#7191 = DIRECTION('',(2.544076419338E-29,1.,3.491483361109E-15));
#7192 = ADVANCED_FACE('',(#7193),#7204,.F.);
#7193 = FACE_BOUND('',#7194,.T.);
#7194 = EDGE_LOOP('',(#7195,#7196,#7202,#7203));
#7195 = ORIENTED_EDGE('',*,*,#4932,.T.);
#7196 = ORIENTED_EDGE('',*,*,#7197,.T.);
#7197 = EDGE_CURVE('',#4925,#6583,#7198,.T.);
#7198 = LINE('',#7199,#7200);
#7199 = CARTESIAN_POINT('',(0.8,2.755,-0.355));
#7200 = VECTOR('',#7201,1.);
#7201 = DIRECTION('',(2.486182800327E-29,1.,3.491483361109E-15));
#7202 = ORIENTED_EDGE('',*,*,#6582,.T.);
#7203 = ORIENTED_EDGE('',*,*,#7180,.T.);
#7204 = PLANE('',#7205);
#7205 = AXIS2_PLACEMENT_3D('',#7206,#7207,#7208);
#7206 = CARTESIAN_POINT('',(3.,3.255,-0.355));
#7207 = DIRECTION('',(7.105427357601E-15,-3.491483361109E-15,1.));
#7208 = DIRECTION('',(1.,0.,-7.105427357601E-15));
#7209 = ADVANCED_FACE('',(#7210),#7221,.T.);
#7210 = FACE_BOUND('',#7211,.T.);
#7211 = EDGE_LOOP('',(#7212,#7213,#7219,#7220));
#7212 = ORIENTED_EDGE('',*,*,#4924,.F.);
#7213 = ORIENTED_EDGE('',*,*,#7214,.F.);
#7214 = EDGE_CURVE('',#6593,#4917,#7215,.T.);
#7215 = LINE('',#7216,#7217);
#7216 = CARTESIAN_POINT('',(0.6,0.47,-0.155));
#7217 = VECTOR('',#7218,1.);
#7218 = DIRECTION('',(-2.486182800327E-29,-1.,-3.491483361109E-15));
#7219 = ORIENTED_EDGE('',*,*,#6592,.F.);
#7220 = ORIENTED_EDGE('',*,*,#7197,.F.);
#7221 = PLANE('',#7222);
#7222 = AXIS2_PLACEMENT_3D('',#7223,#7224,#7225);
#7223 = CARTESIAN_POINT('',(0.8,3.255,-0.355));
#7224 = DIRECTION('',(-0.707106781187,2.46885156104E-15,-0.707106781187)
  );
#7225 = DIRECTION('',(-2.484911851446E-29,-1.,-3.491483361109E-15));
#7226 = ADVANCED_FACE('',(#7227),#7242,.T.);
#7227 = FACE_BOUND('',#7228,.T.);
#7228 = EDGE_LOOP('',(#7229,#7230,#7231,#7232,#7238,#7239,#7240,#7241));
#7229 = ORIENTED_EDGE('',*,*,#6600,.F.);
#7230 = ORIENTED_EDGE('',*,*,#7214,.T.);
#7231 = ORIENTED_EDGE('',*,*,#4916,.F.);
#7232 = ORIENTED_EDGE('',*,*,#7233,.F.);
#7233 = EDGE_CURVE('',#6913,#4909,#7234,.T.);
#7234 = LINE('',#7235,#7236);
#7235 = CARTESIAN_POINT('',(0.6,2.755,0.195));
#7236 = VECTOR('',#7237,1.);
#7237 = DIRECTION('',(0.,-1.,1.186216818912E-17));
#7238 = ORIENTED_EDGE('',*,*,#6912,.F.);
#7239 = ORIENTED_EDGE('',*,*,#4692,.F.);
#7240 = ORIENTED_EDGE('',*,*,#6898,.F.);
#7241 = ORIENTED_EDGE('',*,*,#4183,.F.);
#7242 = PLANE('',#7243);
#7243 = AXIS2_PLACEMENT_3D('',#7244,#7245,#7246);
#7244 = CARTESIAN_POINT('',(0.6,-1.68362031548E-31,-1.48914887484E-14));
#7245 = DIRECTION('',(-1.,8.418101577402E-32,7.096596038087E-15));
#7246 = DIRECTION('',(7.096596038087E-15,0.,1.));
#7247 = ADVANCED_FACE('',(#7248),#7259,.F.);
#7248 = FACE_BOUND('',#7249,.T.);
#7249 = EDGE_LOOP('',(#7250,#7256,#7257,#7258));
#7250 = ORIENTED_EDGE('',*,*,#7251,.F.);
#7251 = EDGE_CURVE('',#6921,#4901,#7252,.T.);
#7252 = LINE('',#7253,#7254);
#7253 = CARTESIAN_POINT('',(0.4,2.755,0.195));
#7254 = VECTOR('',#7255,1.);
#7255 = DIRECTION('',(0.,-1.,1.186216818912E-17));
#7256 = ORIENTED_EDGE('',*,*,#6920,.T.);
#7257 = ORIENTED_EDGE('',*,*,#7233,.T.);
#7258 = ORIENTED_EDGE('',*,*,#4908,.F.);
#7259 = PLANE('',#7260);
#7260 = AXIS2_PLACEMENT_3D('',#7261,#7262,#7263);
#7261 = CARTESIAN_POINT('',(-4.,3.255,0.195));
#7262 = DIRECTION('',(6.982966722219E-15,0.,1.));
#7263 = DIRECTION('',(1.,0.,-6.982966722219E-15));
#7264 = ADVANCED_FACE('',(#7265),#7280,.F.);
#7265 = FACE_BOUND('',#7266,.T.);
#7266 = EDGE_LOOP('',(#7267,#7268,#7274,#7275,#7276,#7277,#7278,#7279));
#7267 = ORIENTED_EDGE('',*,*,#4900,.T.);
#7268 = ORIENTED_EDGE('',*,*,#7269,.T.);
#7269 = EDGE_CURVE('',#4893,#5352,#7270,.T.);
#7270 = LINE('',#7271,#7272);
#7271 = CARTESIAN_POINT('',(0.4,5.41179920972E-16,-0.155));
#7272 = VECTOR('',#7273,1.);
#7273 = DIRECTION('',(2.486182800327E-29,1.,3.491483361109E-15));
#7274 = ORIENTED_EDGE('',*,*,#5351,.T.);
#7275 = ORIENTED_EDGE('',*,*,#4199,.T.);
#7276 = ORIENTED_EDGE('',*,*,#6891,.T.);
#7277 = ORIENTED_EDGE('',*,*,#4710,.T.);
#7278 = ORIENTED_EDGE('',*,*,#6928,.T.);
#7279 = ORIENTED_EDGE('',*,*,#7251,.T.);
#7280 = PLANE('',#7281);
#7281 = AXIS2_PLACEMENT_3D('',#7282,#7283,#7284);
#7282 = CARTESIAN_POINT('',(0.4,-1.68362031548E-31,-1.349489540395E-14)
  );
#7283 = DIRECTION('',(-1.,8.418101577402E-32,7.096596038087E-15));
#7284 = DIRECTION('',(7.096596038087E-15,0.,1.));
#7285 = ADVANCED_FACE('',(#7286),#7292,.F.);
#7286 = FACE_BOUND('',#7287,.T.);
#7287 = EDGE_LOOP('',(#7288,#7289,#7290,#7291));
#7288 = ORIENTED_EDGE('',*,*,#4892,.F.);
#7289 = ORIENTED_EDGE('',*,*,#5298,.F.);
#7290 = ORIENTED_EDGE('',*,*,#5359,.F.);
#7291 = ORIENTED_EDGE('',*,*,#7269,.F.);
#7292 = PLANE('',#7293);
#7293 = AXIS2_PLACEMENT_3D('',#7294,#7295,#7296);
#7294 = CARTESIAN_POINT('',(0.4,5.41179920972E-16,-0.155));
#7295 = DIRECTION('',(-0.707106781187,-2.46885156104E-15,0.707106781187)
  );
#7296 = DIRECTION('',(2.524354896707E-29,1.,3.491483361109E-15));
#7297 = ADVANCED_FACE('',(#7298),#7304,.F.);
#7298 = FACE_BOUND('',#7299,.T.);
#7299 = EDGE_LOOP('',(#7300,#7301,#7302,#7303));
#7300 = ORIENTED_EDGE('',*,*,#4569,.F.);
#7301 = ORIENTED_EDGE('',*,*,#5161,.F.);
#7302 = ORIENTED_EDGE('',*,*,#5011,.T.);
#7303 = ORIENTED_EDGE('',*,*,#4391,.T.);
#7304 = PLANE('',#7305);
#7305 = AXIS2_PLACEMENT_3D('',#7306,#7307,#7308);
#7306 = CARTESIAN_POINT('',(2.2,0.355,-1.055));
#7307 = DIRECTION('',(-1.,0.,0.));
#7308 = DIRECTION('',(0.,0.,1.));
#7309 = ADVANCED_FACE('',(#7310),#7316,.F.);
#7310 = FACE_BOUND('',#7311,.T.);
#7311 = EDGE_LOOP('',(#7312,#7313,#7314,#7315));
#7312 = ORIENTED_EDGE('',*,*,#6773,.F.);
#7313 = ORIENTED_EDGE('',*,*,#6944,.F.);
#7314 = ORIENTED_EDGE('',*,*,#5183,.F.);
#7315 = ORIENTED_EDGE('',*,*,#4497,.F.);
#7316 = PLANE('',#7317);
#7317 = AXIS2_PLACEMENT_3D('',#7318,#7319,#7320);
#7318 = CARTESIAN_POINT('',(2.340041507642,3.255,3.895));
#7319 = DIRECTION('',(0.819152044289,2.340966460421E-15,-0.573576436351)
  );
#7320 = DIRECTION('',(4.130293990421E-16,-1.,-3.491483361109E-15));
#7321 = ADVANCED_FACE('',(#7322),#7328,.F.);
#7322 = FACE_BOUND('',#7323,.T.);
#7323 = EDGE_LOOP('',(#7324,#7325,#7326,#7327));
#7324 = ORIENTED_EDGE('',*,*,#6813,.F.);
#7325 = ORIENTED_EDGE('',*,*,#4465,.F.);
#7326 = ORIENTED_EDGE('',*,*,#5205,.F.);
#7327 = ORIENTED_EDGE('',*,*,#6953,.F.);
#7328 = PLANE('',#7329);
#7329 = AXIS2_PLACEMENT_3D('',#7330,#7331,#7332);
#7330 = CARTESIAN_POINT('',(2.340041507642,3.255,3.895));
#7331 = DIRECTION('',(0.819152044289,2.340966460421E-15,-0.573576436351)
  );
#7332 = DIRECTION('',(4.130293990421E-16,-1.,-3.491483361109E-15));
#7333 = ( GEOMETRIC_REPRESENTATION_CONTEXT(3) 
GLOBAL_UNCERTAINTY_ASSIGNED_CONTEXT((#7337)) 
GLOBAL_UNIT_ASSIGNED_CONTEXT((#7334,#7335,#7336)) REPRESENTATION_CONTEXT
('Context #1','3D Context with UNIT and UNCERTAINTY') );
#7334 = ( LENGTH_UNIT() NAMED_UNIT(*) SI_UNIT(.MILLI.,.METRE.) );
#7335 = ( NAMED_UNIT(*) PLANE_ANGLE_UNIT() SI_UNIT($,.RADIAN.) );
#7336 = ( NAMED_UNIT(*) SI_UNIT($,.STERADIAN.) SOLID_ANGLE_UNIT() );
#7337 = UNCERTAINTY_MEASURE_WITH_UNIT(LENGTH_MEASURE(1.E-07),#7334,
  'distance_accuracy_value','confusion accuracy');
#7338 = CONTEXT_DEPENDENT_SHAPE_REPRESENTATION(#7339,#7341);
#7339 = ( REPRESENTATION_RELATIONSHIP('','',#36,#10) 
REPRESENTATION_RELATIONSHIP_WITH_TRANSFORMATION(#7340) 
SHAPE_REPRESENTATION_RELATIONSHIP() );
#7340 = ITEM_DEFINED_TRANSFORMATION('','',#11,#15);
#7341 = PRODUCT_DEFINITION_SHAPE('Placement','Placement of an item',
  #7342);
#7342 = NEXT_ASSEMBLY_USAGE_OCCURRENCE('1','J2','',#5,#31,$);
#7343 = PRODUCT_RELATED_PRODUCT_CATEGORY('part',$,(#33));
#7344 = SHAPE_DEFINITION_REPRESENTATION(#7345,#7351);
#7345 = PRODUCT_DEFINITION_SHAPE('','',#7346);
#7346 = PRODUCT_DEFINITION('design','',#7347,#7350);
#7347 = PRODUCT_DEFINITION_FORMATION('','',#7348);
#7348 = PRODUCT('12u Alpha_PCB','12u Alpha_PCB','',(#7349));
#7349 = PRODUCT_CONTEXT('',#2,'mechanical');
#7350 = PRODUCT_DEFINITION_CONTEXT('part definition',#2,'design');
#7351 = ADVANCED_BREP_SHAPE_REPRESENTATION('',(#11,#7352),#21450);
#7352 = MANIFOLD_SOLID_BREP('',#7353);
#7353 = CLOSED_SHELL('',(#7354,#7396,#7427,#7458,#11286,#15114,#15131,
    #15148,#15165,#15182,#15199,#15216,#15233,#15250,#15267,#15284,
    #15301,#15318,#15335,#15352,#15369,#15386,#15403,#15420,#15437,
    #15454,#15471,#15488,#15505,#15522,#15539,#15556,#15573,#15590,
    #15607,#15624,#15641,#15658,#15675,#15692,#15709,#15726,#15743,
    #15760,#15777,#15794,#15811,#15828,#15845,#15862,#15879,#15896,
    #15913,#15930,#15947,#15964,#15981,#15998,#16015,#16032,#16049,
    #16066,#16083,#16100,#16117,#16134,#16151,#16168,#16185,#16202,
    #16219,#16236,#16253,#16270,#16287,#16304,#16321,#16338,#16355,
    #16372,#16389,#16406,#16423,#16440,#16457,#16474,#16491,#16508,
    #16525,#16542,#16554,#16571,#16588,#16605,#16622,#16644,#16661,
    #16678,#16695,#16712,#16729,#16746,#16763,#16780,#16792,#16809,
    #16826,#16848,#16865,#16882,#16894,#16911,#16928,#16945,#16962,
    #16979,#16996,#17018,#17035,#17052,#17064,#17086,#17103,#17120,
    #17132,#17149,#17166,#17183,#17200,#17217,#17234,#17251,#17268,
    #17285,#17302,#17319,#17336,#17353,#17370,#17387,#17404,#17421,
    #17438,#17455,#17472,#17489,#17506,#17523,#17540,#17557,#17574,
    #17591,#17608,#17625,#17642,#17659,#17676,#17693,#17710,#17727,
    #17744,#17761,#17778,#17795,#17812,#17829,#17846,#17863,#17880,
    #17897,#17914,#17931,#17948,#17965,#17982,#17999,#18016,#18033,
    #18050,#18067,#18084,#18101,#18118,#18135,#18152,#18169,#18186,
    #18203,#18225,#18242,#18259,#18271,#18293,#18310,#18327,#18339,
    #18356,#18373,#18390,#18407,#18424,#18446,#18463,#18480,#18492,
    #18509,#18526,#18548,#18565,#18582,#18599,#18616,#18633,#18650,
    #18667,#18684,#18696,#18713,#18730,#18747,#18764,#18781,#18798,
    #18815,#18832,#18849,#18866,#18883,#18900,#18917,#18934,#18951,
    #18968,#18985,#19002,#19019,#19036,#19053,#19070,#19087,#19104,
    #19121,#19138,#19155,#19172,#19189,#19206,#19223,#19240,#19257,
    #19274,#19291,#19308,#19325,#19342,#19359,#19376,#19393,#19410,
    #19427,#19444,#19461,#19478,#19495,#19512,#19529,#19546,#19563,
    #19580,#19597,#19614,#19631,#19648,#19665,#19682,#19699,#19716,
    #19733,#19750,#19767,#19784,#19801,#19818,#19835,#19852,#19869,
    #19886,#19903,#19920,#19937,#19954,#19971,#19988,#20005,#20022,
    #20039,#20056,#20073,#20090,#20107,#20124,#20141,#20158,#20175,
    #20192,#20209,#20226,#20243,#20260,#20277,#20294,#20311,#20328,
    #20345,#20362,#20379,#20396,#20413,#20430,#20447,#20464,#20481,
    #20498,#20515,#20532,#20549,#20566,#20583,#20600,#20617,#20634,
    #20651,#20668,#20685,#20702,#20719,#20736,#20753,#20770,#20787,
    #20804,#20821,#20838,#20855,#20872,#20889,#20906,#20923,#20940,
    #20957,#20974,#20991,#21008,#21025,#21042,#21059,#21076,#21093,
    #21110,#21127,#21144,#21161,#21178,#21195,#21212,#21229,#21246,
    #21263,#21280,#21297,#21314,#21331,#21348,#21365,#21382,#21399,
    #21416,#21433));
#7354 = ADVANCED_FACE('',(#7355),#7391,.T.);
#7355 = FACE_BOUND('',#7356,.T.);
#7356 = EDGE_LOOP('',(#7357,#7367,#7376,#7384));
#7357 = ORIENTED_EDGE('',*,*,#7358,.T.);
#7358 = EDGE_CURVE('',#7359,#7361,#7363,.T.);
#7359 = VERTEX_POINT('',#7360);
#7360 = CARTESIAN_POINT('',(232.100002,-13.809324,0.));
#7361 = VERTEX_POINT('',#7362);
#7362 = CARTESIAN_POINT('',(232.100002,-13.809324,1.51));
#7363 = LINE('',#7364,#7365);
#7364 = CARTESIAN_POINT('',(232.100002,-13.809324,0.));
#7365 = VECTOR('',#7366,1.);
#7366 = DIRECTION('',(0.,0.,1.));
#7367 = ORIENTED_EDGE('',*,*,#7368,.T.);
#7368 = EDGE_CURVE('',#7361,#7369,#7371,.T.);
#7369 = VERTEX_POINT('',#7370);
#7370 = CARTESIAN_POINT('',(233.7838,-17.874372,1.51));
#7371 = CIRCLE('',#7372,2.381249450133);
#7372 = AXIS2_PLACEMENT_3D('',#7373,#7374,#7375);
#7373 = CARTESIAN_POINT('',(233.7837987179,-15.49312254986,1.51));
#7374 = DIRECTION('',(0.,0.,-1.));
#7375 = DIRECTION('',(-0.707106396522,0.707107165851,-0.));
#7376 = ORIENTED_EDGE('',*,*,#7377,.F.);
#7377 = EDGE_CURVE('',#7378,#7369,#7380,.T.);
#7378 = VERTEX_POINT('',#7379);
#7379 = CARTESIAN_POINT('',(233.7838,-17.874372,0.));
#7380 = LINE('',#7381,#7382);
#7381 = CARTESIAN_POINT('',(233.7838,-17.874372,0.));
#7382 = VECTOR('',#7383,1.);
#7383 = DIRECTION('',(0.,0.,1.));
#7384 = ORIENTED_EDGE('',*,*,#7385,.F.);
#7385 = EDGE_CURVE('',#7359,#7378,#7386,.T.);
#7386 = CIRCLE('',#7387,2.381249450133);
#7387 = AXIS2_PLACEMENT_3D('',#7388,#7389,#7390);
#7388 = CARTESIAN_POINT('',(233.7837987179,-15.49312254986,0.));
#7389 = DIRECTION('',(0.,0.,-1.));
#7390 = DIRECTION('',(-0.707106396522,0.707107165851,-0.));
#7391 = CYLINDRICAL_SURFACE('',#7392,2.381249450133);
#7392 = AXIS2_PLACEMENT_3D('',#7393,#7394,#7395);
#7393 = CARTESIAN_POINT('',(233.7837987179,-15.49312254986,0.));
#7394 = DIRECTION('',(0.,0.,-1.));
#7395 = DIRECTION('',(-0.707106396522,0.707107165851,-0.));
#7396 = ADVANCED_FACE('',(#7397),#7422,.T.);
#7397 = FACE_BOUND('',#7398,.T.);
#7398 = EDGE_LOOP('',(#7399,#7409,#7415,#7416));
#7399 = ORIENTED_EDGE('',*,*,#7400,.T.);
#7400 = EDGE_CURVE('',#7401,#7403,#7405,.T.);
#7401 = VERTEX_POINT('',#7402);
#7402 = CARTESIAN_POINT('',(231.273425,-14.635899,0.));
#7403 = VERTEX_POINT('',#7404);
#7404 = CARTESIAN_POINT('',(231.273425,-14.635899,1.51));
#7405 = LINE('',#7406,#7407);
#7406 = CARTESIAN_POINT('',(231.273425,-14.635899,0.));
#7407 = VECTOR('',#7408,1.);
#7408 = DIRECTION('',(0.,0.,1.));
#7409 = ORIENTED_EDGE('',*,*,#7410,.T.);
#7410 = EDGE_CURVE('',#7403,#7361,#7411,.T.);
#7411 = LINE('',#7412,#7413);
#7412 = CARTESIAN_POINT('',(231.273425,-14.635899,1.51));
#7413 = VECTOR('',#7414,1.);
#7414 = DIRECTION('',(0.707107636651,0.707105925721,0.));
#7415 = ORIENTED_EDGE('',*,*,#7358,.F.);
#7416 = ORIENTED_EDGE('',*,*,#7417,.F.);
#7417 = EDGE_CURVE('',#7401,#7359,#7418,.T.);
#7418 = LINE('',#7419,#7420);
#7419 = CARTESIAN_POINT('',(231.273425,-14.635899,0.));
#7420 = VECTOR('',#7421,1.);
#7421 = DIRECTION('',(0.707107636651,0.707105925721,0.));
#7422 = PLANE('',#7423);
#7423 = AXIS2_PLACEMENT_3D('',#7424,#7425,#7426);
#7424 = CARTESIAN_POINT('',(231.273425,-14.635899,0.));
#7425 = DIRECTION('',(-0.707105925721,0.707107636651,0.));
#7426 = DIRECTION('',(0.707107636651,0.707105925721,0.));
#7427 = ADVANCED_FACE('',(#7428),#7453,.T.);
#7428 = FACE_BOUND('',#7429,.T.);
#7429 = EDGE_LOOP('',(#7430,#7431,#7439,#7447));
#7430 = ORIENTED_EDGE('',*,*,#7377,.T.);
#7431 = ORIENTED_EDGE('',*,*,#7432,.T.);
#7432 = EDGE_CURVE('',#7369,#7433,#7435,.T.);
#7433 = VERTEX_POINT('',#7434);
#7434 = CARTESIAN_POINT('',(213.94,-17.874378,1.51));
#7435 = LINE('',#7436,#7437);
#7436 = CARTESIAN_POINT('',(233.7838,-17.874372,1.51));
#7437 = VECTOR('',#7438,1.);
#7438 = DIRECTION('',(-1.,-3.023614428215E-07,0.));
#7439 = ORIENTED_EDGE('',*,*,#7440,.F.);
#7440 = EDGE_CURVE('',#7441,#7433,#7443,.T.);
#7441 = VERTEX_POINT('',#7442);
#7442 = CARTESIAN_POINT('',(213.94,-17.874378,0.));
#7443 = LINE('',#7444,#7445);
#7444 = CARTESIAN_POINT('',(213.94,-17.874378,0.));
#7445 = VECTOR('',#7446,1.);
#7446 = DIRECTION('',(0.,0.,1.));
#7447 = ORIENTED_EDGE('',*,*,#7448,.F.);
#7448 = EDGE_CURVE('',#7378,#7441,#7449,.T.);
#7449 = LINE('',#7450,#7451);
#7450 = CARTESIAN_POINT('',(233.7838,-17.874372,0.));
#7451 = VECTOR('',#7452,1.);
#7452 = DIRECTION('',(-1.,-3.023614428215E-07,0.));
#7453 = PLANE('',#7454);
#7454 = AXIS2_PLACEMENT_3D('',#7455,#7456,#7457);
#7455 = CARTESIAN_POINT('',(233.7838,-17.874372,0.));
#7456 = DIRECTION('',(3.023614428215E-07,-1.,0.));
#7457 = DIRECTION('',(-1.,-3.023614428215E-07,0.));
#7458 = ADVANCED_FACE('',(#7459,#8185,#8196,#8207,#8218,#8229,#8321,
    #8332,#8343,#8381,#8392,#8403,#8414,#8425,#8436,#8447,#8485,#8523,
    #8534,#8545,#8556,#8567,#8578,#8589,#8600,#8611,#8622,#8633,#8644,
    #8655,#8666,#8677,#8688,#8699,#8710,#8721,#8732,#8743,#8754,#8765,
    #8776,#8787,#8798,#8809,#8820,#8831,#8842,#8853,#8864,#8875,#8886,
    #8897,#8908,#8919,#8930,#8941,#8952,#8963,#8974,#8985,#8996,#9007,
    #9018,#9029,#9040,#9051,#9062,#9073,#9084,#9095,#9106,#9117,#9128,
    #9139,#9150,#9161,#9172,#9183,#9194,#9205,#9216,#9254,#9292,#9303,
    #9314,#9325,#9336,#9347,#9385,#9396,#9407,#9499,#9510,#9521,#9532,
    #9543,#9554,#9565,#9576,#9587,#9598,#9609,#9620,#9631,#9642,#9653,
    #9664,#9675,#9686,#9697,#9708,#9719,#9730,#9741,#9752,#9763,#9774,
    #9785,#9796,#9807,#9818,#9829,#9840,#9851,#9862,#9873,#9884,#9895,
    #9906,#9917,#9928,#9939,#9950,#9961,#9972,#9983,#9994,#10005,#10016,
    #10027,#10038,#10049,#10060,#10071,#10082,#10093,#10104,#10115,
    #10126,#10137,#10148,#10159,#10170,#10181,#10192,#10203,#10214,
    #10225,#10236,#10247,#10258,#10269,#10280,#10291,#10302,#10313,
    #10324,#10335,#10346,#10357,#10368,#10379,#10390,#10401,#10412,
    #10423,#10434,#10445,#10456,#10467,#10478,#10489,#10500,#10511,
    #10522,#10533,#10544,#10555,#10566,#10577,#10588,#10599,#10610,
    #10621,#10632,#10643,#10654,#10665,#10676,#10687,#10698,#10709,
    #10720,#10731,#10742,#10753,#10764,#10775,#10786,#10797,#10808,
    #10819,#10830,#10841,#10852,#10863,#10874,#10885,#10896,#10907,
    #10918,#10929,#10940,#10951,#10962,#10973,#10984,#10995,#11006,
    #11017,#11028,#11039,#11050,#11061,#11072,#11083,#11094,#11105,
    #11116,#11127,#11138,#11149,#11160,#11171,#11182,#11193,#11204,
    #11215,#11226,#11237,#11248,#11259,#11270),#11281,.F.);
#7459 = FACE_BOUND('',#7460,.F.);
#7460 = EDGE_LOOP('',(#7461,#7462,#7463,#7472,#7480,#7489,#7497,#7506,
    #7514,#7523,#7531,#7540,#7548,#7557,#7565,#7574,#7582,#7591,#7599,
    #7608,#7616,#7625,#7633,#7642,#7650,#7659,#7667,#7676,#7684,#7693,
    #7701,#7710,#7718,#7727,#7735,#7744,#7752,#7761,#7769,#7778,#7786,
    #7795,#7803,#7812,#7820,#7829,#7837,#7846,#7854,#7863,#7871,#7880,
    #7888,#7897,#7905,#7914,#7922,#7931,#7939,#7948,#7956,#7965,#7973,
    #7982,#7990,#7999,#8007,#8016,#8024,#8033,#8041,#8050,#8058,#8067,
    #8075,#8084,#8092,#8101,#8109,#8118,#8126,#8135,#8143,#8152,#8160,
    #8169,#8177,#8184));
#7461 = ORIENTED_EDGE('',*,*,#7385,.F.);
#7462 = ORIENTED_EDGE('',*,*,#7417,.F.);
#7463 = ORIENTED_EDGE('',*,*,#7464,.F.);
#7464 = EDGE_CURVE('',#7465,#7401,#7467,.T.);
#7465 = VERTEX_POINT('',#7466);
#7466 = CARTESIAN_POINT('',(229.81504,-15.22126,0.));
#7467 = CIRCLE('',#7468,2.109380271612);
#7468 = AXIS2_PLACEMENT_3D('',#7469,#7470,#7471);
#7469 = CARTESIAN_POINT('',(229.81505248581,-13.11187972842,0.));
#7470 = DIRECTION('',(0.,0.,1.));
#7471 = DIRECTION('',(-5.919185910079E-06,-0.999999999982,0.));
#7472 = ORIENTED_EDGE('',*,*,#7473,.F.);
#7473 = EDGE_CURVE('',#7474,#7465,#7476,.T.);
#7474 = VERTEX_POINT('',#7475);
#7475 = CARTESIAN_POINT('',(212.777045,-15.22126,0.));
#7476 = LINE('',#7477,#7478);
#7477 = CARTESIAN_POINT('',(212.777045,-15.22126,0.));
#7478 = VECTOR('',#7479,1.);
#7479 = DIRECTION('',(1.,0.,0.));
#7480 = ORIENTED_EDGE('',*,*,#7481,.F.);
#7481 = EDGE_CURVE('',#7482,#7474,#7484,.T.);
#7482 = VERTEX_POINT('',#7483);
#7483 = CARTESIAN_POINT('',(210.952944,-15.976835,0.));
#7484 = CIRCLE('',#7485,2.579706748972);
#7485 = AXIS2_PLACEMENT_3D('',#7486,#7487,#7488);
#7486 = CARTESIAN_POINT('',(212.77706852247,-17.80096674886,0.));
#7487 = DIRECTION('',(0.,0.,-1.));
#7488 = DIRECTION('',(-0.707105380562,0.707108181809,0.));
#7489 = ORIENTED_EDGE('',*,*,#7490,.F.);
#7490 = EDGE_CURVE('',#7491,#7482,#7493,.T.);
#7491 = VERTEX_POINT('',#7492);
#7492 = CARTESIAN_POINT('',(208.620351,-18.309428,0.));
#7493 = LINE('',#7494,#7495);
#7494 = CARTESIAN_POINT('',(208.620351,-18.309428,0.));
#7495 = VECTOR('',#7496,1.);
#7496 = DIRECTION('',(0.707106781187,0.707106781187,0.));
#7497 = ORIENTED_EDGE('',*,*,#7498,.F.);
#7498 = EDGE_CURVE('',#7499,#7491,#7501,.T.);
#7499 = VERTEX_POINT('',#7500);
#7500 = CARTESIAN_POINT('',(206.79625,-19.064988,0.));
#7501 = CIRCLE('',#7502,2.579608221739);
#7502 = AXIS2_PLACEMENT_3D('',#7503,#7504,#7505);
#7503 = CARTESIAN_POINT('',(206.7962822888,-16.48537977846,0.));
#7504 = DIRECTION('',(0.,0.,1.));
#7505 = DIRECTION('',(-1.251694025921E-05,-0.999999999922,0.));
#7506 = ORIENTED_EDGE('',*,*,#7507,.F.);
#7507 = EDGE_CURVE('',#7508,#7499,#7510,.T.);
#7508 = VERTEX_POINT('',#7509);
#7509 = CARTESIAN_POINT('',(156.79,-19.065,0.));
#7510 = LINE('',#7511,#7512);
#7511 = CARTESIAN_POINT('',(156.79,-19.065,0.));
#7512 = VECTOR('',#7513,1.);
#7513 = DIRECTION('',(1.,2.399700037831E-07,0.));
#7514 = ORIENTED_EDGE('',*,*,#7515,.F.);
#7515 = EDGE_CURVE('',#7516,#7508,#7518,.T.);
#7516 = VERTEX_POINT('',#7517);
#7517 = CARTESIAN_POINT('',(156.79,-17.874378,0.));
#7518 = CIRCLE('',#7519,0.595311);
#7519 = AXIS2_PLACEMENT_3D('',#7520,#7521,#7522);
#7520 = CARTESIAN_POINT('',(156.79,-18.469689,0.));
#7521 = DIRECTION('',(0.,0.,1.));
#7522 = DIRECTION('',(-4.774262432645E-14,1.,0.));
#7523 = ORIENTED_EDGE('',*,*,#7524,.F.);
#7524 = EDGE_CURVE('',#7525,#7516,#7527,.T.);
#7525 = VERTEX_POINT('',#7526);
#7526 = CARTESIAN_POINT('',(176.6338,-17.874372,0.));
#7527 = LINE('',#7528,#7529);
#7528 = CARTESIAN_POINT('',(176.6338,-17.874372,0.));
#7529 = VECTOR('',#7530,1.);
#7530 = DIRECTION('',(-1.,-3.023614428215E-07,0.));
#7531 = ORIENTED_EDGE('',*,*,#7532,.F.);
#7532 = EDGE_CURVE('',#7533,#7525,#7535,.T.);
#7533 = VERTEX_POINT('',#7534);
#7534 = CARTESIAN_POINT('',(174.950002,-13.809324,0.));
#7535 = CIRCLE('',#7536,2.381249450133);
#7536 = AXIS2_PLACEMENT_3D('',#7537,#7538,#7539);
#7537 = CARTESIAN_POINT('',(176.6337987179,-15.49312254986,0.));
#7538 = DIRECTION('',(0.,0.,-1.));
#7539 = DIRECTION('',(-0.707106396522,0.707107165851,-0.));
#7540 = ORIENTED_EDGE('',*,*,#7541,.F.);
#7541 = EDGE_CURVE('',#7542,#7533,#7544,.T.);
#7542 = VERTEX_POINT('',#7543);
#7543 = CARTESIAN_POINT('',(174.123425,-14.635899,0.));
#7544 = LINE('',#7545,#7546);
#7545 = CARTESIAN_POINT('',(174.123425,-14.635899,0.));
#7546 = VECTOR('',#7547,1.);
#7547 = DIRECTION('',(0.707107636651,0.707105925721,0.));
#7548 = ORIENTED_EDGE('',*,*,#7549,.F.);
#7549 = EDGE_CURVE('',#7550,#7542,#7552,.T.);
#7550 = VERTEX_POINT('',#7551);
#7551 = CARTESIAN_POINT('',(172.66504,-15.22126,0.));
#7552 = CIRCLE('',#7553,2.109380271612);
#7553 = AXIS2_PLACEMENT_3D('',#7554,#7555,#7556);
#7554 = CARTESIAN_POINT('',(172.66505248581,-13.11187972842,0.));
#7555 = DIRECTION('',(0.,0.,1.));
#7556 = DIRECTION('',(-5.919185896605E-06,-0.999999999982,0.));
#7557 = ORIENTED_EDGE('',*,*,#7558,.F.);
#7558 = EDGE_CURVE('',#7559,#7550,#7561,.T.);
#7559 = VERTEX_POINT('',#7560);
#7560 = CARTESIAN_POINT('',(155.627045,-15.22126,0.));
#7561 = LINE('',#7562,#7563);
#7562 = CARTESIAN_POINT('',(155.627045,-15.22126,0.));
#7563 = VECTOR('',#7564,1.);
#7564 = DIRECTION('',(1.,0.,0.));
#7565 = ORIENTED_EDGE('',*,*,#7566,.F.);
#7566 = EDGE_CURVE('',#7567,#7559,#7569,.T.);
#7567 = VERTEX_POINT('',#7568);
#7568 = CARTESIAN_POINT('',(153.802944,-15.976835,0.));
#7569 = CIRCLE('',#7570,2.579706748972);
#7570 = AXIS2_PLACEMENT_3D('',#7571,#7572,#7573);
#7571 = CARTESIAN_POINT('',(155.62706852247,-17.80096674886,0.));
#7572 = DIRECTION('',(0.,0.,-1.));
#7573 = DIRECTION('',(-0.707105380562,0.707108181809,0.));
#7574 = ORIENTED_EDGE('',*,*,#7575,.F.);
#7575 = EDGE_CURVE('',#7576,#7567,#7578,.T.);
#7576 = VERTEX_POINT('',#7577);
#7577 = CARTESIAN_POINT('',(151.470351,-18.309428,0.));
#7578 = LINE('',#7579,#7580);
#7579 = CARTESIAN_POINT('',(151.470351,-18.309428,0.));
#7580 = VECTOR('',#7581,1.);
#7581 = DIRECTION('',(0.707106781187,0.707106781187,0.));
#7582 = ORIENTED_EDGE('',*,*,#7583,.F.);
#7583 = EDGE_CURVE('',#7584,#7576,#7586,.T.);
#7584 = VERTEX_POINT('',#7585);
#7585 = CARTESIAN_POINT('',(149.64625,-19.065003,0.));
#7586 = CIRCLE('',#7587,2.579706748972);
#7587 = AXIS2_PLACEMENT_3D('',#7588,#7589,#7590);
#7588 = CARTESIAN_POINT('',(149.64622647753,-16.48529625113,0.));
#7589 = DIRECTION('',(0.,0.,1.));
#7590 = DIRECTION('',(9.11827279178E-06,-0.999999999958,0.));
#7591 = ORIENTED_EDGE('',*,*,#7592,.F.);
#7592 = EDGE_CURVE('',#7593,#7584,#7595,.T.);
#7593 = VERTEX_POINT('',#7594);
#7594 = CARTESIAN_POINT('',(106.78375,-19.065,0.));
#7595 = LINE('',#7596,#7597);
#7596 = CARTESIAN_POINT('',(106.78375,-19.065,0.));
#7597 = VECTOR('',#7598,1.);
#7598 = DIRECTION('',(1.,-6.999125108267E-08,0.));
#7599 = ORIENTED_EDGE('',*,*,#7600,.F.);
#7600 = EDGE_CURVE('',#7601,#7593,#7603,.T.);
#7601 = VERTEX_POINT('',#7602);
#7602 = CARTESIAN_POINT('',(104.959649,-18.309425,0.));
#7603 = CIRCLE('',#7604,2.579695535513);
#7604 = AXIS2_PLACEMENT_3D('',#7605,#7606,#7607);
#7605 = CARTESIAN_POINT('',(106.78376887767,-16.48530446455,0.));
#7606 = DIRECTION('',(0.,0.,1.));
#7607 = DIRECTION('',(-0.707106653696,-0.707106908677,0.));
#7608 = ORIENTED_EDGE('',*,*,#7609,.F.);
#7609 = EDGE_CURVE('',#7610,#7601,#7612,.T.);
#7610 = VERTEX_POINT('',#7611);
#7611 = CARTESIAN_POINT('',(102.627056,-15.976832,0.));
#7612 = LINE('',#7613,#7614);
#7613 = CARTESIAN_POINT('',(102.627056,-15.976832,0.));
#7614 = VECTOR('',#7615,1.);
#7615 = DIRECTION('',(0.707106781187,-0.707106781187,0.));
#7616 = ORIENTED_EDGE('',*,*,#7617,.F.);
#7617 = EDGE_CURVE('',#7618,#7610,#7620,.T.);
#7618 = VERTEX_POINT('',#7619);
#7619 = CARTESIAN_POINT('',(100.802955,-15.221257,0.));
#7620 = CIRCLE('',#7621,2.579695535513);
#7621 = AXIS2_PLACEMENT_3D('',#7622,#7623,#7624);
#7622 = CARTESIAN_POINT('',(100.80293612232,-17.80095253544,0.));
#7623 = DIRECTION('',(0.,0.,-1.));
#7624 = DIRECTION('',(7.31779067499E-06,0.999999999973,0.));
#7625 = ORIENTED_EDGE('',*,*,#7626,.F.);
#7626 = EDGE_CURVE('',#7627,#7618,#7629,.T.);
#7627 = VERTEX_POINT('',#7628);
#7628 = CARTESIAN_POINT('',(83.76495,-15.221257,0.));
#7629 = LINE('',#7630,#7631);
#7630 = CARTESIAN_POINT('',(83.76495,-15.221257,0.));
#7631 = VECTOR('',#7632,1.);
#7632 = DIRECTION('',(1.,0.,0.));
#7633 = ORIENTED_EDGE('',*,*,#7634,.F.);
#7634 = EDGE_CURVE('',#7635,#7627,#7637,.T.);
#7635 = VERTEX_POINT('',#7636);
#7636 = CARTESIAN_POINT('',(82.306574,-14.635897,0.));
#7637 = CIRCLE('',#7638,2.109390094638);
#7638 = AXIS2_PLACEMENT_3D('',#7639,#7640,#7641);
#7639 = CARTESIAN_POINT('',(83.764949411886,-13.11186690536,0.));
#7640 = DIRECTION('',(0.,0.,1.));
#7641 = DIRECTION('',(-0.691373025593,-0.722497985798,0.));
#7642 = ORIENTED_EDGE('',*,*,#7643,.F.);
#7643 = EDGE_CURVE('',#7644,#7635,#7646,.T.);
#7644 = VERTEX_POINT('',#7645);
#7645 = CARTESIAN_POINT('',(81.479998,-13.809321,0.));
#7646 = LINE('',#7647,#7648);
#7647 = CARTESIAN_POINT('',(81.479998,-13.809321,0.));
#7648 = VECTOR('',#7649,1.);
#7649 = DIRECTION('',(0.707106781187,-0.707106781187,0.));
#7650 = ORIENTED_EDGE('',*,*,#7651,.F.);
#7651 = EDGE_CURVE('',#7652,#7644,#7654,.T.);
#7652 = VERTEX_POINT('',#7653);
#7653 = CARTESIAN_POINT('',(79.7962,-17.874369,0.));
#7654 = CIRCLE('',#7655,2.381249705834);
#7655 = AXIS2_PLACEMENT_3D('',#7656,#7657,#7658);
#7656 = CARTESIAN_POINT('',(79.796200664779,-15.49311929416,0.));
#7657 = DIRECTION('',(0.,0.,-1.));
#7658 = DIRECTION('',(-2.791724767812E-07,-1.,-0.));
#7659 = ORIENTED_EDGE('',*,*,#7660,.F.);
#7660 = EDGE_CURVE('',#7661,#7652,#7663,.T.);
#7661 = VERTEX_POINT('',#7662);
#7662 = CARTESIAN_POINT('',(99.64,-17.874375,0.));
#7663 = LINE('',#7664,#7665);
#7664 = CARTESIAN_POINT('',(99.64,-17.874375,0.));
#7665 = VECTOR('',#7666,1.);
#7666 = DIRECTION('',(-1.,3.023614428215E-07,0.));
#7667 = ORIENTED_EDGE('',*,*,#7668,.F.);
#7668 = EDGE_CURVE('',#7669,#7661,#7671,.T.);
#7669 = VERTEX_POINT('',#7670);
#7670 = CARTESIAN_POINT('',(99.64,-19.064997,0.));
#7671 = CIRCLE('',#7672,0.595311);
#7672 = AXIS2_PLACEMENT_3D('',#7673,#7674,#7675);
#7673 = CARTESIAN_POINT('',(99.64,-18.469686,0.));
#7674 = DIRECTION('',(0.,0.,1.));
#7675 = DIRECTION('',(-0.,-1.,0.));
#7676 = ORIENTED_EDGE('',*,*,#7677,.F.);
#7677 = EDGE_CURVE('',#7678,#7669,#7680,.T.);
#7678 = VERTEX_POINT('',#7679);
#7679 = CARTESIAN_POINT('',(49.63375,-19.065,0.));
#7680 = LINE('',#7681,#7682);
#7681 = CARTESIAN_POINT('',(49.63375,-19.065,0.));
#7682 = VECTOR('',#7683,1.);
#7683 = DIRECTION('',(1.,5.999250092801E-08,0.));
#7684 = ORIENTED_EDGE('',*,*,#7685,.F.);
#7685 = EDGE_CURVE('',#7686,#7678,#7688,.T.);
#7686 = VERTEX_POINT('',#7687);
#7687 = CARTESIAN_POINT('',(47.809649,-18.309425,0.));
#7688 = CIRCLE('',#7689,2.579695535513);
#7689 = AXIS2_PLACEMENT_3D('',#7690,#7691,#7692);
#7690 = CARTESIAN_POINT('',(49.633768877672,-16.48530446455,0.));
#7691 = DIRECTION('',(0.,0.,1.));
#7692 = DIRECTION('',(-0.707106653696,-0.707106908677,0.));
#7693 = ORIENTED_EDGE('',*,*,#7694,.F.);
#7694 = EDGE_CURVE('',#7695,#7686,#7697,.T.);
#7695 = VERTEX_POINT('',#7696);
#7696 = CARTESIAN_POINT('',(45.477056,-15.976832,0.));
#7697 = LINE('',#7698,#7699);
#7698 = CARTESIAN_POINT('',(45.477056,-15.976832,0.));
#7699 = VECTOR('',#7700,1.);
#7700 = DIRECTION('',(0.707106781187,-0.707106781187,0.));
#7701 = ORIENTED_EDGE('',*,*,#7702,.F.);
#7702 = EDGE_CURVE('',#7703,#7695,#7705,.T.);
#7703 = VERTEX_POINT('',#7704);
#7704 = CARTESIAN_POINT('',(43.652955,-15.221257,0.));
#7705 = CIRCLE('',#7706,2.579695535513);
#7706 = AXIS2_PLACEMENT_3D('',#7707,#7708,#7709);
#7707 = CARTESIAN_POINT('',(43.652936122328,-17.80095253544,0.));
#7708 = DIRECTION('',(0.,0.,-1.));
#7709 = DIRECTION('',(7.317790669481E-06,0.999999999973,0.));
#7710 = ORIENTED_EDGE('',*,*,#7711,.F.);
#7711 = EDGE_CURVE('',#7712,#7703,#7714,.T.);
#7712 = VERTEX_POINT('',#7713);
#7713 = CARTESIAN_POINT('',(26.61495,-15.221257,0.));
#7714 = LINE('',#7715,#7716);
#7715 = CARTESIAN_POINT('',(26.61495,-15.221257,0.));
#7716 = VECTOR('',#7717,1.);
#7717 = DIRECTION('',(1.,0.,0.));
#7718 = ORIENTED_EDGE('',*,*,#7719,.F.);
#7719 = EDGE_CURVE('',#7720,#7712,#7722,.T.);
#7720 = VERTEX_POINT('',#7721);
#7721 = CARTESIAN_POINT('',(25.156575,-14.635896,0.));
#7722 = CIRCLE('',#7723,2.109380271365);
#7723 = AXIS2_PLACEMENT_3D('',#7724,#7725,#7726);
#7724 = CARTESIAN_POINT('',(26.61494751405,-13.11187672863,0.));
#7725 = DIRECTION('',(0.,0.,1.));
#7726 = DIRECTION('',(-0.691374871495,-0.722496219412,0.));
#7727 = ORIENTED_EDGE('',*,*,#7728,.F.);
#7728 = EDGE_CURVE('',#7729,#7720,#7731,.T.);
#7729 = VERTEX_POINT('',#7730);
#7730 = CARTESIAN_POINT('',(24.329998,-13.809321,0.));
#7731 = LINE('',#7732,#7733);
#7732 = CARTESIAN_POINT('',(24.329998,-13.809321,0.));
#7733 = VECTOR('',#7734,1.);
#7734 = DIRECTION('',(0.707107636651,-0.707105925721,0.));
#7735 = ORIENTED_EDGE('',*,*,#7736,.F.);
#7736 = EDGE_CURVE('',#7737,#7729,#7739,.T.);
#7737 = VERTEX_POINT('',#7738);
#7738 = CARTESIAN_POINT('',(22.6462,-17.874369,0.));
#7739 = CIRCLE('',#7740,2.381249705834);
#7740 = AXIS2_PLACEMENT_3D('',#7741,#7742,#7743);
#7741 = CARTESIAN_POINT('',(22.646200664779,-15.49311929416,0.));
#7742 = DIRECTION('',(0.,0.,-1.));
#7743 = DIRECTION('',(-2.791724782732E-07,-1.,-0.));
#7744 = ORIENTED_EDGE('',*,*,#7745,.F.);
#7745 = EDGE_CURVE('',#7746,#7737,#7748,.T.);
#7746 = VERTEX_POINT('',#7747);
#7747 = CARTESIAN_POINT('',(42.49,-17.874375,0.));
#7748 = LINE('',#7749,#7750);
#7749 = CARTESIAN_POINT('',(42.49,-17.874375,0.));
#7750 = VECTOR('',#7751,1.);
#7751 = DIRECTION('',(-1.,3.023614428215E-07,0.));
#7752 = ORIENTED_EDGE('',*,*,#7753,.F.);
#7753 = EDGE_CURVE('',#7754,#7746,#7756,.T.);
#7754 = VERTEX_POINT('',#7755);
#7755 = CARTESIAN_POINT('',(42.49,-19.065,0.));
#7756 = CIRCLE('',#7757,0.595312500002);
#7757 = AXIS2_PLACEMENT_3D('',#7758,#7759,#7760);
#7758 = CARTESIAN_POINT('',(42.4899985,-18.4696875,0.));
#7759 = DIRECTION('',(0.,-0.,1.));
#7760 = DIRECTION('',(2.519685044936E-06,-0.999999999997,-0.));
#7761 = ORIENTED_EDGE('',*,*,#7762,.F.);
#7762 = EDGE_CURVE('',#7763,#7754,#7765,.T.);
#7763 = VERTEX_POINT('',#7764);
#7764 = CARTESIAN_POINT('',(16.915,-19.065,0.));
#7765 = LINE('',#7766,#7767);
#7766 = CARTESIAN_POINT('',(16.915,-19.065,0.));
#7767 = VECTOR('',#7768,1.);
#7768 = DIRECTION('',(1.,0.,0.));
#7769 = ORIENTED_EDGE('',*,*,#7770,.F.);
#7770 = EDGE_CURVE('',#7771,#7763,#7773,.T.);
#7771 = VERTEX_POINT('',#7772);
#7772 = CARTESIAN_POINT('',(13.915,-22.065,0.));
#7773 = CIRCLE('',#7774,3.000001172987);
#7774 = AXIS2_PLACEMENT_3D('',#7775,#7776,#7777);
#7775 = CARTESIAN_POINT('',(16.915001172987,-22.06500117298,0.));
#7776 = DIRECTION('',(0.,0.,-1.));
#7777 = DIRECTION('',(-1.,3.909953616065E-07,0.));
#7778 = ORIENTED_EDGE('',*,*,#7779,.F.);
#7779 = EDGE_CURVE('',#7780,#7771,#7782,.T.);
#7780 = VERTEX_POINT('',#7781);
#7781 = CARTESIAN_POINT('',(13.915,-92.265,0.));
#7782 = LINE('',#7783,#7784);
#7783 = CARTESIAN_POINT('',(13.915,-92.265,0.));
#7784 = VECTOR('',#7785,1.);
#7785 = DIRECTION('',(0.,1.,0.));
#7786 = ORIENTED_EDGE('',*,*,#7787,.F.);
#7787 = EDGE_CURVE('',#7788,#7780,#7790,.T.);
#7788 = VERTEX_POINT('',#7789);
#7789 = CARTESIAN_POINT('',(16.915,-95.265,0.));
#7790 = CIRCLE('',#7791,3.000001172987);
#7791 = AXIS2_PLACEMENT_3D('',#7792,#7793,#7794);
#7792 = CARTESIAN_POINT('',(16.915001172987,-92.26499882701,0.));
#7793 = DIRECTION('',(0.,0.,-1.));
#7794 = DIRECTION('',(-3.909953639749E-07,-1.,-0.));
#7795 = ORIENTED_EDGE('',*,*,#7796,.F.);
#7796 = EDGE_CURVE('',#7797,#7788,#7799,.T.);
#7797 = VERTEX_POINT('',#7798);
#7798 = CARTESIAN_POINT('',(42.63375,-95.265,0.));
#7799 = LINE('',#7800,#7801);
#7800 = CARTESIAN_POINT('',(42.63375,-95.265,0.));
#7801 = VECTOR('',#7802,1.);
#7802 = DIRECTION('',(-1.,0.,0.));
#7803 = ORIENTED_EDGE('',*,*,#7804,.F.);
#7804 = EDGE_CURVE('',#7805,#7797,#7807,.T.);
#7805 = VERTEX_POINT('',#7806);
#7806 = CARTESIAN_POINT('',(42.63375,-96.455622,0.));
#7807 = CIRCLE('',#7808,0.595311);
#7808 = AXIS2_PLACEMENT_3D('',#7809,#7810,#7811);
#7809 = CARTESIAN_POINT('',(42.63375,-95.860311,0.));
#7810 = DIRECTION('',(0.,0.,1.));
#7811 = DIRECTION('',(-0.,-1.,0.));
#7812 = ORIENTED_EDGE('',*,*,#7813,.F.);
#7813 = EDGE_CURVE('',#7814,#7805,#7816,.T.);
#7814 = VERTEX_POINT('',#7815);
#7815 = CARTESIAN_POINT('',(22.78995,-96.455628,0.));
#7816 = LINE('',#7817,#7818);
#7817 = CARTESIAN_POINT('',(22.78995,-96.455628,0.));
#7818 = VECTOR('',#7819,1.);
#7819 = DIRECTION('',(1.,3.023614428215E-07,0.));
#7820 = ORIENTED_EDGE('',*,*,#7821,.F.);
#7821 = EDGE_CURVE('',#7822,#7814,#7824,.T.);
#7822 = VERTEX_POINT('',#7823);
#7823 = CARTESIAN_POINT('',(24.473748,-100.520676,0.));
#7824 = CIRCLE('',#7825,2.381249450133);
#7825 = AXIS2_PLACEMENT_3D('',#7826,#7827,#7828);
#7826 = CARTESIAN_POINT('',(22.789951282096,-98.83687745013,0.));
#7827 = DIRECTION('',(0.,0.,-1.));
#7828 = DIRECTION('',(0.707106396522,-0.707107165851,0.));
#7829 = ORIENTED_EDGE('',*,*,#7830,.F.);
#7830 = EDGE_CURVE('',#7831,#7822,#7833,.T.);
#7831 = VERTEX_POINT('',#7832);
#7832 = CARTESIAN_POINT('',(25.300325,-99.694101,0.));
#7833 = LINE('',#7834,#7835);
#7834 = CARTESIAN_POINT('',(25.300325,-99.694101,0.));
#7835 = VECTOR('',#7836,1.);
#7836 = DIRECTION('',(-0.707107636651,-0.707105925721,0.));
#7837 = ORIENTED_EDGE('',*,*,#7838,.F.);
#7838 = EDGE_CURVE('',#7839,#7831,#7841,.T.);
#7839 = VERTEX_POINT('',#7840);
#7840 = CARTESIAN_POINT('',(26.75871,-99.10874,0.));
#7841 = CIRCLE('',#7842,2.109380271612);
#7842 = AXIS2_PLACEMENT_3D('',#7843,#7844,#7845);
#7843 = CARTESIAN_POINT('',(26.758697514186,-101.2181202715,0.));
#7844 = DIRECTION('',(0.,0.,1.));
#7845 = DIRECTION('',(5.919185899973E-06,0.999999999982,-0.));
#7846 = ORIENTED_EDGE('',*,*,#7847,.F.);
#7847 = EDGE_CURVE('',#7848,#7839,#7850,.T.);
#7848 = VERTEX_POINT('',#7849);
#7849 = CARTESIAN_POINT('',(43.796705,-99.10874,0.));
#7850 = LINE('',#7851,#7852);
#7851 = CARTESIAN_POINT('',(43.796705,-99.10874,0.));
#7852 = VECTOR('',#7853,1.);
#7853 = DIRECTION('',(-1.,0.,0.));
#7854 = ORIENTED_EDGE('',*,*,#7855,.F.);
#7855 = EDGE_CURVE('',#7856,#7848,#7858,.T.);
#7856 = VERTEX_POINT('',#7857);
#7857 = CARTESIAN_POINT('',(45.620806,-98.353165,0.));
#7858 = CIRCLE('',#7859,2.579706748972);
#7859 = AXIS2_PLACEMENT_3D('',#7860,#7861,#7862);
#7860 = CARTESIAN_POINT('',(43.79668147753,-96.52903325113,0.));
#7861 = DIRECTION('',(0.,0.,-1.));
#7862 = DIRECTION('',(0.707105380562,-0.707108181809,0.));
#7863 = ORIENTED_EDGE('',*,*,#7864,.F.);
#7864 = EDGE_CURVE('',#7865,#7856,#7867,.T.);
#7865 = VERTEX_POINT('',#7866);
#7866 = CARTESIAN_POINT('',(47.953399,-96.020572,0.));
#7867 = LINE('',#7868,#7869);
#7868 = CARTESIAN_POINT('',(47.953399,-96.020572,0.));
#7869 = VECTOR('',#7870,1.);
#7870 = DIRECTION('',(-0.707106781187,-0.707106781187,0.));
#7871 = ORIENTED_EDGE('',*,*,#7872,.F.);
#7872 = EDGE_CURVE('',#7873,#7865,#7875,.T.);
#7873 = VERTEX_POINT('',#7874);
#7874 = CARTESIAN_POINT('',(49.786912,-95.264997,0.));
#7875 = CIRCLE('',#7876,2.579817465435);
#7876 = AXIS2_PLACEMENT_3D('',#7877,#7878,#7879);
#7877 = CARTESIAN_POINT('',(49.777586238295,-97.84479760956,0.));
#7878 = DIRECTION('',(0.,0.,1.));
#7879 = DIRECTION('',(3.614892072898E-03,0.999993466256,-0.));
#7880 = ORIENTED_EDGE('',*,*,#7881,.F.);
#7881 = EDGE_CURVE('',#7882,#7873,#7884,.T.);
#7882 = VERTEX_POINT('',#7883);
#7883 = CARTESIAN_POINT('',(99.64,-95.265,0.));
#7884 = LINE('',#7885,#7886);
#7885 = CARTESIAN_POINT('',(99.64,-95.265,0.));
#7886 = VECTOR('',#7887,1.);
#7887 = DIRECTION('',(-1.,6.017681405486E-08,0.));
#7888 = ORIENTED_EDGE('',*,*,#7889,.F.);
#7889 = EDGE_CURVE('',#7890,#7882,#7892,.T.);
#7890 = VERTEX_POINT('',#7891);
#7891 = CARTESIAN_POINT('',(99.64,-96.455622,0.));
#7892 = CIRCLE('',#7893,0.595311);
#7893 = AXIS2_PLACEMENT_3D('',#7894,#7895,#7896);
#7894 = CARTESIAN_POINT('',(99.64,-95.860311,0.));
#7895 = DIRECTION('',(0.,0.,1.));
#7896 = DIRECTION('',(-0.,-1.,0.));
#7897 = ORIENTED_EDGE('',*,*,#7898,.F.);
#7898 = EDGE_CURVE('',#7899,#7890,#7901,.T.);
#7899 = VERTEX_POINT('',#7900);
#7900 = CARTESIAN_POINT('',(79.7962,-96.455628,0.));
#7901 = LINE('',#7902,#7903);
#7902 = CARTESIAN_POINT('',(79.7962,-96.455628,0.));
#7903 = VECTOR('',#7904,1.);
#7904 = DIRECTION('',(1.,3.023614428215E-07,0.));
#7905 = ORIENTED_EDGE('',*,*,#7906,.F.);
#7906 = EDGE_CURVE('',#7907,#7899,#7909,.T.);
#7907 = VERTEX_POINT('',#7908);
#7908 = CARTESIAN_POINT('',(81.479998,-100.520676,0.));
#7909 = CIRCLE('',#7910,2.381249450133);
#7910 = AXIS2_PLACEMENT_3D('',#7911,#7912,#7913);
#7911 = CARTESIAN_POINT('',(79.796201282096,-98.83687745013,0.));
#7912 = DIRECTION('',(0.,0.,-1.));
#7913 = DIRECTION('',(0.707106396522,-0.707107165851,0.));
#7914 = ORIENTED_EDGE('',*,*,#7915,.F.);
#7915 = EDGE_CURVE('',#7916,#7907,#7918,.T.);
#7916 = VERTEX_POINT('',#7917);
#7917 = CARTESIAN_POINT('',(82.306575,-99.694101,0.));
#7918 = LINE('',#7919,#7920);
#7919 = CARTESIAN_POINT('',(82.306575,-99.694101,0.));
#7920 = VECTOR('',#7921,1.);
#7921 = DIRECTION('',(-0.707107636651,-0.707105925721,0.));
#7922 = ORIENTED_EDGE('',*,*,#7923,.F.);
#7923 = EDGE_CURVE('',#7924,#7916,#7926,.T.);
#7924 = VERTEX_POINT('',#7925);
#7925 = CARTESIAN_POINT('',(83.76496,-99.10874,0.));
#7926 = CIRCLE('',#7927,2.109380271612);
#7927 = AXIS2_PLACEMENT_3D('',#7928,#7929,#7930);
#7928 = CARTESIAN_POINT('',(83.764947514186,-101.2181202715,0.));
#7929 = DIRECTION('',(0.,0.,1.));
#7930 = DIRECTION('',(5.919185896605E-06,0.999999999982,-0.));
#7931 = ORIENTED_EDGE('',*,*,#7932,.F.);
#7932 = EDGE_CURVE('',#7933,#7924,#7935,.T.);
#7933 = VERTEX_POINT('',#7934);
#7934 = CARTESIAN_POINT('',(100.802955,-99.10874,0.));
#7935 = LINE('',#7936,#7937);
#7936 = CARTESIAN_POINT('',(100.802955,-99.10874,0.));
#7937 = VECTOR('',#7938,1.);
#7938 = DIRECTION('',(-1.,0.,0.));
#7939 = ORIENTED_EDGE('',*,*,#7940,.F.);
#7940 = EDGE_CURVE('',#7941,#7933,#7943,.T.);
#7941 = VERTEX_POINT('',#7942);
#7942 = CARTESIAN_POINT('',(102.627056,-98.353165,0.));
#7943 = CIRCLE('',#7944,2.579706748972);
#7944 = AXIS2_PLACEMENT_3D('',#7945,#7946,#7947);
#7945 = CARTESIAN_POINT('',(100.80293147753,-96.52903325113,0.));
#7946 = DIRECTION('',(0.,0.,-1.));
#7947 = DIRECTION('',(0.707105380562,-0.707108181809,0.));
#7948 = ORIENTED_EDGE('',*,*,#7949,.F.);
#7949 = EDGE_CURVE('',#7950,#7941,#7952,.T.);
#7950 = VERTEX_POINT('',#7951);
#7951 = CARTESIAN_POINT('',(104.959649,-96.020572,0.));
#7952 = LINE('',#7953,#7954);
#7953 = CARTESIAN_POINT('',(104.959649,-96.020572,0.));
#7954 = VECTOR('',#7955,1.);
#7955 = DIRECTION('',(-0.707106781187,-0.707106781187,0.));
#7956 = ORIENTED_EDGE('',*,*,#7957,.F.);
#7957 = EDGE_CURVE('',#7958,#7950,#7960,.T.);
#7958 = VERTEX_POINT('',#7959);
#7959 = CARTESIAN_POINT('',(106.78375,-95.264997,0.));
#7960 = CIRCLE('',#7961,2.579706748972);
#7961 = AXIS2_PLACEMENT_3D('',#7962,#7963,#7964);
#7962 = CARTESIAN_POINT('',(106.78377352247,-97.84470374886,0.));
#7963 = DIRECTION('',(0.,0.,1.));
#7964 = DIRECTION('',(-9.118272813815E-06,0.999999999958,0.));
#7965 = ORIENTED_EDGE('',*,*,#7966,.F.);
#7966 = EDGE_CURVE('',#7967,#7958,#7969,.T.);
#7967 = VERTEX_POINT('',#7968);
#7968 = CARTESIAN_POINT('',(149.64625,-95.265,0.));
#7969 = LINE('',#7970,#7971);
#7970 = CARTESIAN_POINT('',(149.64625,-95.265,0.));
#7971 = VECTOR('',#7972,1.);
#7972 = DIRECTION('',(-1.,6.999125124845E-08,0.));
#7973 = ORIENTED_EDGE('',*,*,#7974,.F.);
#7974 = EDGE_CURVE('',#7975,#7967,#7977,.T.);
#7975 = VERTEX_POINT('',#7976);
#7976 = CARTESIAN_POINT('',(151.470351,-96.020575,0.));
#7977 = CIRCLE('',#7978,2.579695535513);
#7978 = AXIS2_PLACEMENT_3D('',#7979,#7980,#7981);
#7979 = CARTESIAN_POINT('',(149.64623112232,-97.84469553544,0.));
#7980 = DIRECTION('',(0.,0.,1.));
#7981 = DIRECTION('',(0.707106653696,0.707106908677,-0.));
#7982 = ORIENTED_EDGE('',*,*,#7983,.F.);
#7983 = EDGE_CURVE('',#7984,#7975,#7986,.T.);
#7984 = VERTEX_POINT('',#7985);
#7985 = CARTESIAN_POINT('',(153.802944,-98.353168,0.));
#7986 = LINE('',#7987,#7988);
#7987 = CARTESIAN_POINT('',(153.802944,-98.353168,0.));
#7988 = VECTOR('',#7989,1.);
#7989 = DIRECTION('',(-0.707106781187,0.707106781187,0.));
#7990 = ORIENTED_EDGE('',*,*,#7991,.F.);
#7991 = EDGE_CURVE('',#7992,#7984,#7994,.T.);
#7992 = VERTEX_POINT('',#7993);
#7993 = CARTESIAN_POINT('',(155.627045,-99.108743,0.));
#7994 = CIRCLE('',#7995,2.579695535513);
#7995 = AXIS2_PLACEMENT_3D('',#7996,#7997,#7998);
#7996 = CARTESIAN_POINT('',(155.62706387767,-96.52904746455,0.));
#7997 = DIRECTION('',(0.,0.,-1.));
#7998 = DIRECTION('',(-7.317790658464E-06,-0.999999999973,-0.));
#7999 = ORIENTED_EDGE('',*,*,#8000,.F.);
#8000 = EDGE_CURVE('',#8001,#7992,#8003,.T.);
#8001 = VERTEX_POINT('',#8002);
#8002 = CARTESIAN_POINT('',(172.66505,-99.108743,0.));
#8003 = LINE('',#8004,#8005);
#8004 = CARTESIAN_POINT('',(172.66505,-99.108743,0.));
#8005 = VECTOR('',#8006,1.);
#8006 = DIRECTION('',(-1.,0.,0.));
#8007 = ORIENTED_EDGE('',*,*,#8008,.F.);
#8008 = EDGE_CURVE('',#8009,#8001,#8011,.T.);
#8009 = VERTEX_POINT('',#8010);
#8010 = CARTESIAN_POINT('',(174.123426,-99.694103,0.));
#8011 = CIRCLE('',#8012,2.109390094638);
#8012 = AXIS2_PLACEMENT_3D('',#8013,#8014,#8015);
#8013 = CARTESIAN_POINT('',(172.66505058811,-101.2181330946,0.));
#8014 = DIRECTION('',(0.,0.,1.));
#8015 = DIRECTION('',(0.691373025593,0.722497985798,-0.));
#8016 = ORIENTED_EDGE('',*,*,#8017,.F.);
#8017 = EDGE_CURVE('',#8018,#8009,#8020,.T.);
#8018 = VERTEX_POINT('',#8019);
#8019 = CARTESIAN_POINT('',(174.950002,-100.520679,0.));
#8020 = LINE('',#8021,#8022);
#8021 = CARTESIAN_POINT('',(174.950002,-100.520679,0.));
#8022 = VECTOR('',#8023,1.);
#8023 = DIRECTION('',(-0.707106781187,0.707106781187,0.));
#8024 = ORIENTED_EDGE('',*,*,#8025,.F.);
#8025 = EDGE_CURVE('',#8026,#8018,#8028,.T.);
#8026 = VERTEX_POINT('',#8027);
#8027 = CARTESIAN_POINT('',(176.6338,-96.455631,0.));
#8028 = CIRCLE('',#8029,2.381249705834);
#8029 = AXIS2_PLACEMENT_3D('',#8030,#8031,#8032);
#8030 = CARTESIAN_POINT('',(176.63379933522,-98.83688070583,0.));
#8031 = DIRECTION('',(0.,0.,-1.));
#8032 = DIRECTION('',(2.791724767812E-07,1.,0.));
#8033 = ORIENTED_EDGE('',*,*,#8034,.F.);
#8034 = EDGE_CURVE('',#8035,#8026,#8037,.T.);
#8035 = VERTEX_POINT('',#8036);
#8036 = CARTESIAN_POINT('',(156.79,-96.455625,0.));
#8037 = LINE('',#8038,#8039);
#8038 = CARTESIAN_POINT('',(156.79,-96.455625,0.));
#8039 = VECTOR('',#8040,1.);
#8040 = DIRECTION('',(1.,-3.023614428215E-07,0.));
#8041 = ORIENTED_EDGE('',*,*,#8042,.F.);
#8042 = EDGE_CURVE('',#8043,#8035,#8045,.T.);
#8043 = VERTEX_POINT('',#8044);
#8044 = CARTESIAN_POINT('',(156.79,-95.264976,0.));
#8045 = CIRCLE('',#8046,0.595324500153);
#8046 = AXIS2_PLACEMENT_3D('',#8047,#8048,#8049);
#8047 = CARTESIAN_POINT('',(156.7900135,-95.8603005,0.));
#8048 = DIRECTION('',(0.,0.,1.));
#8049 = DIRECTION('',(-2.267670828143E-05,0.999999999743,0.));
#8050 = ORIENTED_EDGE('',*,*,#8051,.F.);
#8051 = EDGE_CURVE('',#8052,#8043,#8054,.T.);
#8052 = VERTEX_POINT('',#8053);
#8053 = CARTESIAN_POINT('',(206.79625,-95.265,0.));
#8054 = LINE('',#8055,#8056);
#8055 = CARTESIAN_POINT('',(206.79625,-95.265,0.));
#8056 = VECTOR('',#8057,1.);
#8057 = DIRECTION('',(-1.,4.79940007424E-07,0.));
#8058 = ORIENTED_EDGE('',*,*,#8059,.F.);
#8059 = EDGE_CURVE('',#8060,#8052,#8062,.T.);
#8060 = VERTEX_POINT('',#8061);
#8061 = CARTESIAN_POINT('',(208.620351,-96.020575,0.));
#8062 = CIRCLE('',#8063,2.579695535513);
#8063 = AXIS2_PLACEMENT_3D('',#8064,#8065,#8066);
#8064 = CARTESIAN_POINT('',(206.79623112232,-97.84469553544,0.));
#8065 = DIRECTION('',(0.,0.,1.));
#8066 = DIRECTION('',(0.707106653696,0.707106908677,-0.));
#8067 = ORIENTED_EDGE('',*,*,#8068,.F.);
#8068 = EDGE_CURVE('',#8069,#8060,#8071,.T.);
#8069 = VERTEX_POINT('',#8070);
#8070 = CARTESIAN_POINT('',(210.952944,-98.353168,0.));
#8071 = LINE('',#8072,#8073);
#8072 = CARTESIAN_POINT('',(210.952944,-98.353168,0.));
#8073 = VECTOR('',#8074,1.);
#8074 = DIRECTION('',(-0.707106781187,0.707106781187,0.));
#8075 = ORIENTED_EDGE('',*,*,#8076,.F.);
#8076 = EDGE_CURVE('',#8077,#8069,#8079,.T.);
#8077 = VERTEX_POINT('',#8078);
#8078 = CARTESIAN_POINT('',(212.777045,-99.108743,0.));
#8079 = CIRCLE('',#8080,2.579695535513);
#8080 = AXIS2_PLACEMENT_3D('',#8081,#8082,#8083);
#8081 = CARTESIAN_POINT('',(212.77706387767,-96.52904746455,0.));
#8082 = DIRECTION('',(0.,0.,-1.));
#8083 = DIRECTION('',(-7.317790669481E-06,-0.999999999973,-0.));
#8084 = ORIENTED_EDGE('',*,*,#8085,.F.);
#8085 = EDGE_CURVE('',#8086,#8077,#8088,.T.);
#8086 = VERTEX_POINT('',#8087);
#8087 = CARTESIAN_POINT('',(229.81505,-99.108743,0.));
#8088 = LINE('',#8089,#8090);
#8089 = CARTESIAN_POINT('',(229.81505,-99.108743,0.));
#8090 = VECTOR('',#8091,1.);
#8091 = DIRECTION('',(-1.,0.,0.));
#8092 = ORIENTED_EDGE('',*,*,#8093,.F.);
#8093 = EDGE_CURVE('',#8094,#8086,#8096,.T.);
#8094 = VERTEX_POINT('',#8095);
#8095 = CARTESIAN_POINT('',(231.273426,-99.694103,0.));
#8096 = CIRCLE('',#8097,2.109390094638);
#8097 = AXIS2_PLACEMENT_3D('',#8098,#8099,#8100);
#8098 = CARTESIAN_POINT('',(229.81505058811,-101.2181330946,0.));
#8099 = DIRECTION('',(0.,0.,1.));
#8100 = DIRECTION('',(0.691373025593,0.722497985798,-0.));
#8101 = ORIENTED_EDGE('',*,*,#8102,.F.);
#8102 = EDGE_CURVE('',#8103,#8094,#8105,.T.);
#8103 = VERTEX_POINT('',#8104);
#8104 = CARTESIAN_POINT('',(232.100002,-100.520679,0.));
#8105 = LINE('',#8106,#8107);
#8106 = CARTESIAN_POINT('',(232.100002,-100.520679,0.));
#8107 = VECTOR('',#8108,1.);
#8108 = DIRECTION('',(-0.707106781187,0.707106781187,0.));
#8109 = ORIENTED_EDGE('',*,*,#8110,.F.);
#8110 = EDGE_CURVE('',#8111,#8103,#8113,.T.);
#8111 = VERTEX_POINT('',#8112);
#8112 = CARTESIAN_POINT('',(233.7838,-96.455631,0.));
#8113 = CIRCLE('',#8114,2.381249705834);
#8114 = AXIS2_PLACEMENT_3D('',#8115,#8116,#8117);
#8115 = CARTESIAN_POINT('',(233.78379933522,-98.83688070583,0.));
#8116 = DIRECTION('',(0.,0.,-1.));
#8117 = DIRECTION('',(2.791724767812E-07,1.,0.));
#8118 = ORIENTED_EDGE('',*,*,#8119,.F.);
#8119 = EDGE_CURVE('',#8120,#8111,#8122,.T.);
#8120 = VERTEX_POINT('',#8121);
#8121 = CARTESIAN_POINT('',(213.94,-96.455625,0.));
#8122 = LINE('',#8123,#8124);
#8123 = CARTESIAN_POINT('',(213.94,-96.455625,0.));
#8124 = VECTOR('',#8125,1.);
#8125 = DIRECTION('',(1.,-3.023614428215E-07,0.));
#8126 = ORIENTED_EDGE('',*,*,#8127,.F.);
#8127 = EDGE_CURVE('',#8128,#8120,#8130,.T.);
#8128 = VERTEX_POINT('',#8129);
#8129 = CARTESIAN_POINT('',(213.94582,-95.265003,0.));
#8130 = CIRCLE('',#8131,0.595325155639);
#8131 = AXIS2_PLACEMENT_3D('',#8132,#8133,#8134);
#8132 = CARTESIAN_POINT('',(213.94001415547,-95.86029984452,0.));
#8133 = DIRECTION('',(0.,0.,1.));
#8134 = DIRECTION('',(9.752392409515E-03,0.99995244429,-0.));
#8135 = ORIENTED_EDGE('',*,*,#8136,.F.);
#8136 = EDGE_CURVE('',#8137,#8128,#8139,.T.);
#8137 = VERTEX_POINT('',#8138);
#8138 = CARTESIAN_POINT('',(239.515,-95.265,0.));
#8139 = LINE('',#8140,#8141);
#8140 = CARTESIAN_POINT('',(239.515,-95.265,0.));
#8141 = VECTOR('',#8142,1.);
#8142 = DIRECTION('',(-1.,-1.173287525226E-07,0.));
#8143 = ORIENTED_EDGE('',*,*,#8144,.F.);
#8144 = EDGE_CURVE('',#8145,#8137,#8147,.T.);
#8145 = VERTEX_POINT('',#8146);
#8146 = CARTESIAN_POINT('',(242.515,-92.265,0.));
#8147 = CIRCLE('',#8148,3.000001172987);
#8148 = AXIS2_PLACEMENT_3D('',#8149,#8150,#8151);
#8149 = CARTESIAN_POINT('',(239.51499882701,-92.26499882701,0.));
#8150 = DIRECTION('',(0.,0.,-1.));
#8151 = DIRECTION('',(1.,-3.909953473956E-07,0.));
#8152 = ORIENTED_EDGE('',*,*,#8153,.F.);
#8153 = EDGE_CURVE('',#8154,#8145,#8156,.T.);
#8154 = VERTEX_POINT('',#8155);
#8155 = CARTESIAN_POINT('',(242.515,-22.065,0.));
#8156 = LINE('',#8157,#8158);
#8157 = CARTESIAN_POINT('',(242.515,-22.065,0.));
#8158 = VECTOR('',#8159,1.);
#8159 = DIRECTION('',(0.,-1.,0.));
#8160 = ORIENTED_EDGE('',*,*,#8161,.F.);
#8161 = EDGE_CURVE('',#8162,#8154,#8164,.T.);
#8162 = VERTEX_POINT('',#8163);
#8163 = CARTESIAN_POINT('',(239.515,-19.065,0.));
#8164 = CIRCLE('',#8165,3.000001172987);
#8165 = AXIS2_PLACEMENT_3D('',#8166,#8167,#8168);
#8166 = CARTESIAN_POINT('',(239.51499882701,-22.06500117298,0.));
#8167 = DIRECTION('',(0.,0.,-1.));
#8168 = DIRECTION('',(3.909953521326E-07,1.,0.));
#8169 = ORIENTED_EDGE('',*,*,#8170,.F.);
#8170 = EDGE_CURVE('',#8171,#8162,#8173,.T.);
#8171 = VERTEX_POINT('',#8172);
#8172 = CARTESIAN_POINT('',(213.94,-19.065,0.));
#8173 = LINE('',#8174,#8175);
#8174 = CARTESIAN_POINT('',(213.94,-19.065,0.));
#8175 = VECTOR('',#8176,1.);
#8176 = DIRECTION('',(1.,0.,0.));
#8177 = ORIENTED_EDGE('',*,*,#8178,.F.);
#8178 = EDGE_CURVE('',#7441,#8171,#8179,.T.);
#8179 = CIRCLE('',#8180,0.595311);
#8180 = AXIS2_PLACEMENT_3D('',#8181,#8182,#8183);
#8181 = CARTESIAN_POINT('',(213.94,-18.469689,0.));
#8182 = DIRECTION('',(0.,0.,1.));
#8183 = DIRECTION('',(4.774262432645E-14,1.,-0.));
#8184 = ORIENTED_EDGE('',*,*,#7448,.F.);
#8185 = FACE_BOUND('',#8186,.F.);
#8186 = EDGE_LOOP('',(#8187));
#8187 = ORIENTED_EDGE('',*,*,#8188,.T.);
#8188 = EDGE_CURVE('',#8189,#8189,#8191,.T.);
#8189 = VERTEX_POINT('',#8190);
#8190 = CARTESIAN_POINT('',(22.78995,-100.341878,0.));
#8191 = CIRCLE('',#8192,1.505);
#8192 = AXIS2_PLACEMENT_3D('',#8193,#8194,#8195);
#8193 = CARTESIAN_POINT('',(22.78995,-98.836878,0.));
#8194 = DIRECTION('',(-0.,0.,-1.));
#8195 = DIRECTION('',(2.360607095548E-15,-1.,-0.));
#8196 = FACE_BOUND('',#8197,.F.);
#8197 = EDGE_LOOP('',(#8198));
#8198 = ORIENTED_EDGE('',*,*,#8199,.T.);
#8199 = EDGE_CURVE('',#8200,#8200,#8202,.T.);
#8200 = VERTEX_POINT('',#8201);
#8201 = CARTESIAN_POINT('',(59.15755,-94.249,0.));
#8202 = CIRCLE('',#8203,1.524);
#8203 = AXIS2_PLACEMENT_3D('',#8204,#8205,#8206);
#8204 = CARTESIAN_POINT('',(59.15755,-92.725,0.));
#8205 = DIRECTION('',(-0.,0.,-1.));
#8206 = DIRECTION('',(-0.,-1.,0.));
#8207 = FACE_BOUND('',#8208,.F.);
#8208 = EDGE_LOOP('',(#8209));
#8209 = ORIENTED_EDGE('',*,*,#8210,.T.);
#8210 = EDGE_CURVE('',#8211,#8211,#8213,.T.);
#8211 = VERTEX_POINT('',#8212);
#8212 = CARTESIAN_POINT('',(71.065,-94.2488,0.));
#8213 = CIRCLE('',#8214,1.524);
#8214 = AXIS2_PLACEMENT_3D('',#8215,#8216,#8217);
#8215 = CARTESIAN_POINT('',(71.065,-92.7248,0.));
#8216 = DIRECTION('',(-0.,0.,-1.));
#8217 = DIRECTION('',(-0.,-1.,0.));
#8218 = FACE_BOUND('',#8219,.F.);
#8219 = EDGE_LOOP('',(#8220));
#8220 = ORIENTED_EDGE('',*,*,#8221,.T.);
#8221 = EDGE_CURVE('',#8222,#8222,#8224,.T.);
#8222 = VERTEX_POINT('',#8223);
#8223 = CARTESIAN_POINT('',(18.36,-86.615,0.));
#8224 = CIRCLE('',#8225,0.875);
#8225 = AXIS2_PLACEMENT_3D('',#8226,#8227,#8228);
#8226 = CARTESIAN_POINT('',(18.36,-85.74,0.));
#8227 = DIRECTION('',(-0.,0.,-1.));
#8228 = DIRECTION('',(-0.,-1.,0.));
#8229 = FACE_BOUND('',#8230,.F.);
#8230 = EDGE_LOOP('',(#8231,#8242,#8251,#8260,#8269,#8278,#8287,#8296,
    #8305,#8314));
#8231 = ORIENTED_EDGE('',*,*,#8232,.T.);
#8232 = EDGE_CURVE('',#8233,#8235,#8237,.T.);
#8233 = VERTEX_POINT('',#8234);
#8234 = CARTESIAN_POINT('',(27.765347039833,-86.18285879206,0.));
#8235 = VERTEX_POINT('',#8236);
#8236 = CARTESIAN_POINT('',(25.82125,-87.7339,0.));
#8237 = CIRCLE('',#8238,1.9939);
#8238 = AXIS2_PLACEMENT_3D('',#8239,#8240,#8241);
#8239 = CARTESIAN_POINT('',(25.82125,-85.74,0.));
#8240 = DIRECTION('',(-0.,0.,-1.));
#8241 = DIRECTION('',(-0.,-1.,0.));
#8242 = ORIENTED_EDGE('',*,*,#8243,.T.);
#8243 = EDGE_CURVE('',#8235,#8244,#8246,.T.);
#8244 = VERTEX_POINT('',#8245);
#8245 = CARTESIAN_POINT('',(24.630625,-87.33939029613,0.));
#8246 = CIRCLE('',#8247,1.9939);
#8247 = AXIS2_PLACEMENT_3D('',#8248,#8249,#8250);
#8248 = CARTESIAN_POINT('',(25.82125,-85.74,0.));
#8249 = DIRECTION('',(-0.,0.,-1.));
#8250 = DIRECTION('',(-0.,-1.,0.));
#8251 = ORIENTED_EDGE('',*,*,#8252,.T.);
#8252 = EDGE_CURVE('',#8244,#8253,#8255,.T.);
#8253 = VERTEX_POINT('',#8254);
#8254 = CARTESIAN_POINT('',(23.44,-87.7339,0.));
#8255 = CIRCLE('',#8256,1.9939);
#8256 = AXIS2_PLACEMENT_3D('',#8257,#8258,#8259);
#8257 = CARTESIAN_POINT('',(23.44,-85.74,0.));
#8258 = DIRECTION('',(-0.,0.,-1.));
#8259 = DIRECTION('',(-0.,-1.,0.));
#8260 = ORIENTED_EDGE('',*,*,#8261,.T.);
#8261 = EDGE_CURVE('',#8253,#8262,#8264,.T.);
#8262 = VERTEX_POINT('',#8263);
#8263 = CARTESIAN_POINT('',(21.495902960167,-86.18285879206,0.));
#8264 = CIRCLE('',#8265,1.9939);
#8265 = AXIS2_PLACEMENT_3D('',#8266,#8267,#8268);
#8266 = CARTESIAN_POINT('',(23.44,-85.74,0.));
#8267 = DIRECTION('',(-0.,0.,-1.));
#8268 = DIRECTION('',(-0.,-1.,0.));
#8269 = ORIENTED_EDGE('',*,*,#8270,.T.);
#8270 = EDGE_CURVE('',#8262,#8271,#8273,.T.);
#8271 = VERTEX_POINT('',#8272);
#8272 = CARTESIAN_POINT('',(20.74125,-86.615,0.));
#8273 = CIRCLE('',#8274,0.875);
#8274 = AXIS2_PLACEMENT_3D('',#8275,#8276,#8277);
#8275 = CARTESIAN_POINT('',(20.74125,-85.74,0.));
#8276 = DIRECTION('',(-0.,0.,-1.));
#8277 = DIRECTION('',(-0.,-1.,0.));
#8278 = ORIENTED_EDGE('',*,*,#8279,.T.);
#8279 = EDGE_CURVE('',#8271,#8280,#8282,.T.);
#8280 = VERTEX_POINT('',#8281);
#8281 = CARTESIAN_POINT('',(21.495902960167,-85.29714120793,0.));
#8282 = CIRCLE('',#8283,0.875);
#8283 = AXIS2_PLACEMENT_3D('',#8284,#8285,#8286);
#8284 = CARTESIAN_POINT('',(20.74125,-85.74,0.));
#8285 = DIRECTION('',(-0.,0.,-1.));
#8286 = DIRECTION('',(-0.,-1.,0.));
#8287 = ORIENTED_EDGE('',*,*,#8288,.T.);
#8288 = EDGE_CURVE('',#8280,#8289,#8291,.T.);
#8289 = VERTEX_POINT('',#8290);
#8290 = CARTESIAN_POINT('',(24.630625,-84.14060970386,0.));
#8291 = CIRCLE('',#8292,1.9939);
#8292 = AXIS2_PLACEMENT_3D('',#8293,#8294,#8295);
#8293 = CARTESIAN_POINT('',(23.44,-85.74,0.));
#8294 = DIRECTION('',(-0.,0.,-1.));
#8295 = DIRECTION('',(-0.,-1.,0.));
#8296 = ORIENTED_EDGE('',*,*,#8297,.T.);
#8297 = EDGE_CURVE('',#8289,#8298,#8300,.T.);
#8298 = VERTEX_POINT('',#8299);
#8299 = CARTESIAN_POINT('',(27.765347039833,-85.29714120793,0.));
#8300 = CIRCLE('',#8301,1.9939);
#8301 = AXIS2_PLACEMENT_3D('',#8302,#8303,#8304);
#8302 = CARTESIAN_POINT('',(25.82125,-85.74,0.));
#8303 = DIRECTION('',(-0.,0.,-1.));
#8304 = DIRECTION('',(-0.,-1.,0.));
#8305 = ORIENTED_EDGE('',*,*,#8306,.T.);
#8306 = EDGE_CURVE('',#8298,#8307,#8309,.T.);
#8307 = VERTEX_POINT('',#8308);
#8308 = CARTESIAN_POINT('',(28.52,-86.615,0.));
#8309 = CIRCLE('',#8310,0.875);
#8310 = AXIS2_PLACEMENT_3D('',#8311,#8312,#8313);
#8311 = CARTESIAN_POINT('',(28.52,-85.74,0.));
#8312 = DIRECTION('',(-0.,0.,-1.));
#8313 = DIRECTION('',(-0.,-1.,0.));
#8314 = ORIENTED_EDGE('',*,*,#8315,.T.);
#8315 = EDGE_CURVE('',#8307,#8233,#8316,.T.);
#8316 = CIRCLE('',#8317,0.875);
#8317 = AXIS2_PLACEMENT_3D('',#8318,#8319,#8320);
#8318 = CARTESIAN_POINT('',(28.52,-85.74,0.));
#8319 = DIRECTION('',(-0.,0.,-1.));
#8320 = DIRECTION('',(-0.,-1.,0.));
#8321 = FACE_BOUND('',#8322,.F.);
#8322 = EDGE_LOOP('',(#8323));
#8323 = ORIENTED_EDGE('',*,*,#8324,.T.);
#8324 = EDGE_CURVE('',#8325,#8325,#8327,.T.);
#8325 = VERTEX_POINT('',#8326);
#8326 = CARTESIAN_POINT('',(30.90125,-86.615,0.));
#8327 = CIRCLE('',#8328,0.875);
#8328 = AXIS2_PLACEMENT_3D('',#8329,#8330,#8331);
#8329 = CARTESIAN_POINT('',(30.90125,-85.74,0.));
#8330 = DIRECTION('',(-0.,0.,-1.));
#8331 = DIRECTION('',(-0.,-1.,0.));
#8332 = FACE_BOUND('',#8333,.F.);
#8333 = EDGE_LOOP('',(#8334));
#8334 = ORIENTED_EDGE('',*,*,#8335,.T.);
#8335 = EDGE_CURVE('',#8336,#8336,#8338,.T.);
#8336 = VERTEX_POINT('',#8337);
#8337 = CARTESIAN_POINT('',(37.41,-86.615,0.));
#8338 = CIRCLE('',#8339,0.875);
#8339 = AXIS2_PLACEMENT_3D('',#8340,#8341,#8342);
#8340 = CARTESIAN_POINT('',(37.41,-85.74,0.));
#8341 = DIRECTION('',(-0.,0.,-1.));
#8342 = DIRECTION('',(-0.,-1.,0.));
#8343 = FACE_BOUND('',#8344,.F.);
#8344 = EDGE_LOOP('',(#8345,#8356,#8365,#8374));
#8345 = ORIENTED_EDGE('',*,*,#8346,.T.);
#8346 = EDGE_CURVE('',#8347,#8349,#8351,.T.);
#8347 = VERTEX_POINT('',#8348);
#8348 = CARTESIAN_POINT('',(44.299588436705,-86.5772734916,0.));
#8349 = VERTEX_POINT('',#8350);
#8350 = CARTESIAN_POINT('',(42.49,-87.7339,0.));
#8351 = CIRCLE('',#8352,1.9939);
#8352 = AXIS2_PLACEMENT_3D('',#8353,#8354,#8355);
#8353 = CARTESIAN_POINT('',(42.49,-85.74,0.));
#8354 = DIRECTION('',(-0.,0.,-1.));
#8355 = DIRECTION('',(3.563582605748E-15,-1.,-0.));
#8356 = ORIENTED_EDGE('',*,*,#8357,.T.);
#8357 = EDGE_CURVE('',#8349,#8358,#8360,.T.);
#8358 = VERTEX_POINT('',#8359);
#8359 = CARTESIAN_POINT('',(44.299588436705,-84.90272650839,0.));
#8360 = CIRCLE('',#8361,1.9939);
#8361 = AXIS2_PLACEMENT_3D('',#8362,#8363,#8364);
#8362 = CARTESIAN_POINT('',(42.49,-85.74,0.));
#8363 = DIRECTION('',(-0.,0.,-1.));
#8364 = DIRECTION('',(3.563582605748E-15,-1.,-0.));
#8365 = ORIENTED_EDGE('',*,*,#8366,.T.);
#8366 = EDGE_CURVE('',#8358,#8367,#8369,.T.);
#8367 = VERTEX_POINT('',#8368);
#8368 = CARTESIAN_POINT('',(44.55375,-86.615,0.));
#8369 = CIRCLE('',#8370,0.875);
#8370 = AXIS2_PLACEMENT_3D('',#8371,#8372,#8373);
#8371 = CARTESIAN_POINT('',(44.55375,-85.74,0.));
#8372 = DIRECTION('',(-0.,0.,-1.));
#8373 = DIRECTION('',(-0.,-1.,0.));
#8374 = ORIENTED_EDGE('',*,*,#8375,.T.);
#8375 = EDGE_CURVE('',#8367,#8347,#8376,.T.);
#8376 = CIRCLE('',#8377,0.875);
#8377 = AXIS2_PLACEMENT_3D('',#8378,#8379,#8380);
#8378 = CARTESIAN_POINT('',(44.55375,-85.74,0.));
#8379 = DIRECTION('',(-0.,0.,-1.));
#8380 = DIRECTION('',(-0.,-1.,0.));
#8381 = FACE_BOUND('',#8382,.F.);
#8382 = EDGE_LOOP('',(#8383));
#8383 = ORIENTED_EDGE('',*,*,#8384,.T.);
#8384 = EDGE_CURVE('',#8385,#8385,#8387,.T.);
#8385 = VERTEX_POINT('',#8386);
#8386 = CARTESIAN_POINT('',(19.63,-83.935,0.));
#8387 = CIRCLE('',#8388,0.735);
#8388 = AXIS2_PLACEMENT_3D('',#8389,#8390,#8391);
#8389 = CARTESIAN_POINT('',(19.63,-83.2,0.));
#8390 = DIRECTION('',(-0.,0.,-1.));
#8391 = DIRECTION('',(-0.,-1.,0.));
#8392 = FACE_BOUND('',#8393,.F.);
#8393 = EDGE_LOOP('',(#8394));
#8394 = ORIENTED_EDGE('',*,*,#8395,.T.);
#8395 = EDGE_CURVE('',#8396,#8396,#8398,.T.);
#8396 = VERTEX_POINT('',#8397);
#8397 = CARTESIAN_POINT('',(22.01125,-83.935,0.));
#8398 = CIRCLE('',#8399,0.735);
#8399 = AXIS2_PLACEMENT_3D('',#8400,#8401,#8402);
#8400 = CARTESIAN_POINT('',(22.01125,-83.2,0.));
#8401 = DIRECTION('',(-0.,0.,-1.));
#8402 = DIRECTION('',(-0.,-1.,0.));
#8403 = FACE_BOUND('',#8404,.F.);
#8404 = EDGE_LOOP('',(#8405));
#8405 = ORIENTED_EDGE('',*,*,#8406,.T.);
#8406 = EDGE_CURVE('',#8407,#8407,#8409,.T.);
#8407 = VERTEX_POINT('',#8408);
#8408 = CARTESIAN_POINT('',(25.98,-81.395,0.));
#8409 = CIRCLE('',#8410,0.735);
#8410 = AXIS2_PLACEMENT_3D('',#8411,#8412,#8413);
#8411 = CARTESIAN_POINT('',(25.98,-80.66,0.));
#8412 = DIRECTION('',(-0.,0.,-1.));
#8413 = DIRECTION('',(-0.,-1.,0.));
#8414 = FACE_BOUND('',#8415,.F.);
#8415 = EDGE_LOOP('',(#8416));
#8416 = ORIENTED_EDGE('',*,*,#8417,.T.);
#8417 = EDGE_CURVE('',#8418,#8418,#8420,.T.);
#8418 = VERTEX_POINT('',#8419);
#8419 = CARTESIAN_POINT('',(28.36125,-81.395,0.));
#8420 = CIRCLE('',#8421,0.735);
#8421 = AXIS2_PLACEMENT_3D('',#8422,#8423,#8424);
#8422 = CARTESIAN_POINT('',(28.36125,-80.66,0.));
#8423 = DIRECTION('',(-0.,0.,-1.));
#8424 = DIRECTION('',(-0.,-1.,0.));
#8425 = FACE_BOUND('',#8426,.F.);
#8426 = EDGE_LOOP('',(#8427));
#8427 = ORIENTED_EDGE('',*,*,#8428,.T.);
#8428 = EDGE_CURVE('',#8429,#8429,#8431,.T.);
#8429 = VERTEX_POINT('',#8430);
#8430 = CARTESIAN_POINT('',(38.68,-83.935,0.));
#8431 = CIRCLE('',#8432,0.735);
#8432 = AXIS2_PLACEMENT_3D('',#8433,#8434,#8435);
#8433 = CARTESIAN_POINT('',(38.68,-83.2,0.));
#8434 = DIRECTION('',(-0.,0.,-1.));
#8435 = DIRECTION('',(-0.,-1.,0.));
#8436 = FACE_BOUND('',#8437,.F.);
#8437 = EDGE_LOOP('',(#8438));
#8438 = ORIENTED_EDGE('',*,*,#8439,.T.);
#8439 = EDGE_CURVE('',#8440,#8440,#8442,.T.);
#8440 = VERTEX_POINT('',#8441);
#8441 = CARTESIAN_POINT('',(45.03,-81.395,0.));
#8442 = CIRCLE('',#8443,0.735);
#8443 = AXIS2_PLACEMENT_3D('',#8444,#8445,#8446);
#8444 = CARTESIAN_POINT('',(45.03,-80.66,0.));
#8445 = DIRECTION('',(-0.,0.,-1.));
#8446 = DIRECTION('',(-0.,-1.,0.));
#8447 = FACE_BOUND('',#8448,.F.);
#8448 = EDGE_LOOP('',(#8449,#8460,#8469,#8478));
#8449 = ORIENTED_EDGE('',*,*,#8450,.T.);
#8450 = EDGE_CURVE('',#8451,#8453,#8455,.T.);
#8451 = VERTEX_POINT('',#8452);
#8452 = CARTESIAN_POINT('',(47.824161563295,-86.5772734916,0.));
#8453 = VERTEX_POINT('',#8454);
#8454 = CARTESIAN_POINT('',(47.57,-86.615,0.));
#8455 = CIRCLE('',#8456,0.875);
#8456 = AXIS2_PLACEMENT_3D('',#8457,#8458,#8459);
#8457 = CARTESIAN_POINT('',(47.57,-85.74,0.));
#8458 = DIRECTION('',(-0.,0.,-1.));
#8459 = DIRECTION('',(-0.,-1.,0.));
#8460 = ORIENTED_EDGE('',*,*,#8461,.T.);
#8461 = EDGE_CURVE('',#8453,#8462,#8464,.T.);
#8462 = VERTEX_POINT('',#8463);
#8463 = CARTESIAN_POINT('',(47.824161563295,-84.90272650839,0.));
#8464 = CIRCLE('',#8465,0.875);
#8465 = AXIS2_PLACEMENT_3D('',#8466,#8467,#8468);
#8466 = CARTESIAN_POINT('',(47.57,-85.74,0.));
#8467 = DIRECTION('',(-0.,0.,-1.));
#8468 = DIRECTION('',(-0.,-1.,0.));
#8469 = ORIENTED_EDGE('',*,*,#8470,.T.);
#8470 = EDGE_CURVE('',#8462,#8471,#8473,.T.);
#8471 = VERTEX_POINT('',#8472);
#8472 = CARTESIAN_POINT('',(49.63375,-87.7339,0.));
#8473 = CIRCLE('',#8474,1.9939);
#8474 = AXIS2_PLACEMENT_3D('',#8475,#8476,#8477);
#8475 = CARTESIAN_POINT('',(49.63375,-85.74,0.));
#8476 = DIRECTION('',(-0.,0.,-1.));
#8477 = DIRECTION('',(-3.563582605748E-15,-1.,0.));
#8478 = ORIENTED_EDGE('',*,*,#8479,.T.);
#8479 = EDGE_CURVE('',#8471,#8451,#8480,.T.);
#8480 = CIRCLE('',#8481,1.9939);
#8481 = AXIS2_PLACEMENT_3D('',#8482,#8483,#8484);
#8482 = CARTESIAN_POINT('',(49.63375,-85.74,0.));
#8483 = DIRECTION('',(-0.,0.,-1.));
#8484 = DIRECTION('',(-3.563582605748E-15,-1.,0.));
#8485 = FACE_BOUND('',#8486,.F.);
#8486 = EDGE_LOOP('',(#8487,#8498,#8507,#8516));
#8487 = ORIENTED_EDGE('',*,*,#8488,.T.);
#8488 = EDGE_CURVE('',#8489,#8491,#8493,.T.);
#8489 = VERTEX_POINT('',#8490);
#8490 = CARTESIAN_POINT('',(55.586875,-85.79725150107,0.));
#8491 = VERTEX_POINT('',#8492);
#8492 = CARTESIAN_POINT('',(54.71375,-86.615,0.));
#8493 = CIRCLE('',#8494,0.875);
#8494 = AXIS2_PLACEMENT_3D('',#8495,#8496,#8497);
#8495 = CARTESIAN_POINT('',(54.71375,-85.74,0.));
#8496 = DIRECTION('',(-0.,0.,-1.));
#8497 = DIRECTION('',(-0.,-1.,0.));
#8498 = ORIENTED_EDGE('',*,*,#8499,.T.);
#8499 = EDGE_CURVE('',#8491,#8500,#8502,.T.);
#8500 = VERTEX_POINT('',#8501);
#8501 = CARTESIAN_POINT('',(55.586875,-85.68274849892,0.));
#8502 = CIRCLE('',#8503,0.875);
#8503 = AXIS2_PLACEMENT_3D('',#8504,#8505,#8506);
#8504 = CARTESIAN_POINT('',(54.71375,-85.74,0.));
#8505 = DIRECTION('',(-0.,0.,-1.));
#8506 = DIRECTION('',(-0.,-1.,0.));
#8507 = ORIENTED_EDGE('',*,*,#8508,.T.);
#8508 = EDGE_CURVE('',#8500,#8509,#8511,.T.);
#8509 = VERTEX_POINT('',#8510);
#8510 = CARTESIAN_POINT('',(56.46,-86.615,0.));
#8511 = CIRCLE('',#8512,0.875);
#8512 = AXIS2_PLACEMENT_3D('',#8513,#8514,#8515);
#8513 = CARTESIAN_POINT('',(56.46,-85.74,0.));
#8514 = DIRECTION('',(-0.,0.,-1.));
#8515 = DIRECTION('',(-0.,-1.,0.));
#8516 = ORIENTED_EDGE('',*,*,#8517,.T.);
#8517 = EDGE_CURVE('',#8509,#8489,#8518,.T.);
#8518 = CIRCLE('',#8519,0.875);
#8519 = AXIS2_PLACEMENT_3D('',#8520,#8521,#8522);
#8520 = CARTESIAN_POINT('',(56.46,-85.74,0.));
#8521 = DIRECTION('',(-0.,0.,-1.));
#8522 = DIRECTION('',(-0.,-1.,0.));
#8523 = FACE_BOUND('',#8524,.F.);
#8524 = EDGE_LOOP('',(#8525));
#8525 = ORIENTED_EDGE('',*,*,#8526,.T.);
#8526 = EDGE_CURVE('',#8527,#8527,#8529,.T.);
#8527 = VERTEX_POINT('',#8528);
#8528 = CARTESIAN_POINT('',(61.54,-87.7339,0.));
#8529 = CIRCLE('',#8530,1.9939);
#8530 = AXIS2_PLACEMENT_3D('',#8531,#8532,#8533);
#8531 = CARTESIAN_POINT('',(61.54,-85.74,0.));
#8532 = DIRECTION('',(-0.,0.,-1.));
#8533 = DIRECTION('',(-3.563582605748E-15,-1.,0.));
#8534 = FACE_BOUND('',#8535,.F.);
#8535 = EDGE_LOOP('',(#8536));
#8536 = ORIENTED_EDGE('',*,*,#8537,.T.);
#8537 = EDGE_CURVE('',#8538,#8538,#8540,.T.);
#8538 = VERTEX_POINT('',#8539);
#8539 = CARTESIAN_POINT('',(66.62,-86.615,0.));
#8540 = CIRCLE('',#8541,0.875);
#8541 = AXIS2_PLACEMENT_3D('',#8542,#8543,#8544);
#8542 = CARTESIAN_POINT('',(66.62,-85.74,0.));
#8543 = DIRECTION('',(-0.,0.,-1.));
#8544 = DIRECTION('',(-0.,-1.,0.));
#8545 = FACE_BOUND('',#8546,.F.);
#8546 = EDGE_LOOP('',(#8547));
#8547 = ORIENTED_EDGE('',*,*,#8548,.T.);
#8548 = EDGE_CURVE('',#8549,#8549,#8551,.T.);
#8549 = VERTEX_POINT('',#8550);
#8550 = CARTESIAN_POINT('',(45.82375,-83.935,0.));
#8551 = CIRCLE('',#8552,0.735);
#8552 = AXIS2_PLACEMENT_3D('',#8553,#8554,#8555);
#8553 = CARTESIAN_POINT('',(45.82375,-83.2,0.));
#8554 = DIRECTION('',(-0.,0.,-1.));
#8555 = DIRECTION('',(-9.66724810558E-15,-1.,0.));
#8556 = FACE_BOUND('',#8557,.F.);
#8557 = EDGE_LOOP('',(#8558));
#8558 = ORIENTED_EDGE('',*,*,#8559,.T.);
#8559 = EDGE_CURVE('',#8560,#8560,#8562,.T.);
#8560 = VERTEX_POINT('',#8561);
#8561 = CARTESIAN_POINT('',(57.73,-83.935,0.));
#8562 = CIRCLE('',#8563,0.735);
#8563 = AXIS2_PLACEMENT_3D('',#8564,#8565,#8566);
#8564 = CARTESIAN_POINT('',(57.73,-83.2,0.));
#8565 = DIRECTION('',(-0.,0.,-1.));
#8566 = DIRECTION('',(-9.66724810558E-15,-1.,0.));
#8567 = FACE_BOUND('',#8568,.F.);
#8568 = EDGE_LOOP('',(#8569));
#8569 = ORIENTED_EDGE('',*,*,#8570,.T.);
#8570 = EDGE_CURVE('',#8571,#8571,#8573,.T.);
#8571 = VERTEX_POINT('',#8572);
#8572 = CARTESIAN_POINT('',(52.17375,-81.395,0.));
#8573 = CIRCLE('',#8574,0.735);
#8574 = AXIS2_PLACEMENT_3D('',#8575,#8576,#8577);
#8575 = CARTESIAN_POINT('',(52.17375,-80.66,0.));
#8576 = DIRECTION('',(-0.,0.,-1.));
#8577 = DIRECTION('',(-0.,-1.,0.));
#8578 = FACE_BOUND('',#8579,.F.);
#8579 = EDGE_LOOP('',(#8580));
#8580 = ORIENTED_EDGE('',*,*,#8581,.T.);
#8581 = EDGE_CURVE('',#8582,#8582,#8584,.T.);
#8582 = VERTEX_POINT('',#8583);
#8583 = CARTESIAN_POINT('',(64.08,-81.395,0.));
#8584 = CIRCLE('',#8585,0.735);
#8585 = AXIS2_PLACEMENT_3D('',#8586,#8587,#8588);
#8586 = CARTESIAN_POINT('',(64.08,-80.66,0.));
#8587 = DIRECTION('',(-0.,0.,-1.));
#8588 = DIRECTION('',(-0.,-1.,0.));
#8589 = FACE_BOUND('',#8590,.F.);
#8590 = EDGE_LOOP('',(#8591));
#8591 = ORIENTED_EDGE('',*,*,#8592,.T.);
#8592 = EDGE_CURVE('',#8593,#8593,#8595,.T.);
#8593 = VERTEX_POINT('',#8594);
#8594 = CARTESIAN_POINT('',(79.7962,-100.341878,0.));
#8595 = CIRCLE('',#8596,1.505);
#8596 = AXIS2_PLACEMENT_3D('',#8597,#8598,#8599);
#8597 = CARTESIAN_POINT('',(79.7962,-98.836878,0.));
#8598 = DIRECTION('',(-0.,0.,-1.));
#8599 = DIRECTION('',(-0.,-1.,0.));
#8600 = FACE_BOUND('',#8601,.F.);
#8601 = EDGE_LOOP('',(#8602));
#8602 = ORIENTED_EDGE('',*,*,#8603,.T.);
#8603 = EDGE_CURVE('',#8604,#8604,#8606,.T.);
#8604 = VERTEX_POINT('',#8605);
#8605 = CARTESIAN_POINT('',(80.59,-94.249,0.));
#8606 = CIRCLE('',#8607,1.524);
#8607 = AXIS2_PLACEMENT_3D('',#8608,#8609,#8610);
#8608 = CARTESIAN_POINT('',(80.59,-92.725,0.));
#8609 = DIRECTION('',(-0.,0.,-1.));
#8610 = DIRECTION('',(-0.,-1.,0.));
#8611 = FACE_BOUND('',#8612,.F.);
#8612 = EDGE_LOOP('',(#8613));
#8613 = ORIENTED_EDGE('',*,*,#8614,.T.);
#8614 = EDGE_CURVE('',#8615,#8615,#8617,.T.);
#8615 = VERTEX_POINT('',#8616);
#8616 = CARTESIAN_POINT('',(118.69,-94.249,0.));
#8617 = CIRCLE('',#8618,1.524);
#8618 = AXIS2_PLACEMENT_3D('',#8619,#8620,#8621);
#8619 = CARTESIAN_POINT('',(118.69,-92.725,0.));
#8620 = DIRECTION('',(-0.,0.,-1.));
#8621 = DIRECTION('',(-0.,-1.,0.));
#8622 = FACE_BOUND('',#8623,.F.);
#8623 = EDGE_LOOP('',(#8624));
#8624 = ORIENTED_EDGE('',*,*,#8625,.T.);
#8625 = EDGE_CURVE('',#8626,#8626,#8628,.T.);
#8626 = VERTEX_POINT('',#8627);
#8627 = CARTESIAN_POINT('',(94.56,-86.615,0.));
#8628 = CIRCLE('',#8629,0.875);
#8629 = AXIS2_PLACEMENT_3D('',#8630,#8631,#8632);
#8630 = CARTESIAN_POINT('',(94.56,-85.74,0.));
#8631 = DIRECTION('',(-0.,0.,-1.));
#8632 = DIRECTION('',(-0.,-1.,0.));
#8633 = FACE_BOUND('',#8634,.F.);
#8634 = EDGE_LOOP('',(#8635));
#8635 = ORIENTED_EDGE('',*,*,#8636,.T.);
#8636 = EDGE_CURVE('',#8637,#8637,#8639,.T.);
#8637 = VERTEX_POINT('',#8638);
#8638 = CARTESIAN_POINT('',(99.64,-87.7339,0.));
#8639 = CIRCLE('',#8640,1.9939);
#8640 = AXIS2_PLACEMENT_3D('',#8641,#8642,#8643);
#8641 = CARTESIAN_POINT('',(99.64,-85.74,0.));
#8642 = DIRECTION('',(-0.,0.,-1.));
#8643 = DIRECTION('',(-0.,-1.,0.));
#8644 = FACE_BOUND('',#8645,.F.);
#8645 = EDGE_LOOP('',(#8646));
#8646 = ORIENTED_EDGE('',*,*,#8647,.T.);
#8647 = EDGE_CURVE('',#8648,#8648,#8650,.T.);
#8648 = VERTEX_POINT('',#8649);
#8649 = CARTESIAN_POINT('',(95.83,-83.935,0.));
#8650 = CIRCLE('',#8651,0.735);
#8651 = AXIS2_PLACEMENT_3D('',#8652,#8653,#8654);
#8652 = CARTESIAN_POINT('',(95.83,-83.2,0.));
#8653 = DIRECTION('',(-0.,0.,-1.));
#8654 = DIRECTION('',(-0.,-1.,0.));
#8655 = FACE_BOUND('',#8656,.F.);
#8656 = EDGE_LOOP('',(#8657));
#8657 = ORIENTED_EDGE('',*,*,#8658,.T.);
#8658 = EDGE_CURVE('',#8659,#8659,#8661,.T.);
#8659 = VERTEX_POINT('',#8660);
#8660 = CARTESIAN_POINT('',(104.72,-86.615,0.));
#8661 = CIRCLE('',#8662,0.875);
#8662 = AXIS2_PLACEMENT_3D('',#8663,#8664,#8665);
#8663 = CARTESIAN_POINT('',(104.72,-85.74,0.));
#8664 = DIRECTION('',(-0.,0.,-1.));
#8665 = DIRECTION('',(-0.,-1.,0.));
#8666 = FACE_BOUND('',#8667,.F.);
#8667 = EDGE_LOOP('',(#8668));
#8668 = ORIENTED_EDGE('',*,*,#8669,.T.);
#8669 = EDGE_CURVE('',#8670,#8670,#8672,.T.);
#8670 = VERTEX_POINT('',#8671);
#8671 = CARTESIAN_POINT('',(123.135,-86.615,0.));
#8672 = CIRCLE('',#8673,0.875);
#8673 = AXIS2_PLACEMENT_3D('',#8674,#8675,#8676);
#8674 = CARTESIAN_POINT('',(123.135,-85.74,0.));
#8675 = DIRECTION('',(-0.,0.,-1.));
#8676 = DIRECTION('',(-0.,-1.,0.));
#8677 = FACE_BOUND('',#8678,.F.);
#8678 = EDGE_LOOP('',(#8679));
#8679 = ORIENTED_EDGE('',*,*,#8680,.T.);
#8680 = EDGE_CURVE('',#8681,#8681,#8683,.T.);
#8681 = VERTEX_POINT('',#8682);
#8682 = CARTESIAN_POINT('',(102.18,-81.395,0.));
#8683 = CIRCLE('',#8684,0.735);
#8684 = AXIS2_PLACEMENT_3D('',#8685,#8686,#8687);
#8685 = CARTESIAN_POINT('',(102.18,-80.66,0.));
#8686 = DIRECTION('',(-0.,0.,-1.));
#8687 = DIRECTION('',(-0.,-1.,0.));
#8688 = FACE_BOUND('',#8689,.F.);
#8689 = EDGE_LOOP('',(#8690));
#8690 = ORIENTED_EDGE('',*,*,#8691,.T.);
#8691 = EDGE_CURVE('',#8692,#8692,#8694,.T.);
#8692 = VERTEX_POINT('',#8693);
#8693 = CARTESIAN_POINT('',(124.405,-83.935,0.));
#8694 = CIRCLE('',#8695,0.735);
#8695 = AXIS2_PLACEMENT_3D('',#8696,#8697,#8698);
#8696 = CARTESIAN_POINT('',(124.405,-83.2,0.));
#8697 = DIRECTION('',(-0.,0.,-1.));
#8698 = DIRECTION('',(-0.,-1.,0.));
#8699 = FACE_BOUND('',#8700,.F.);
#8700 = EDGE_LOOP('',(#8701));
#8701 = ORIENTED_EDGE('',*,*,#8702,.T.);
#8702 = EDGE_CURVE('',#8703,#8703,#8705,.T.);
#8703 = VERTEX_POINT('',#8704);
#8704 = CARTESIAN_POINT('',(59.15755,-79.4789,0.));
#8705 = CIRCLE('',#8706,1.9939);
#8706 = AXIS2_PLACEMENT_3D('',#8707,#8708,#8709);
#8707 = CARTESIAN_POINT('',(59.15755,-77.485,0.));
#8708 = DIRECTION('',(-0.,0.,-1.));
#8709 = DIRECTION('',(-0.,-1.,0.));
#8710 = FACE_BOUND('',#8711,.F.);
#8711 = EDGE_LOOP('',(#8712));
#8712 = ORIENTED_EDGE('',*,*,#8713,.T.);
#8713 = EDGE_CURVE('',#8714,#8714,#8716,.T.);
#8714 = VERTEX_POINT('',#8715);
#8715 = CARTESIAN_POINT('',(71.065,-79.4787,0.));
#8716 = CIRCLE('',#8717,1.9939);
#8717 = AXIS2_PLACEMENT_3D('',#8718,#8719,#8720);
#8718 = CARTESIAN_POINT('',(71.065,-77.4848,0.));
#8719 = DIRECTION('',(-0.,0.,-1.));
#8720 = DIRECTION('',(-0.,-1.,0.));
#8721 = FACE_BOUND('',#8722,.F.);
#8722 = EDGE_LOOP('',(#8723));
#8723 = ORIENTED_EDGE('',*,*,#8724,.T.);
#8724 = EDGE_CURVE('',#8725,#8725,#8727,.T.);
#8725 = VERTEX_POINT('',#8726);
#8726 = CARTESIAN_POINT('',(23.1225,-67.565,0.));
#8727 = CIRCLE('',#8728,0.875);
#8728 = AXIS2_PLACEMENT_3D('',#8729,#8730,#8731);
#8729 = CARTESIAN_POINT('',(23.1225,-66.69,0.));
#8730 = DIRECTION('',(-0.,0.,-1.));
#8731 = DIRECTION('',(-0.,-1.,0.));
#8732 = FACE_BOUND('',#8733,.F.);
#8733 = EDGE_LOOP('',(#8734));
#8734 = ORIENTED_EDGE('',*,*,#8735,.T.);
#8735 = EDGE_CURVE('',#8736,#8736,#8738,.T.);
#8736 = VERTEX_POINT('',#8737);
#8737 = CARTESIAN_POINT('',(28.2025,-68.6839,0.));
#8738 = CIRCLE('',#8739,1.9939);
#8739 = AXIS2_PLACEMENT_3D('',#8740,#8741,#8742);
#8740 = CARTESIAN_POINT('',(28.2025,-66.69,0.));
#8741 = DIRECTION('',(-0.,0.,-1.));
#8742 = DIRECTION('',(-0.,-1.,0.));
#8743 = FACE_BOUND('',#8744,.F.);
#8744 = EDGE_LOOP('',(#8745));
#8745 = ORIENTED_EDGE('',*,*,#8746,.T.);
#8746 = EDGE_CURVE('',#8747,#8747,#8749,.T.);
#8747 = VERTEX_POINT('',#8748);
#8748 = CARTESIAN_POINT('',(24.3925,-64.885,0.));
#8749 = CIRCLE('',#8750,0.735);
#8750 = AXIS2_PLACEMENT_3D('',#8751,#8752,#8753);
#8751 = CARTESIAN_POINT('',(24.3925,-64.15,0.));
#8752 = DIRECTION('',(-0.,0.,-1.));
#8753 = DIRECTION('',(-0.,-1.,0.));
#8754 = FACE_BOUND('',#8755,.F.);
#8755 = EDGE_LOOP('',(#8756));
#8756 = ORIENTED_EDGE('',*,*,#8757,.T.);
#8757 = EDGE_CURVE('',#8758,#8758,#8760,.T.);
#8758 = VERTEX_POINT('',#8759);
#8759 = CARTESIAN_POINT('',(33.2825,-67.565,0.));
#8760 = CIRCLE('',#8761,0.875);
#8761 = AXIS2_PLACEMENT_3D('',#8762,#8763,#8764);
#8762 = CARTESIAN_POINT('',(33.2825,-66.69,0.));
#8763 = DIRECTION('',(-0.,0.,-1.));
#8764 = DIRECTION('',(-0.,-1.,0.));
#8765 = FACE_BOUND('',#8766,.F.);
#8766 = EDGE_LOOP('',(#8767));
#8767 = ORIENTED_EDGE('',*,*,#8768,.T.);
#8768 = EDGE_CURVE('',#8769,#8769,#8771,.T.);
#8769 = VERTEX_POINT('',#8770);
#8770 = CARTESIAN_POINT('',(30.7425,-62.345,0.));
#8771 = CIRCLE('',#8772,0.735);
#8772 = AXIS2_PLACEMENT_3D('',#8773,#8774,#8775);
#8773 = CARTESIAN_POINT('',(30.7425,-61.61,0.));
#8774 = DIRECTION('',(-0.,0.,-1.));
#8775 = DIRECTION('',(-0.,-1.,0.));
#8776 = FACE_BOUND('',#8777,.F.);
#8777 = EDGE_LOOP('',(#8778));
#8778 = ORIENTED_EDGE('',*,*,#8779,.T.);
#8779 = EDGE_CURVE('',#8780,#8780,#8782,.T.);
#8780 = VERTEX_POINT('',#8781);
#8781 = CARTESIAN_POINT('',(46.935,-67.565,0.));
#8782 = CIRCLE('',#8783,0.875);
#8783 = AXIS2_PLACEMENT_3D('',#8784,#8785,#8786);
#8784 = CARTESIAN_POINT('',(46.935,-66.69,0.));
#8785 = DIRECTION('',(-0.,0.,-1.));
#8786 = DIRECTION('',(-0.,-1.,0.));
#8787 = FACE_BOUND('',#8788,.F.);
#8788 = EDGE_LOOP('',(#8789));
#8789 = ORIENTED_EDGE('',*,*,#8790,.T.);
#8790 = EDGE_CURVE('',#8791,#8791,#8793,.T.);
#8791 = VERTEX_POINT('',#8792);
#8792 = CARTESIAN_POINT('',(52.015,-68.6839,0.));
#8793 = CIRCLE('',#8794,1.9939);
#8794 = AXIS2_PLACEMENT_3D('',#8795,#8796,#8797);
#8795 = CARTESIAN_POINT('',(52.015,-66.69,0.));
#8796 = DIRECTION('',(-0.,0.,-1.));
#8797 = DIRECTION('',(-0.,-1.,0.));
#8798 = FACE_BOUND('',#8799,.F.);
#8799 = EDGE_LOOP('',(#8800));
#8800 = ORIENTED_EDGE('',*,*,#8801,.T.);
#8801 = EDGE_CURVE('',#8802,#8802,#8804,.T.);
#8802 = VERTEX_POINT('',#8803);
#8803 = CARTESIAN_POINT('',(57.095,-67.565,0.));
#8804 = CIRCLE('',#8805,0.875);
#8805 = AXIS2_PLACEMENT_3D('',#8806,#8807,#8808);
#8806 = CARTESIAN_POINT('',(57.095,-66.69,0.));
#8807 = DIRECTION('',(-0.,0.,-1.));
#8808 = DIRECTION('',(-0.,-1.,0.));
#8809 = FACE_BOUND('',#8810,.F.);
#8810 = EDGE_LOOP('',(#8811));
#8811 = ORIENTED_EDGE('',*,*,#8812,.T.);
#8812 = EDGE_CURVE('',#8813,#8813,#8815,.T.);
#8813 = VERTEX_POINT('',#8814);
#8814 = CARTESIAN_POINT('',(48.205,-64.885,0.));
#8815 = CIRCLE('',#8816,0.735);
#8816 = AXIS2_PLACEMENT_3D('',#8817,#8818,#8819);
#8817 = CARTESIAN_POINT('',(48.205,-64.15,0.));
#8818 = DIRECTION('',(-0.,0.,-1.));
#8819 = DIRECTION('',(-0.,-1.,0.));
#8820 = FACE_BOUND('',#8821,.F.);
#8821 = EDGE_LOOP('',(#8822));
#8822 = ORIENTED_EDGE('',*,*,#8823,.T.);
#8823 = EDGE_CURVE('',#8824,#8824,#8826,.T.);
#8824 = VERTEX_POINT('',#8825);
#8825 = CARTESIAN_POINT('',(65.985,-67.565,0.));
#8826 = CIRCLE('',#8827,0.875);
#8827 = AXIS2_PLACEMENT_3D('',#8828,#8829,#8830);
#8828 = CARTESIAN_POINT('',(65.985,-66.69,0.));
#8829 = DIRECTION('',(-0.,0.,-1.));
#8830 = DIRECTION('',(-0.,-1.,0.));
#8831 = FACE_BOUND('',#8832,.F.);
#8832 = EDGE_LOOP('',(#8833));
#8833 = ORIENTED_EDGE('',*,*,#8834,.T.);
#8834 = EDGE_CURVE('',#8835,#8835,#8837,.T.);
#8835 = VERTEX_POINT('',#8836);
#8836 = CARTESIAN_POINT('',(71.065,-68.6839,0.));
#8837 = CIRCLE('',#8838,1.9939);
#8838 = AXIS2_PLACEMENT_3D('',#8839,#8840,#8841);
#8839 = CARTESIAN_POINT('',(71.065,-66.69,0.));
#8840 = DIRECTION('',(-0.,0.,-1.));
#8841 = DIRECTION('',(-0.,-1.,0.));
#8842 = FACE_BOUND('',#8843,.F.);
#8843 = EDGE_LOOP('',(#8844));
#8844 = ORIENTED_EDGE('',*,*,#8845,.T.);
#8845 = EDGE_CURVE('',#8846,#8846,#8848,.T.);
#8846 = VERTEX_POINT('',#8847);
#8847 = CARTESIAN_POINT('',(67.255,-64.885,0.));
#8848 = CIRCLE('',#8849,0.735);
#8849 = AXIS2_PLACEMENT_3D('',#8850,#8851,#8852);
#8850 = CARTESIAN_POINT('',(67.255,-64.15,0.));
#8851 = DIRECTION('',(-0.,0.,-1.));
#8852 = DIRECTION('',(-0.,-1.,0.));
#8853 = FACE_BOUND('',#8854,.F.);
#8854 = EDGE_LOOP('',(#8855));
#8855 = ORIENTED_EDGE('',*,*,#8856,.T.);
#8856 = EDGE_CURVE('',#8857,#8857,#8859,.T.);
#8857 = VERTEX_POINT('',#8858);
#8858 = CARTESIAN_POINT('',(54.555,-62.345,0.));
#8859 = CIRCLE('',#8860,0.735);
#8860 = AXIS2_PLACEMENT_3D('',#8861,#8862,#8863);
#8861 = CARTESIAN_POINT('',(54.555,-61.61,0.));
#8862 = DIRECTION('',(-0.,0.,-1.));
#8863 = DIRECTION('',(-0.,-1.,0.));
#8864 = FACE_BOUND('',#8865,.F.);
#8865 = EDGE_LOOP('',(#8866));
#8866 = ORIENTED_EDGE('',*,*,#8867,.T.);
#8867 = EDGE_CURVE('',#8868,#8868,#8870,.T.);
#8868 = VERTEX_POINT('',#8869);
#8869 = CARTESIAN_POINT('',(80.59,-79.4789,0.));
#8870 = CIRCLE('',#8871,1.9939);
#8871 = AXIS2_PLACEMENT_3D('',#8872,#8873,#8874);
#8872 = CARTESIAN_POINT('',(80.59,-77.485,0.));
#8873 = DIRECTION('',(-0.,0.,-1.));
#8874 = DIRECTION('',(-0.,-1.,0.));
#8875 = FACE_BOUND('',#8876,.F.);
#8876 = EDGE_LOOP('',(#8877));
#8877 = ORIENTED_EDGE('',*,*,#8878,.T.);
#8878 = EDGE_CURVE('',#8879,#8879,#8881,.T.);
#8879 = VERTEX_POINT('',#8880);
#8880 = CARTESIAN_POINT('',(118.69,-79.4789,0.));
#8881 = CIRCLE('',#8882,1.9939);
#8882 = AXIS2_PLACEMENT_3D('',#8883,#8884,#8885);
#8883 = CARTESIAN_POINT('',(118.69,-77.485,0.));
#8884 = DIRECTION('',(-0.,0.,-1.));
#8885 = DIRECTION('',(-0.,-1.,0.));
#8886 = FACE_BOUND('',#8887,.F.);
#8887 = EDGE_LOOP('',(#8888));
#8888 = ORIENTED_EDGE('',*,*,#8889,.T.);
#8889 = EDGE_CURVE('',#8890,#8890,#8892,.T.);
#8890 = VERTEX_POINT('',#8891);
#8891 = CARTESIAN_POINT('',(76.145,-67.565,0.));
#8892 = CIRCLE('',#8893,0.875);
#8893 = AXIS2_PLACEMENT_3D('',#8894,#8895,#8896);
#8894 = CARTESIAN_POINT('',(76.145,-66.69,0.));
#8895 = DIRECTION('',(-0.,0.,-1.));
#8896 = DIRECTION('',(-0.,-1.,0.));
#8897 = FACE_BOUND('',#8898,.F.);
#8898 = EDGE_LOOP('',(#8899));
#8899 = ORIENTED_EDGE('',*,*,#8900,.T.);
#8900 = EDGE_CURVE('',#8901,#8901,#8903,.T.);
#8901 = VERTEX_POINT('',#8902);
#8902 = CARTESIAN_POINT('',(85.035,-67.565,0.));
#8903 = CIRCLE('',#8904,0.875);
#8904 = AXIS2_PLACEMENT_3D('',#8905,#8906,#8907);
#8905 = CARTESIAN_POINT('',(85.035,-66.69,0.));
#8906 = DIRECTION('',(-0.,0.,-1.));
#8907 = DIRECTION('',(-0.,-1.,0.));
#8908 = FACE_BOUND('',#8909,.F.);
#8909 = EDGE_LOOP('',(#8910));
#8910 = ORIENTED_EDGE('',*,*,#8911,.T.);
#8911 = EDGE_CURVE('',#8912,#8912,#8914,.T.);
#8912 = VERTEX_POINT('',#8913);
#8913 = CARTESIAN_POINT('',(86.305,-64.885,0.));
#8914 = CIRCLE('',#8915,0.735);
#8915 = AXIS2_PLACEMENT_3D('',#8916,#8917,#8918);
#8916 = CARTESIAN_POINT('',(86.305,-64.15,0.));
#8917 = DIRECTION('',(-0.,0.,-1.));
#8918 = DIRECTION('',(-0.,-1.,0.));
#8919 = FACE_BOUND('',#8920,.F.);
#8920 = EDGE_LOOP('',(#8921));
#8921 = ORIENTED_EDGE('',*,*,#8922,.T.);
#8922 = EDGE_CURVE('',#8923,#8923,#8925,.T.);
#8923 = VERTEX_POINT('',#8924);
#8924 = CARTESIAN_POINT('',(90.115,-68.6839,0.));
#8925 = CIRCLE('',#8926,1.9939);
#8926 = AXIS2_PLACEMENT_3D('',#8927,#8928,#8929);
#8927 = CARTESIAN_POINT('',(90.115,-66.69,0.));
#8928 = DIRECTION('',(-0.,0.,-1.));
#8929 = DIRECTION('',(-7.127165211496E-15,-1.,0.));
#8930 = FACE_BOUND('',#8931,.F.);
#8931 = EDGE_LOOP('',(#8932));
#8932 = ORIENTED_EDGE('',*,*,#8933,.T.);
#8933 = EDGE_CURVE('',#8934,#8934,#8936,.T.);
#8934 = VERTEX_POINT('',#8935);
#8935 = CARTESIAN_POINT('',(95.195,-67.565,0.));
#8936 = CIRCLE('',#8937,0.875);
#8937 = AXIS2_PLACEMENT_3D('',#8938,#8939,#8940);
#8938 = CARTESIAN_POINT('',(95.195,-66.69,0.));
#8939 = DIRECTION('',(-0.,0.,-1.));
#8940 = DIRECTION('',(-0.,-1.,0.));
#8941 = FACE_BOUND('',#8942,.F.);
#8942 = EDGE_LOOP('',(#8943));
#8943 = ORIENTED_EDGE('',*,*,#8944,.T.);
#8944 = EDGE_CURVE('',#8945,#8945,#8947,.T.);
#8945 = VERTEX_POINT('',#8946);
#8946 = CARTESIAN_POINT('',(73.605,-62.345,0.));
#8947 = CIRCLE('',#8948,0.735);
#8948 = AXIS2_PLACEMENT_3D('',#8949,#8950,#8951);
#8949 = CARTESIAN_POINT('',(73.605,-61.61,0.));
#8950 = DIRECTION('',(-0.,0.,-1.));
#8951 = DIRECTION('',(-0.,-1.,0.));
#8952 = FACE_BOUND('',#8953,.F.);
#8953 = EDGE_LOOP('',(#8954));
#8954 = ORIENTED_EDGE('',*,*,#8955,.T.);
#8955 = EDGE_CURVE('',#8956,#8956,#8958,.T.);
#8956 = VERTEX_POINT('',#8957);
#8957 = CARTESIAN_POINT('',(92.655,-62.345,0.));
#8958 = CIRCLE('',#8959,0.735);
#8959 = AXIS2_PLACEMENT_3D('',#8960,#8961,#8962);
#8960 = CARTESIAN_POINT('',(92.655,-61.61,0.));
#8961 = DIRECTION('',(-0.,0.,-1.));
#8962 = DIRECTION('',(-0.,-1.,0.));
#8963 = FACE_BOUND('',#8964,.F.);
#8964 = EDGE_LOOP('',(#8965));
#8965 = ORIENTED_EDGE('',*,*,#8966,.T.);
#8966 = EDGE_CURVE('',#8967,#8967,#8969,.T.);
#8967 = VERTEX_POINT('',#8968);
#8968 = CARTESIAN_POINT('',(104.085,-67.565,0.));
#8969 = CIRCLE('',#8970,0.875);
#8970 = AXIS2_PLACEMENT_3D('',#8971,#8972,#8973);
#8971 = CARTESIAN_POINT('',(104.085,-66.69,0.));
#8972 = DIRECTION('',(-0.,0.,-1.));
#8973 = DIRECTION('',(-0.,-1.,0.));
#8974 = FACE_BOUND('',#8975,.F.);
#8975 = EDGE_LOOP('',(#8976));
#8976 = ORIENTED_EDGE('',*,*,#8977,.T.);
#8977 = EDGE_CURVE('',#8978,#8978,#8980,.T.);
#8978 = VERTEX_POINT('',#8979);
#8979 = CARTESIAN_POINT('',(109.165,-68.6839,0.));
#8980 = CIRCLE('',#8981,1.9939);
#8981 = AXIS2_PLACEMENT_3D('',#8982,#8983,#8984);
#8982 = CARTESIAN_POINT('',(109.165,-66.69,0.));
#8983 = DIRECTION('',(-0.,0.,-1.));
#8984 = DIRECTION('',(7.127165211496E-15,-1.,-0.));
#8985 = FACE_BOUND('',#8986,.F.);
#8986 = EDGE_LOOP('',(#8987));
#8987 = ORIENTED_EDGE('',*,*,#8988,.T.);
#8988 = EDGE_CURVE('',#8989,#8989,#8991,.T.);
#8989 = VERTEX_POINT('',#8990);
#8990 = CARTESIAN_POINT('',(114.245,-67.565,0.));
#8991 = CIRCLE('',#8992,0.875);
#8992 = AXIS2_PLACEMENT_3D('',#8993,#8994,#8995);
#8993 = CARTESIAN_POINT('',(114.245,-66.69,0.));
#8994 = DIRECTION('',(-0.,0.,-1.));
#8995 = DIRECTION('',(-0.,-1.,0.));
#8996 = FACE_BOUND('',#8997,.F.);
#8997 = EDGE_LOOP('',(#8998));
#8998 = ORIENTED_EDGE('',*,*,#8999,.T.);
#8999 = EDGE_CURVE('',#9000,#9000,#9002,.T.);
#9000 = VERTEX_POINT('',#9001);
#9001 = CARTESIAN_POINT('',(105.355,-64.885,0.));
#9002 = CIRCLE('',#9003,0.735);
#9003 = AXIS2_PLACEMENT_3D('',#9004,#9005,#9006);
#9004 = CARTESIAN_POINT('',(105.355,-64.15,0.));
#9005 = DIRECTION('',(-0.,0.,-1.));
#9006 = DIRECTION('',(-0.,-1.,0.));
#9007 = FACE_BOUND('',#9008,.F.);
#9008 = EDGE_LOOP('',(#9009));
#9009 = ORIENTED_EDGE('',*,*,#9010,.T.);
#9010 = EDGE_CURVE('',#9011,#9011,#9013,.T.);
#9011 = VERTEX_POINT('',#9012);
#9012 = CARTESIAN_POINT('',(123.135,-67.565,0.));
#9013 = CIRCLE('',#9014,0.875);
#9014 = AXIS2_PLACEMENT_3D('',#9015,#9016,#9017);
#9015 = CARTESIAN_POINT('',(123.135,-66.69,0.));
#9016 = DIRECTION('',(-0.,0.,-1.));
#9017 = DIRECTION('',(-0.,-1.,0.));
#9018 = FACE_BOUND('',#9019,.F.);
#9019 = EDGE_LOOP('',(#9020));
#9020 = ORIENTED_EDGE('',*,*,#9021,.T.);
#9021 = EDGE_CURVE('',#9022,#9022,#9024,.T.);
#9022 = VERTEX_POINT('',#9023);
#9023 = CARTESIAN_POINT('',(124.405,-64.885,0.));
#9024 = CIRCLE('',#9025,0.735);
#9025 = AXIS2_PLACEMENT_3D('',#9026,#9027,#9028);
#9026 = CARTESIAN_POINT('',(124.405,-64.15,0.));
#9027 = DIRECTION('',(-0.,0.,-1.));
#9028 = DIRECTION('',(-0.,-1.,0.));
#9029 = FACE_BOUND('',#9030,.F.);
#9030 = EDGE_LOOP('',(#9031));
#9031 = ORIENTED_EDGE('',*,*,#9032,.T.);
#9032 = EDGE_CURVE('',#9033,#9033,#9035,.T.);
#9033 = VERTEX_POINT('',#9034);
#9034 = CARTESIAN_POINT('',(111.705,-62.345,0.));
#9035 = CIRCLE('',#9036,0.735);
#9036 = AXIS2_PLACEMENT_3D('',#9037,#9038,#9039);
#9037 = CARTESIAN_POINT('',(111.705,-61.61,0.));
#9038 = DIRECTION('',(-0.,0.,-1.));
#9039 = DIRECTION('',(-0.,-1.,0.));
#9040 = FACE_BOUND('',#9041,.F.);
#9041 = EDGE_LOOP('',(#9042));
#9042 = ORIENTED_EDGE('',*,*,#9043,.T.);
#9043 = EDGE_CURVE('',#9044,#9044,#9046,.T.);
#9044 = VERTEX_POINT('',#9045);
#9045 = CARTESIAN_POINT('',(137.74,-94.249,0.));
#9046 = CIRCLE('',#9047,1.524);
#9047 = AXIS2_PLACEMENT_3D('',#9048,#9049,#9050);
#9048 = CARTESIAN_POINT('',(137.74,-92.725,0.));
#9049 = DIRECTION('',(-0.,0.,-1.));
#9050 = DIRECTION('',(-0.,-1.,0.));
#9051 = FACE_BOUND('',#9052,.F.);
#9052 = EDGE_LOOP('',(#9053));
#9053 = ORIENTED_EDGE('',*,*,#9054,.T.);
#9054 = EDGE_CURVE('',#9055,#9055,#9057,.T.);
#9055 = VERTEX_POINT('',#9056);
#9056 = CARTESIAN_POINT('',(176.6338,-100.341881,0.));
#9057 = CIRCLE('',#9058,1.505);
#9058 = AXIS2_PLACEMENT_3D('',#9059,#9060,#9061);
#9059 = CARTESIAN_POINT('',(176.6338,-98.836881,0.));
#9060 = DIRECTION('',(-0.,0.,-1.));
#9061 = DIRECTION('',(-0.,-1.,0.));
#9062 = FACE_BOUND('',#9063,.F.);
#9063 = EDGE_LOOP('',(#9064));
#9064 = ORIENTED_EDGE('',*,*,#9065,.T.);
#9065 = EDGE_CURVE('',#9066,#9066,#9068,.T.);
#9066 = VERTEX_POINT('',#9067);
#9067 = CARTESIAN_POINT('',(175.84,-94.249,0.));
#9068 = CIRCLE('',#9069,1.524);
#9069 = AXIS2_PLACEMENT_3D('',#9070,#9071,#9072);
#9070 = CARTESIAN_POINT('',(175.84,-92.725,0.));
#9071 = DIRECTION('',(-0.,0.,-1.));
#9072 = DIRECTION('',(-0.,-1.,0.));
#9073 = FACE_BOUND('',#9074,.F.);
#9074 = EDGE_LOOP('',(#9075));
#9075 = ORIENTED_EDGE('',*,*,#9076,.T.);
#9076 = EDGE_CURVE('',#9077,#9077,#9079,.T.);
#9077 = VERTEX_POINT('',#9078);
#9078 = CARTESIAN_POINT('',(128.215,-87.7339,0.));
#9079 = CIRCLE('',#9080,1.9939);
#9080 = AXIS2_PLACEMENT_3D('',#9081,#9082,#9083);
#9081 = CARTESIAN_POINT('',(128.215,-85.74,0.));
#9082 = DIRECTION('',(-0.,0.,-1.));
#9083 = DIRECTION('',(-0.,-1.,0.));
#9084 = FACE_BOUND('',#9085,.F.);
#9085 = EDGE_LOOP('',(#9086));
#9086 = ORIENTED_EDGE('',*,*,#9087,.T.);
#9087 = EDGE_CURVE('',#9088,#9088,#9090,.T.);
#9088 = VERTEX_POINT('',#9089);
#9089 = CARTESIAN_POINT('',(133.295,-86.615,0.));
#9090 = CIRCLE('',#9091,0.875);
#9091 = AXIS2_PLACEMENT_3D('',#9092,#9093,#9094);
#9092 = CARTESIAN_POINT('',(133.295,-85.74,0.));
#9093 = DIRECTION('',(-0.,0.,-1.));
#9094 = DIRECTION('',(-0.,-1.,0.));
#9095 = FACE_BOUND('',#9096,.F.);
#9096 = EDGE_LOOP('',(#9097));
#9097 = ORIENTED_EDGE('',*,*,#9098,.T.);
#9098 = EDGE_CURVE('',#9099,#9099,#9101,.T.);
#9099 = VERTEX_POINT('',#9100);
#9100 = CARTESIAN_POINT('',(151.71,-86.615,0.));
#9101 = CIRCLE('',#9102,0.875);
#9102 = AXIS2_PLACEMENT_3D('',#9103,#9104,#9105);
#9103 = CARTESIAN_POINT('',(151.71,-85.74,0.));
#9104 = DIRECTION('',(-0.,0.,-1.));
#9105 = DIRECTION('',(-0.,-1.,0.));
#9106 = FACE_BOUND('',#9107,.F.);
#9107 = EDGE_LOOP('',(#9108));
#9108 = ORIENTED_EDGE('',*,*,#9109,.T.);
#9109 = EDGE_CURVE('',#9110,#9110,#9112,.T.);
#9110 = VERTEX_POINT('',#9111);
#9111 = CARTESIAN_POINT('',(130.755,-81.395,0.));
#9112 = CIRCLE('',#9113,0.735);
#9113 = AXIS2_PLACEMENT_3D('',#9114,#9115,#9116);
#9114 = CARTESIAN_POINT('',(130.755,-80.66,0.));
#9115 = DIRECTION('',(-0.,0.,-1.));
#9116 = DIRECTION('',(-0.,-1.,0.));
#9117 = FACE_BOUND('',#9118,.F.);
#9118 = EDGE_LOOP('',(#9119));
#9119 = ORIENTED_EDGE('',*,*,#9120,.T.);
#9120 = EDGE_CURVE('',#9121,#9121,#9123,.T.);
#9121 = VERTEX_POINT('',#9122);
#9122 = CARTESIAN_POINT('',(152.98,-83.935,0.));
#9123 = CIRCLE('',#9124,0.735);
#9124 = AXIS2_PLACEMENT_3D('',#9125,#9126,#9127);
#9125 = CARTESIAN_POINT('',(152.98,-83.2,0.));
#9126 = DIRECTION('',(-0.,0.,-1.));
#9127 = DIRECTION('',(-3.866899242232E-14,-1.,0.));
#9128 = FACE_BOUND('',#9129,.F.);
#9129 = EDGE_LOOP('',(#9130));
#9130 = ORIENTED_EDGE('',*,*,#9131,.T.);
#9131 = EDGE_CURVE('',#9132,#9132,#9134,.T.);
#9132 = VERTEX_POINT('',#9133);
#9133 = CARTESIAN_POINT('',(156.79,-87.7339,0.));
#9134 = CIRCLE('',#9135,1.9939);
#9135 = AXIS2_PLACEMENT_3D('',#9136,#9137,#9138);
#9136 = CARTESIAN_POINT('',(156.79,-85.74,0.));
#9137 = DIRECTION('',(-0.,0.,-1.));
#9138 = DIRECTION('',(-0.,-1.,0.));
#9139 = FACE_BOUND('',#9140,.F.);
#9140 = EDGE_LOOP('',(#9141));
#9141 = ORIENTED_EDGE('',*,*,#9142,.T.);
#9142 = EDGE_CURVE('',#9143,#9143,#9145,.T.);
#9143 = VERTEX_POINT('',#9144);
#9144 = CARTESIAN_POINT('',(161.87,-86.615,0.));
#9145 = CIRCLE('',#9146,0.875);
#9146 = AXIS2_PLACEMENT_3D('',#9147,#9148,#9149);
#9147 = CARTESIAN_POINT('',(161.87,-85.74,0.));
#9148 = DIRECTION('',(-0.,0.,-1.));
#9149 = DIRECTION('',(-0.,-1.,0.));
#9150 = FACE_BOUND('',#9151,.F.);
#9151 = EDGE_LOOP('',(#9152));
#9152 = ORIENTED_EDGE('',*,*,#9153,.T.);
#9153 = EDGE_CURVE('',#9154,#9154,#9156,.T.);
#9154 = VERTEX_POINT('',#9155);
#9155 = CARTESIAN_POINT('',(159.33,-81.395,0.));
#9156 = CIRCLE('',#9157,0.735);
#9157 = AXIS2_PLACEMENT_3D('',#9158,#9159,#9160);
#9158 = CARTESIAN_POINT('',(159.33,-80.66,0.));
#9159 = DIRECTION('',(-0.,0.,-1.));
#9160 = DIRECTION('',(3.866899242232E-14,-1.,-0.));
#9161 = FACE_BOUND('',#9162,.F.);
#9162 = EDGE_LOOP('',(#9163));
#9163 = ORIENTED_EDGE('',*,*,#9164,.T.);
#9164 = EDGE_CURVE('',#9165,#9165,#9167,.T.);
#9165 = VERTEX_POINT('',#9166);
#9166 = CARTESIAN_POINT('',(185.365,-94.2488,0.));
#9167 = CIRCLE('',#9168,1.524);
#9168 = AXIS2_PLACEMENT_3D('',#9169,#9170,#9171);
#9169 = CARTESIAN_POINT('',(185.365,-92.7248,0.));
#9170 = DIRECTION('',(-0.,0.,-1.));
#9171 = DIRECTION('',(-0.,-1.,0.));
#9172 = FACE_BOUND('',#9173,.F.);
#9173 = EDGE_LOOP('',(#9174));
#9174 = ORIENTED_EDGE('',*,*,#9175,.T.);
#9175 = EDGE_CURVE('',#9176,#9176,#9178,.T.);
#9176 = VERTEX_POINT('',#9177);
#9177 = CARTESIAN_POINT('',(197.27245,-94.2488,0.));
#9178 = CIRCLE('',#9179,1.524);
#9179 = AXIS2_PLACEMENT_3D('',#9180,#9181,#9182);
#9180 = CARTESIAN_POINT('',(197.27245,-92.7248,0.));
#9181 = DIRECTION('',(-0.,0.,-1.));
#9182 = DIRECTION('',(-0.,-1.,0.));
#9183 = FACE_BOUND('',#9184,.F.);
#9184 = EDGE_LOOP('',(#9185));
#9185 = ORIENTED_EDGE('',*,*,#9186,.T.);
#9186 = EDGE_CURVE('',#9187,#9187,#9189,.T.);
#9187 = VERTEX_POINT('',#9188);
#9188 = CARTESIAN_POINT('',(233.7838,-100.341881,0.));
#9189 = CIRCLE('',#9190,1.505);
#9190 = AXIS2_PLACEMENT_3D('',#9191,#9192,#9193);
#9191 = CARTESIAN_POINT('',(233.7838,-98.836881,0.));
#9192 = DIRECTION('',(-0.,0.,-1.));
#9193 = DIRECTION('',(1.888485676439E-14,-1.,-0.));
#9194 = FACE_BOUND('',#9195,.F.);
#9195 = EDGE_LOOP('',(#9196));
#9196 = ORIENTED_EDGE('',*,*,#9197,.T.);
#9197 = EDGE_CURVE('',#9198,#9198,#9200,.T.);
#9198 = VERTEX_POINT('',#9199);
#9199 = CARTESIAN_POINT('',(189.81,-86.615,0.));
#9200 = CIRCLE('',#9201,0.875);
#9201 = AXIS2_PLACEMENT_3D('',#9202,#9203,#9204);
#9202 = CARTESIAN_POINT('',(189.81,-85.74,0.));
#9203 = DIRECTION('',(-0.,0.,-1.));
#9204 = DIRECTION('',(-0.,-1.,0.));
#9205 = FACE_BOUND('',#9206,.F.);
#9206 = EDGE_LOOP('',(#9207));
#9207 = ORIENTED_EDGE('',*,*,#9208,.T.);
#9208 = EDGE_CURVE('',#9209,#9209,#9211,.T.);
#9209 = VERTEX_POINT('',#9210);
#9210 = CARTESIAN_POINT('',(194.89,-87.7339,0.));
#9211 = CIRCLE('',#9212,1.9939);
#9212 = AXIS2_PLACEMENT_3D('',#9213,#9214,#9215);
#9213 = CARTESIAN_POINT('',(194.89,-85.74,0.));
#9214 = DIRECTION('',(-0.,0.,-1.));
#9215 = DIRECTION('',(-0.,-1.,0.));
#9216 = FACE_BOUND('',#9217,.F.);
#9217 = EDGE_LOOP('',(#9218,#9229,#9238,#9247));
#9218 = ORIENTED_EDGE('',*,*,#9219,.T.);
#9219 = EDGE_CURVE('',#9220,#9222,#9224,.T.);
#9220 = VERTEX_POINT('',#9221);
#9221 = CARTESIAN_POINT('',(200.843125,-85.79725150107,0.));
#9222 = VERTEX_POINT('',#9223);
#9223 = CARTESIAN_POINT('',(199.97,-86.615,0.));
#9224 = CIRCLE('',#9225,0.875);
#9225 = AXIS2_PLACEMENT_3D('',#9226,#9227,#9228);
#9226 = CARTESIAN_POINT('',(199.97,-85.74,0.));
#9227 = DIRECTION('',(-0.,0.,-1.));
#9228 = DIRECTION('',(-0.,-1.,0.));
#9229 = ORIENTED_EDGE('',*,*,#9230,.T.);
#9230 = EDGE_CURVE('',#9222,#9231,#9233,.T.);
#9231 = VERTEX_POINT('',#9232);
#9232 = CARTESIAN_POINT('',(200.843125,-85.68274849892,0.));
#9233 = CIRCLE('',#9234,0.875);
#9234 = AXIS2_PLACEMENT_3D('',#9235,#9236,#9237);
#9235 = CARTESIAN_POINT('',(199.97,-85.74,0.));
#9236 = DIRECTION('',(-0.,0.,-1.));
#9237 = DIRECTION('',(-0.,-1.,0.));
#9238 = ORIENTED_EDGE('',*,*,#9239,.T.);
#9239 = EDGE_CURVE('',#9231,#9240,#9242,.T.);
#9240 = VERTEX_POINT('',#9241);
#9241 = CARTESIAN_POINT('',(201.71625,-86.615,0.));
#9242 = CIRCLE('',#9243,0.875);
#9243 = AXIS2_PLACEMENT_3D('',#9244,#9245,#9246);
#9244 = CARTESIAN_POINT('',(201.71625,-85.74,0.));
#9245 = DIRECTION('',(-0.,0.,-1.));
#9246 = DIRECTION('',(-0.,-1.,0.));
#9247 = ORIENTED_EDGE('',*,*,#9248,.T.);
#9248 = EDGE_CURVE('',#9240,#9220,#9249,.T.);
#9249 = CIRCLE('',#9250,0.875);
#9250 = AXIS2_PLACEMENT_3D('',#9251,#9252,#9253);
#9251 = CARTESIAN_POINT('',(201.71625,-85.74,0.));
#9252 = DIRECTION('',(-0.,0.,-1.));
#9253 = DIRECTION('',(-0.,-1.,0.));
#9254 = FACE_BOUND('',#9255,.F.);
#9255 = EDGE_LOOP('',(#9256,#9267,#9276,#9285));
#9256 = ORIENTED_EDGE('',*,*,#9257,.T.);
#9257 = EDGE_CURVE('',#9258,#9260,#9262,.T.);
#9258 = VERTEX_POINT('',#9259);
#9259 = CARTESIAN_POINT('',(208.6058384367,-86.5772734916,0.));
#9260 = VERTEX_POINT('',#9261);
#9261 = CARTESIAN_POINT('',(206.79625,-87.7339,0.));
#9262 = CIRCLE('',#9263,1.9939);
#9263 = AXIS2_PLACEMENT_3D('',#9264,#9265,#9266);
#9264 = CARTESIAN_POINT('',(206.79625,-85.74,0.));
#9265 = DIRECTION('',(-0.,0.,-1.));
#9266 = DIRECTION('',(-0.,-1.,0.));
#9267 = ORIENTED_EDGE('',*,*,#9268,.T.);
#9268 = EDGE_CURVE('',#9260,#9269,#9271,.T.);
#9269 = VERTEX_POINT('',#9270);
#9270 = CARTESIAN_POINT('',(208.6058384367,-84.90272650839,0.));
#9271 = CIRCLE('',#9272,1.9939);
#9272 = AXIS2_PLACEMENT_3D('',#9273,#9274,#9275);
#9273 = CARTESIAN_POINT('',(206.79625,-85.74,0.));
#9274 = DIRECTION('',(-0.,0.,-1.));
#9275 = DIRECTION('',(-0.,-1.,0.));
#9276 = ORIENTED_EDGE('',*,*,#9277,.T.);
#9277 = EDGE_CURVE('',#9269,#9278,#9280,.T.);
#9278 = VERTEX_POINT('',#9279);
#9279 = CARTESIAN_POINT('',(208.86,-86.615,0.));
#9280 = CIRCLE('',#9281,0.875);
#9281 = AXIS2_PLACEMENT_3D('',#9282,#9283,#9284);
#9282 = CARTESIAN_POINT('',(208.86,-85.74,0.));
#9283 = DIRECTION('',(-0.,0.,-1.));
#9284 = DIRECTION('',(-0.,-1.,0.));
#9285 = ORIENTED_EDGE('',*,*,#9286,.T.);
#9286 = EDGE_CURVE('',#9278,#9258,#9287,.T.);
#9287 = CIRCLE('',#9288,0.875);
#9288 = AXIS2_PLACEMENT_3D('',#9289,#9290,#9291);
#9289 = CARTESIAN_POINT('',(208.86,-85.74,0.));
#9290 = DIRECTION('',(-0.,0.,-1.));
#9291 = DIRECTION('',(-0.,-1.,0.));
#9292 = FACE_BOUND('',#9293,.F.);
#9293 = EDGE_LOOP('',(#9294));
#9294 = ORIENTED_EDGE('',*,*,#9295,.T.);
#9295 = EDGE_CURVE('',#9296,#9296,#9298,.T.);
#9296 = VERTEX_POINT('',#9297);
#9297 = CARTESIAN_POINT('',(191.08,-83.935,0.));
#9298 = CIRCLE('',#9299,0.735);
#9299 = AXIS2_PLACEMENT_3D('',#9300,#9301,#9302);
#9300 = CARTESIAN_POINT('',(191.08,-83.2,0.));
#9301 = DIRECTION('',(-0.,0.,-1.));
#9302 = DIRECTION('',(3.866899242232E-14,-1.,-0.));
#9303 = FACE_BOUND('',#9304,.F.);
#9304 = EDGE_LOOP('',(#9305));
#9305 = ORIENTED_EDGE('',*,*,#9306,.T.);
#9306 = EDGE_CURVE('',#9307,#9307,#9309,.T.);
#9307 = VERTEX_POINT('',#9308);
#9308 = CARTESIAN_POINT('',(202.98625,-83.935,0.));
#9309 = CIRCLE('',#9310,0.735);
#9310 = AXIS2_PLACEMENT_3D('',#9311,#9312,#9313);
#9311 = CARTESIAN_POINT('',(202.98625,-83.2,0.));
#9312 = DIRECTION('',(-0.,0.,-1.));
#9313 = DIRECTION('',(3.866899242232E-14,-1.,-0.));
#9314 = FACE_BOUND('',#9315,.F.);
#9315 = EDGE_LOOP('',(#9316));
#9316 = ORIENTED_EDGE('',*,*,#9317,.T.);
#9317 = EDGE_CURVE('',#9318,#9318,#9320,.T.);
#9318 = VERTEX_POINT('',#9319);
#9319 = CARTESIAN_POINT('',(210.13,-83.935,0.));
#9320 = CIRCLE('',#9321,0.735);
#9321 = AXIS2_PLACEMENT_3D('',#9322,#9323,#9324);
#9322 = CARTESIAN_POINT('',(210.13,-83.2,0.));
#9323 = DIRECTION('',(-0.,0.,-1.));
#9324 = DIRECTION('',(-0.,-1.,0.));
#9325 = FACE_BOUND('',#9326,.F.);
#9326 = EDGE_LOOP('',(#9327));
#9327 = ORIENTED_EDGE('',*,*,#9328,.T.);
#9328 = EDGE_CURVE('',#9329,#9329,#9331,.T.);
#9329 = VERTEX_POINT('',#9330);
#9330 = CARTESIAN_POINT('',(197.43,-81.395,0.));
#9331 = CIRCLE('',#9332,0.735);
#9332 = AXIS2_PLACEMENT_3D('',#9333,#9334,#9335);
#9333 = CARTESIAN_POINT('',(197.43,-80.66,0.));
#9334 = DIRECTION('',(-0.,0.,-1.));
#9335 = DIRECTION('',(-0.,-1.,0.));
#9336 = FACE_BOUND('',#9337,.F.);
#9337 = EDGE_LOOP('',(#9338));
#9338 = ORIENTED_EDGE('',*,*,#9339,.T.);
#9339 = EDGE_CURVE('',#9340,#9340,#9342,.T.);
#9340 = VERTEX_POINT('',#9341);
#9341 = CARTESIAN_POINT('',(209.33625,-81.395,0.));
#9342 = CIRCLE('',#9343,0.735);
#9343 = AXIS2_PLACEMENT_3D('',#9344,#9345,#9346);
#9344 = CARTESIAN_POINT('',(209.33625,-80.66,0.));
#9345 = DIRECTION('',(-0.,0.,-1.));
#9346 = DIRECTION('',(-0.,-1.,0.));
#9347 = FACE_BOUND('',#9348,.F.);
#9348 = EDGE_LOOP('',(#9349,#9360,#9369,#9378));
#9349 = ORIENTED_EDGE('',*,*,#9350,.T.);
#9350 = EDGE_CURVE('',#9351,#9353,#9355,.T.);
#9351 = VERTEX_POINT('',#9352);
#9352 = CARTESIAN_POINT('',(212.13041156329,-86.5772734916,0.));
#9353 = VERTEX_POINT('',#9354);
#9354 = CARTESIAN_POINT('',(211.87625,-86.615,0.));
#9355 = CIRCLE('',#9356,0.875);
#9356 = AXIS2_PLACEMENT_3D('',#9357,#9358,#9359);
#9357 = CARTESIAN_POINT('',(211.87625,-85.74,0.));
#9358 = DIRECTION('',(-0.,0.,-1.));
#9359 = DIRECTION('',(-0.,-1.,0.));
#9360 = ORIENTED_EDGE('',*,*,#9361,.T.);
#9361 = EDGE_CURVE('',#9353,#9362,#9364,.T.);
#9362 = VERTEX_POINT('',#9363);
#9363 = CARTESIAN_POINT('',(212.13041156329,-84.90272650839,0.));
#9364 = CIRCLE('',#9365,0.875);
#9365 = AXIS2_PLACEMENT_3D('',#9366,#9367,#9368);
#9366 = CARTESIAN_POINT('',(211.87625,-85.74,0.));
#9367 = DIRECTION('',(-0.,0.,-1.));
#9368 = DIRECTION('',(-0.,-1.,0.));
#9369 = ORIENTED_EDGE('',*,*,#9370,.T.);
#9370 = EDGE_CURVE('',#9362,#9371,#9373,.T.);
#9371 = VERTEX_POINT('',#9372);
#9372 = CARTESIAN_POINT('',(213.94,-87.7339,0.));
#9373 = CIRCLE('',#9374,1.9939);
#9374 = AXIS2_PLACEMENT_3D('',#9375,#9376,#9377);
#9375 = CARTESIAN_POINT('',(213.94,-85.74,0.));
#9376 = DIRECTION('',(-0.,0.,-1.));
#9377 = DIRECTION('',(-0.,-1.,0.));
#9378 = ORIENTED_EDGE('',*,*,#9379,.T.);
#9379 = EDGE_CURVE('',#9371,#9351,#9380,.T.);
#9380 = CIRCLE('',#9381,1.9939);
#9381 = AXIS2_PLACEMENT_3D('',#9382,#9383,#9384);
#9382 = CARTESIAN_POINT('',(213.94,-85.74,0.));
#9383 = DIRECTION('',(-0.,0.,-1.));
#9384 = DIRECTION('',(-0.,-1.,0.));
#9385 = FACE_BOUND('',#9386,.F.);
#9386 = EDGE_LOOP('',(#9387));
#9387 = ORIENTED_EDGE('',*,*,#9388,.T.);
#9388 = EDGE_CURVE('',#9389,#9389,#9391,.T.);
#9389 = VERTEX_POINT('',#9390);
#9390 = CARTESIAN_POINT('',(219.02,-86.615,0.));
#9391 = CIRCLE('',#9392,0.875);
#9392 = AXIS2_PLACEMENT_3D('',#9393,#9394,#9395);
#9393 = CARTESIAN_POINT('',(219.02,-85.74,0.));
#9394 = DIRECTION('',(-0.,0.,-1.));
#9395 = DIRECTION('',(-0.,-1.,0.));
#9396 = FACE_BOUND('',#9397,.F.);
#9397 = EDGE_LOOP('',(#9398));
#9398 = ORIENTED_EDGE('',*,*,#9399,.T.);
#9399 = EDGE_CURVE('',#9400,#9400,#9402,.T.);
#9400 = VERTEX_POINT('',#9401);
#9401 = CARTESIAN_POINT('',(225.52875,-86.615,0.));
#9402 = CIRCLE('',#9403,0.875);
#9403 = AXIS2_PLACEMENT_3D('',#9404,#9405,#9406);
#9404 = CARTESIAN_POINT('',(225.52875,-85.74,0.));
#9405 = DIRECTION('',(-0.,0.,-1.));
#9406 = DIRECTION('',(-0.,-1.,0.));
#9407 = FACE_BOUND('',#9408,.F.);
#9408 = EDGE_LOOP('',(#9409,#9420,#9429,#9438,#9447,#9456,#9465,#9474,
    #9483,#9492));
#9409 = ORIENTED_EDGE('',*,*,#9410,.T.);
#9410 = EDGE_CURVE('',#9411,#9413,#9415,.T.);
#9411 = VERTEX_POINT('',#9412);
#9412 = CARTESIAN_POINT('',(228.66465296016,-86.18285879206,0.));
#9413 = VERTEX_POINT('',#9414);
#9414 = CARTESIAN_POINT('',(227.91,-86.615,0.));
#9415 = CIRCLE('',#9416,0.875);
#9416 = AXIS2_PLACEMENT_3D('',#9417,#9418,#9419);
#9417 = CARTESIAN_POINT('',(227.91,-85.74,0.));
#9418 = DIRECTION('',(-0.,0.,-1.));
#9419 = DIRECTION('',(-0.,-1.,0.));
#9420 = ORIENTED_EDGE('',*,*,#9421,.T.);
#9421 = EDGE_CURVE('',#9413,#9422,#9424,.T.);
#9422 = VERTEX_POINT('',#9423);
#9423 = CARTESIAN_POINT('',(228.66465296016,-85.29714120793,0.));
#9424 = CIRCLE('',#9425,0.875);
#9425 = AXIS2_PLACEMENT_3D('',#9426,#9427,#9428);
#9426 = CARTESIAN_POINT('',(227.91,-85.74,0.));
#9427 = DIRECTION('',(-0.,0.,-1.));
#9428 = DIRECTION('',(-0.,-1.,0.));
#9429 = ORIENTED_EDGE('',*,*,#9430,.T.);
#9430 = EDGE_CURVE('',#9422,#9431,#9433,.T.);
#9431 = VERTEX_POINT('',#9432);
#9432 = CARTESIAN_POINT('',(231.799375,-84.14060970386,0.));
#9433 = CIRCLE('',#9434,1.9939);
#9434 = AXIS2_PLACEMENT_3D('',#9435,#9436,#9437);
#9435 = CARTESIAN_POINT('',(230.60875,-85.74,0.));
#9436 = DIRECTION('',(-0.,0.,-1.));
#9437 = DIRECTION('',(-0.,-1.,0.));
#9438 = ORIENTED_EDGE('',*,*,#9439,.T.);
#9439 = EDGE_CURVE('',#9431,#9440,#9442,.T.);
#9440 = VERTEX_POINT('',#9441);
#9441 = CARTESIAN_POINT('',(234.93409703983,-85.29714120793,0.));
#9442 = CIRCLE('',#9443,1.9939);
#9443 = AXIS2_PLACEMENT_3D('',#9444,#9445,#9446);
#9444 = CARTESIAN_POINT('',(232.99,-85.74,0.));
#9445 = DIRECTION('',(-0.,0.,-1.));
#9446 = DIRECTION('',(-0.,-1.,0.));
#9447 = ORIENTED_EDGE('',*,*,#9448,.T.);
#9448 = EDGE_CURVE('',#9440,#9449,#9451,.T.);
#9449 = VERTEX_POINT('',#9450);
#9450 = CARTESIAN_POINT('',(235.68875,-86.615,0.));
#9451 = CIRCLE('',#9452,0.875);
#9452 = AXIS2_PLACEMENT_3D('',#9453,#9454,#9455);
#9453 = CARTESIAN_POINT('',(235.68875,-85.74,0.));
#9454 = DIRECTION('',(-0.,0.,-1.));
#9455 = DIRECTION('',(-0.,-1.,0.));
#9456 = ORIENTED_EDGE('',*,*,#9457,.T.);
#9457 = EDGE_CURVE('',#9449,#9458,#9460,.T.);
#9458 = VERTEX_POINT('',#9459);
#9459 = CARTESIAN_POINT('',(234.93409703983,-86.18285879206,0.));
#9460 = CIRCLE('',#9461,0.875);
#9461 = AXIS2_PLACEMENT_3D('',#9462,#9463,#9464);
#9462 = CARTESIAN_POINT('',(235.68875,-85.74,0.));
#9463 = DIRECTION('',(-0.,0.,-1.));
#9464 = DIRECTION('',(-0.,-1.,0.));
#9465 = ORIENTED_EDGE('',*,*,#9466,.T.);
#9466 = EDGE_CURVE('',#9458,#9467,#9469,.T.);
#9467 = VERTEX_POINT('',#9468);
#9468 = CARTESIAN_POINT('',(232.99,-87.7339,0.));
#9469 = CIRCLE('',#9470,1.9939);
#9470 = AXIS2_PLACEMENT_3D('',#9471,#9472,#9473);
#9471 = CARTESIAN_POINT('',(232.99,-85.74,0.));
#9472 = DIRECTION('',(-0.,0.,-1.));
#9473 = DIRECTION('',(-0.,-1.,0.));
#9474 = ORIENTED_EDGE('',*,*,#9475,.T.);
#9475 = EDGE_CURVE('',#9467,#9476,#9478,.T.);
#9476 = VERTEX_POINT('',#9477);
#9477 = CARTESIAN_POINT('',(231.799375,-87.33939029613,0.));
#9478 = CIRCLE('',#9479,1.9939);
#9479 = AXIS2_PLACEMENT_3D('',#9480,#9481,#9482);
#9480 = CARTESIAN_POINT('',(232.99,-85.74,0.));
#9481 = DIRECTION('',(-0.,0.,-1.));
#9482 = DIRECTION('',(-0.,-1.,0.));
#9483 = ORIENTED_EDGE('',*,*,#9484,.T.);
#9484 = EDGE_CURVE('',#9476,#9485,#9487,.T.);
#9485 = VERTEX_POINT('',#9486);
#9486 = CARTESIAN_POINT('',(230.60875,-87.7339,0.));
#9487 = CIRCLE('',#9488,1.9939);
#9488 = AXIS2_PLACEMENT_3D('',#9489,#9490,#9491);
#9489 = CARTESIAN_POINT('',(230.60875,-85.74,0.));
#9490 = DIRECTION('',(-0.,0.,-1.));
#9491 = DIRECTION('',(-0.,-1.,0.));
#9492 = ORIENTED_EDGE('',*,*,#9493,.T.);
#9493 = EDGE_CURVE('',#9485,#9411,#9494,.T.);
#9494 = CIRCLE('',#9495,1.9939);
#9495 = AXIS2_PLACEMENT_3D('',#9496,#9497,#9498);
#9496 = CARTESIAN_POINT('',(230.60875,-85.74,0.));
#9497 = DIRECTION('',(-0.,0.,-1.));
#9498 = DIRECTION('',(-0.,-1.,0.));
#9499 = FACE_BOUND('',#9500,.F.);
#9500 = EDGE_LOOP('',(#9501));
#9501 = ORIENTED_EDGE('',*,*,#9502,.T.);
#9502 = EDGE_CURVE('',#9503,#9503,#9505,.T.);
#9503 = VERTEX_POINT('',#9504);
#9504 = CARTESIAN_POINT('',(238.07,-86.615,0.));
#9505 = CIRCLE('',#9506,0.875);
#9506 = AXIS2_PLACEMENT_3D('',#9507,#9508,#9509);
#9507 = CARTESIAN_POINT('',(238.07,-85.74,0.));
#9508 = DIRECTION('',(-0.,0.,-1.));
#9509 = DIRECTION('',(-0.,-1.,0.));
#9510 = FACE_BOUND('',#9511,.F.);
#9511 = EDGE_LOOP('',(#9512));
#9512 = ORIENTED_EDGE('',*,*,#9513,.T.);
#9513 = EDGE_CURVE('',#9514,#9514,#9516,.T.);
#9514 = VERTEX_POINT('',#9515);
#9515 = CARTESIAN_POINT('',(216.48,-81.395,0.));
#9516 = CIRCLE('',#9517,0.735);
#9517 = AXIS2_PLACEMENT_3D('',#9518,#9519,#9520);
#9518 = CARTESIAN_POINT('',(216.48,-80.66,0.));
#9519 = DIRECTION('',(-0.,0.,-1.));
#9520 = DIRECTION('',(-3.866899242232E-14,-1.,0.));
#9521 = FACE_BOUND('',#9522,.F.);
#9522 = EDGE_LOOP('',(#9523));
#9523 = ORIENTED_EDGE('',*,*,#9524,.T.);
#9524 = EDGE_CURVE('',#9525,#9525,#9527,.T.);
#9525 = VERTEX_POINT('',#9526);
#9526 = CARTESIAN_POINT('',(226.79875,-83.935,0.));
#9527 = CIRCLE('',#9528,0.735);
#9528 = AXIS2_PLACEMENT_3D('',#9529,#9530,#9531);
#9529 = CARTESIAN_POINT('',(226.79875,-83.2,0.));
#9530 = DIRECTION('',(-0.,0.,-1.));
#9531 = DIRECTION('',(3.866899242232E-14,-1.,-0.));
#9532 = FACE_BOUND('',#9533,.F.);
#9533 = EDGE_LOOP('',(#9534));
#9534 = ORIENTED_EDGE('',*,*,#9535,.T.);
#9535 = EDGE_CURVE('',#9536,#9536,#9538,.T.);
#9536 = VERTEX_POINT('',#9537);
#9537 = CARTESIAN_POINT('',(229.18,-83.935,0.));
#9538 = CIRCLE('',#9539,0.735);
#9539 = AXIS2_PLACEMENT_3D('',#9540,#9541,#9542);
#9540 = CARTESIAN_POINT('',(229.18,-83.2,0.));
#9541 = DIRECTION('',(-0.,0.,-1.));
#9542 = DIRECTION('',(-0.,-1.,0.));
#9543 = FACE_BOUND('',#9544,.F.);
#9544 = EDGE_LOOP('',(#9545));
#9545 = ORIENTED_EDGE('',*,*,#9546,.T.);
#9546 = EDGE_CURVE('',#9547,#9547,#9549,.T.);
#9547 = VERTEX_POINT('',#9548);
#9548 = CARTESIAN_POINT('',(233.14875,-81.395,0.));
#9549 = CIRCLE('',#9550,0.735);
#9550 = AXIS2_PLACEMENT_3D('',#9551,#9552,#9553);
#9551 = CARTESIAN_POINT('',(233.14875,-80.66,0.));
#9552 = DIRECTION('',(-0.,0.,-1.));
#9553 = DIRECTION('',(-0.,-1.,0.));
#9554 = FACE_BOUND('',#9555,.F.);
#9555 = EDGE_LOOP('',(#9556));
#9556 = ORIENTED_EDGE('',*,*,#9557,.T.);
#9557 = EDGE_CURVE('',#9558,#9558,#9560,.T.);
#9558 = VERTEX_POINT('',#9559);
#9559 = CARTESIAN_POINT('',(235.53,-81.395,0.));
#9560 = CIRCLE('',#9561,0.735);
#9561 = AXIS2_PLACEMENT_3D('',#9562,#9563,#9564);
#9562 = CARTESIAN_POINT('',(235.53,-80.66,0.));
#9563 = DIRECTION('',(-0.,0.,-1.));
#9564 = DIRECTION('',(3.866899242232E-14,-1.,-0.));
#9565 = FACE_BOUND('',#9566,.F.);
#9566 = EDGE_LOOP('',(#9567));
#9567 = ORIENTED_EDGE('',*,*,#9568,.T.);
#9568 = EDGE_CURVE('',#9569,#9569,#9571,.T.);
#9569 = VERTEX_POINT('',#9570);
#9570 = CARTESIAN_POINT('',(137.74,-79.4789,0.));
#9571 = CIRCLE('',#9572,1.9939);
#9572 = AXIS2_PLACEMENT_3D('',#9573,#9574,#9575);
#9573 = CARTESIAN_POINT('',(137.74,-77.485,0.));
#9574 = DIRECTION('',(-0.,0.,-1.));
#9575 = DIRECTION('',(-0.,-1.,0.));
#9576 = FACE_BOUND('',#9577,.F.);
#9577 = EDGE_LOOP('',(#9578));
#9578 = ORIENTED_EDGE('',*,*,#9579,.T.);
#9579 = EDGE_CURVE('',#9580,#9580,#9582,.T.);
#9580 = VERTEX_POINT('',#9581);
#9581 = CARTESIAN_POINT('',(175.84,-79.4789,0.));
#9582 = CIRCLE('',#9583,1.9939);
#9583 = AXIS2_PLACEMENT_3D('',#9584,#9585,#9586);
#9584 = CARTESIAN_POINT('',(175.84,-77.485,0.));
#9585 = DIRECTION('',(-0.,0.,-1.));
#9586 = DIRECTION('',(-0.,-1.,0.));
#9587 = FACE_BOUND('',#9588,.F.);
#9588 = EDGE_LOOP('',(#9589));
#9589 = ORIENTED_EDGE('',*,*,#9590,.T.);
#9590 = EDGE_CURVE('',#9591,#9591,#9593,.T.);
#9591 = VERTEX_POINT('',#9592);
#9592 = CARTESIAN_POINT('',(128.215,-68.6839,0.));
#9593 = CIRCLE('',#9594,1.9939);
#9594 = AXIS2_PLACEMENT_3D('',#9595,#9596,#9597);
#9595 = CARTESIAN_POINT('',(128.215,-66.69,0.));
#9596 = DIRECTION('',(-0.,0.,-1.));
#9597 = DIRECTION('',(-0.,-1.,0.));
#9598 = FACE_BOUND('',#9599,.F.);
#9599 = EDGE_LOOP('',(#9600));
#9600 = ORIENTED_EDGE('',*,*,#9601,.T.);
#9601 = EDGE_CURVE('',#9602,#9602,#9604,.T.);
#9602 = VERTEX_POINT('',#9603);
#9603 = CARTESIAN_POINT('',(133.295,-67.565,0.));
#9604 = CIRCLE('',#9605,0.875);
#9605 = AXIS2_PLACEMENT_3D('',#9606,#9607,#9608);
#9606 = CARTESIAN_POINT('',(133.295,-66.69,0.));
#9607 = DIRECTION('',(-0.,0.,-1.));
#9608 = DIRECTION('',(-0.,-1.,0.));
#9609 = FACE_BOUND('',#9610,.F.);
#9610 = EDGE_LOOP('',(#9611));
#9611 = ORIENTED_EDGE('',*,*,#9612,.T.);
#9612 = EDGE_CURVE('',#9613,#9613,#9615,.T.);
#9613 = VERTEX_POINT('',#9614);
#9614 = CARTESIAN_POINT('',(142.185,-67.565,0.));
#9615 = CIRCLE('',#9616,0.875);
#9616 = AXIS2_PLACEMENT_3D('',#9617,#9618,#9619);
#9617 = CARTESIAN_POINT('',(142.185,-66.69,0.));
#9618 = DIRECTION('',(-0.,0.,-1.));
#9619 = DIRECTION('',(-0.,-1.,0.));
#9620 = FACE_BOUND('',#9621,.F.);
#9621 = EDGE_LOOP('',(#9622));
#9622 = ORIENTED_EDGE('',*,*,#9623,.T.);
#9623 = EDGE_CURVE('',#9624,#9624,#9626,.T.);
#9624 = VERTEX_POINT('',#9625);
#9625 = CARTESIAN_POINT('',(147.265,-68.6839,0.));
#9626 = CIRCLE('',#9627,1.9939);
#9627 = AXIS2_PLACEMENT_3D('',#9628,#9629,#9630);
#9628 = CARTESIAN_POINT('',(147.265,-66.69,0.));
#9629 = DIRECTION('',(-0.,0.,-1.));
#9630 = DIRECTION('',(-0.,-1.,0.));
#9631 = FACE_BOUND('',#9632,.F.);
#9632 = EDGE_LOOP('',(#9633));
#9633 = ORIENTED_EDGE('',*,*,#9634,.T.);
#9634 = EDGE_CURVE('',#9635,#9635,#9637,.T.);
#9635 = VERTEX_POINT('',#9636);
#9636 = CARTESIAN_POINT('',(152.345,-67.565,0.));
#9637 = CIRCLE('',#9638,0.875);
#9638 = AXIS2_PLACEMENT_3D('',#9639,#9640,#9641);
#9639 = CARTESIAN_POINT('',(152.345,-66.69,0.));
#9640 = DIRECTION('',(-0.,0.,-1.));
#9641 = DIRECTION('',(-0.,-1.,0.));
#9642 = FACE_BOUND('',#9643,.F.);
#9643 = EDGE_LOOP('',(#9644));
#9644 = ORIENTED_EDGE('',*,*,#9645,.T.);
#9645 = EDGE_CURVE('',#9646,#9646,#9648,.T.);
#9646 = VERTEX_POINT('',#9647);
#9647 = CARTESIAN_POINT('',(143.455,-64.885,0.));
#9648 = CIRCLE('',#9649,0.735);
#9649 = AXIS2_PLACEMENT_3D('',#9650,#9651,#9652);
#9650 = CARTESIAN_POINT('',(143.455,-64.15,0.));
#9651 = DIRECTION('',(-0.,0.,-1.));
#9652 = DIRECTION('',(3.866899242232E-14,-1.,-0.));
#9653 = FACE_BOUND('',#9654,.F.);
#9654 = EDGE_LOOP('',(#9655));
#9655 = ORIENTED_EDGE('',*,*,#9656,.T.);
#9656 = EDGE_CURVE('',#9657,#9657,#9659,.T.);
#9657 = VERTEX_POINT('',#9658);
#9658 = CARTESIAN_POINT('',(130.755,-62.345,0.));
#9659 = CIRCLE('',#9660,0.735);
#9660 = AXIS2_PLACEMENT_3D('',#9661,#9662,#9663);
#9661 = CARTESIAN_POINT('',(130.755,-61.61,0.));
#9662 = DIRECTION('',(-0.,0.,-1.));
#9663 = DIRECTION('',(-0.,-1.,0.));
#9664 = FACE_BOUND('',#9665,.F.);
#9665 = EDGE_LOOP('',(#9666));
#9666 = ORIENTED_EDGE('',*,*,#9667,.T.);
#9667 = EDGE_CURVE('',#9668,#9668,#9670,.T.);
#9668 = VERTEX_POINT('',#9669);
#9669 = CARTESIAN_POINT('',(149.805,-62.345,0.));
#9670 = CIRCLE('',#9671,0.735);
#9671 = AXIS2_PLACEMENT_3D('',#9672,#9673,#9674);
#9672 = CARTESIAN_POINT('',(149.805,-61.61,0.));
#9673 = DIRECTION('',(-0.,0.,-1.));
#9674 = DIRECTION('',(-0.,-1.,0.));
#9675 = FACE_BOUND('',#9676,.F.);
#9676 = EDGE_LOOP('',(#9677));
#9677 = ORIENTED_EDGE('',*,*,#9678,.T.);
#9678 = EDGE_CURVE('',#9679,#9679,#9681,.T.);
#9679 = VERTEX_POINT('',#9680);
#9680 = CARTESIAN_POINT('',(161.235,-67.565,0.));
#9681 = CIRCLE('',#9682,0.875);
#9682 = AXIS2_PLACEMENT_3D('',#9683,#9684,#9685);
#9683 = CARTESIAN_POINT('',(161.235,-66.69,0.));
#9684 = DIRECTION('',(-0.,0.,-1.));
#9685 = DIRECTION('',(-0.,-1.,0.));
#9686 = FACE_BOUND('',#9687,.F.);
#9687 = EDGE_LOOP('',(#9688));
#9688 = ORIENTED_EDGE('',*,*,#9689,.T.);
#9689 = EDGE_CURVE('',#9690,#9690,#9692,.T.);
#9690 = VERTEX_POINT('',#9691);
#9691 = CARTESIAN_POINT('',(166.315,-68.6839,0.));
#9692 = CIRCLE('',#9693,1.9939);
#9693 = AXIS2_PLACEMENT_3D('',#9694,#9695,#9696);
#9694 = CARTESIAN_POINT('',(166.315,-66.69,0.));
#9695 = DIRECTION('',(-0.,0.,-1.));
#9696 = DIRECTION('',(-0.,-1.,0.));
#9697 = FACE_BOUND('',#9698,.F.);
#9698 = EDGE_LOOP('',(#9699));
#9699 = ORIENTED_EDGE('',*,*,#9700,.T.);
#9700 = EDGE_CURVE('',#9701,#9701,#9703,.T.);
#9701 = VERTEX_POINT('',#9702);
#9702 = CARTESIAN_POINT('',(162.505,-64.885,0.));
#9703 = CIRCLE('',#9704,0.735);
#9704 = AXIS2_PLACEMENT_3D('',#9705,#9706,#9707);
#9705 = CARTESIAN_POINT('',(162.505,-64.15,0.));
#9706 = DIRECTION('',(-0.,0.,-1.));
#9707 = DIRECTION('',(-0.,-1.,0.));
#9708 = FACE_BOUND('',#9709,.F.);
#9709 = EDGE_LOOP('',(#9710));
#9710 = ORIENTED_EDGE('',*,*,#9711,.T.);
#9711 = EDGE_CURVE('',#9712,#9712,#9714,.T.);
#9712 = VERTEX_POINT('',#9713);
#9713 = CARTESIAN_POINT('',(171.395,-67.565,0.));
#9714 = CIRCLE('',#9715,0.875);
#9715 = AXIS2_PLACEMENT_3D('',#9716,#9717,#9718);
#9716 = CARTESIAN_POINT('',(171.395,-66.69,0.));
#9717 = DIRECTION('',(-0.,0.,-1.));
#9718 = DIRECTION('',(-0.,-1.,0.));
#9719 = FACE_BOUND('',#9720,.F.);
#9720 = EDGE_LOOP('',(#9721));
#9721 = ORIENTED_EDGE('',*,*,#9722,.T.);
#9722 = EDGE_CURVE('',#9723,#9723,#9725,.T.);
#9723 = VERTEX_POINT('',#9724);
#9724 = CARTESIAN_POINT('',(180.285,-67.565,0.));
#9725 = CIRCLE('',#9726,0.875);
#9726 = AXIS2_PLACEMENT_3D('',#9727,#9728,#9729);
#9727 = CARTESIAN_POINT('',(180.285,-66.69,0.));
#9728 = DIRECTION('',(-0.,0.,-1.));
#9729 = DIRECTION('',(-0.,-1.,0.));
#9730 = FACE_BOUND('',#9731,.F.);
#9731 = EDGE_LOOP('',(#9732));
#9732 = ORIENTED_EDGE('',*,*,#9733,.T.);
#9733 = EDGE_CURVE('',#9734,#9734,#9736,.T.);
#9734 = VERTEX_POINT('',#9735);
#9735 = CARTESIAN_POINT('',(181.555,-64.885,0.));
#9736 = CIRCLE('',#9737,0.735);
#9737 = AXIS2_PLACEMENT_3D('',#9738,#9739,#9740);
#9738 = CARTESIAN_POINT('',(181.555,-64.15,0.));
#9739 = DIRECTION('',(-0.,0.,-1.));
#9740 = DIRECTION('',(-0.,-1.,0.));
#9741 = FACE_BOUND('',#9742,.F.);
#9742 = EDGE_LOOP('',(#9743));
#9743 = ORIENTED_EDGE('',*,*,#9744,.T.);
#9744 = EDGE_CURVE('',#9745,#9745,#9747,.T.);
#9745 = VERTEX_POINT('',#9746);
#9746 = CARTESIAN_POINT('',(168.855,-62.345,0.));
#9747 = CIRCLE('',#9748,0.735);
#9748 = AXIS2_PLACEMENT_3D('',#9749,#9750,#9751);
#9749 = CARTESIAN_POINT('',(168.855,-61.61,0.));
#9750 = DIRECTION('',(-0.,0.,-1.));
#9751 = DIRECTION('',(-3.866899242232E-14,-1.,0.));
#9752 = FACE_BOUND('',#9753,.F.);
#9753 = EDGE_LOOP('',(#9754));
#9754 = ORIENTED_EDGE('',*,*,#9755,.T.);
#9755 = EDGE_CURVE('',#9756,#9756,#9758,.T.);
#9756 = VERTEX_POINT('',#9757);
#9757 = CARTESIAN_POINT('',(185.365,-79.4787,0.));
#9758 = CIRCLE('',#9759,1.9939);
#9759 = AXIS2_PLACEMENT_3D('',#9760,#9761,#9762);
#9760 = CARTESIAN_POINT('',(185.365,-77.4848,0.));
#9761 = DIRECTION('',(-0.,0.,-1.));
#9762 = DIRECTION('',(-0.,-1.,0.));
#9763 = FACE_BOUND('',#9764,.F.);
#9764 = EDGE_LOOP('',(#9765));
#9765 = ORIENTED_EDGE('',*,*,#9766,.T.);
#9766 = EDGE_CURVE('',#9767,#9767,#9769,.T.);
#9767 = VERTEX_POINT('',#9768);
#9768 = CARTESIAN_POINT('',(197.27245,-79.4787,0.));
#9769 = CIRCLE('',#9770,1.9939);
#9770 = AXIS2_PLACEMENT_3D('',#9771,#9772,#9773);
#9771 = CARTESIAN_POINT('',(197.27245,-77.4848,0.));
#9772 = DIRECTION('',(-0.,0.,-1.));
#9773 = DIRECTION('',(-0.,-1.,0.));
#9774 = FACE_BOUND('',#9775,.F.);
#9775 = EDGE_LOOP('',(#9776));
#9776 = ORIENTED_EDGE('',*,*,#9777,.T.);
#9777 = EDGE_CURVE('',#9778,#9778,#9780,.T.);
#9778 = VERTEX_POINT('',#9779);
#9779 = CARTESIAN_POINT('',(185.365,-68.6839,0.));
#9780 = CIRCLE('',#9781,1.9939);
#9781 = AXIS2_PLACEMENT_3D('',#9782,#9783,#9784);
#9782 = CARTESIAN_POINT('',(185.365,-66.69,0.));
#9783 = DIRECTION('',(-0.,0.,-1.));
#9784 = DIRECTION('',(-0.,-1.,0.));
#9785 = FACE_BOUND('',#9786,.F.);
#9786 = EDGE_LOOP('',(#9787));
#9787 = ORIENTED_EDGE('',*,*,#9788,.T.);
#9788 = EDGE_CURVE('',#9789,#9789,#9791,.T.);
#9789 = VERTEX_POINT('',#9790);
#9790 = CARTESIAN_POINT('',(190.445,-67.565,0.));
#9791 = CIRCLE('',#9792,0.875);
#9792 = AXIS2_PLACEMENT_3D('',#9793,#9794,#9795);
#9793 = CARTESIAN_POINT('',(190.445,-66.69,0.));
#9794 = DIRECTION('',(-0.,0.,-1.));
#9795 = DIRECTION('',(-0.,-1.,0.));
#9796 = FACE_BOUND('',#9797,.F.);
#9797 = EDGE_LOOP('',(#9798));
#9798 = ORIENTED_EDGE('',*,*,#9799,.T.);
#9799 = EDGE_CURVE('',#9800,#9800,#9802,.T.);
#9800 = VERTEX_POINT('',#9801);
#9801 = CARTESIAN_POINT('',(199.335,-67.565,0.));
#9802 = CIRCLE('',#9803,0.875);
#9803 = AXIS2_PLACEMENT_3D('',#9804,#9805,#9806);
#9804 = CARTESIAN_POINT('',(199.335,-66.69,0.));
#9805 = DIRECTION('',(-0.,0.,-1.));
#9806 = DIRECTION('',(-0.,-1.,0.));
#9807 = FACE_BOUND('',#9808,.F.);
#9808 = EDGE_LOOP('',(#9809));
#9809 = ORIENTED_EDGE('',*,*,#9810,.T.);
#9810 = EDGE_CURVE('',#9811,#9811,#9813,.T.);
#9811 = VERTEX_POINT('',#9812);
#9812 = CARTESIAN_POINT('',(204.415,-68.6839,0.));
#9813 = CIRCLE('',#9814,1.9939);
#9814 = AXIS2_PLACEMENT_3D('',#9815,#9816,#9817);
#9815 = CARTESIAN_POINT('',(204.415,-66.69,0.));
#9816 = DIRECTION('',(-0.,0.,-1.));
#9817 = DIRECTION('',(-0.,-1.,0.));
#9818 = FACE_BOUND('',#9819,.F.);
#9819 = EDGE_LOOP('',(#9820));
#9820 = ORIENTED_EDGE('',*,*,#9821,.T.);
#9821 = EDGE_CURVE('',#9822,#9822,#9824,.T.);
#9822 = VERTEX_POINT('',#9823);
#9823 = CARTESIAN_POINT('',(209.495,-67.565,0.));
#9824 = CIRCLE('',#9825,0.875);
#9825 = AXIS2_PLACEMENT_3D('',#9826,#9827,#9828);
#9826 = CARTESIAN_POINT('',(209.495,-66.69,0.));
#9827 = DIRECTION('',(-0.,0.,-1.));
#9828 = DIRECTION('',(-0.,-1.,0.));
#9829 = FACE_BOUND('',#9830,.F.);
#9830 = EDGE_LOOP('',(#9831));
#9831 = ORIENTED_EDGE('',*,*,#9832,.T.);
#9832 = EDGE_CURVE('',#9833,#9833,#9835,.T.);
#9833 = VERTEX_POINT('',#9834);
#9834 = CARTESIAN_POINT('',(200.605,-64.885,0.));
#9835 = CIRCLE('',#9836,0.735);
#9836 = AXIS2_PLACEMENT_3D('',#9837,#9838,#9839);
#9837 = CARTESIAN_POINT('',(200.605,-64.15,0.));
#9838 = DIRECTION('',(-0.,0.,-1.));
#9839 = DIRECTION('',(-3.866899242232E-14,-1.,0.));
#9840 = FACE_BOUND('',#9841,.F.);
#9841 = EDGE_LOOP('',(#9842));
#9842 = ORIENTED_EDGE('',*,*,#9843,.T.);
#9843 = EDGE_CURVE('',#9844,#9844,#9846,.T.);
#9844 = VERTEX_POINT('',#9845);
#9845 = CARTESIAN_POINT('',(187.905,-62.345,0.));
#9846 = CIRCLE('',#9847,0.735);
#9847 = AXIS2_PLACEMENT_3D('',#9848,#9849,#9850);
#9848 = CARTESIAN_POINT('',(187.905,-61.61,0.));
#9849 = DIRECTION('',(-0.,0.,-1.));
#9850 = DIRECTION('',(3.866899242232E-14,-1.,-0.));
#9851 = FACE_BOUND('',#9852,.F.);
#9852 = EDGE_LOOP('',(#9853));
#9853 = ORIENTED_EDGE('',*,*,#9854,.T.);
#9854 = EDGE_CURVE('',#9855,#9855,#9857,.T.);
#9855 = VERTEX_POINT('',#9856);
#9856 = CARTESIAN_POINT('',(206.955,-62.345,0.));
#9857 = CIRCLE('',#9858,0.735);
#9858 = AXIS2_PLACEMENT_3D('',#9859,#9860,#9861);
#9859 = CARTESIAN_POINT('',(206.955,-61.61,0.));
#9860 = DIRECTION('',(-0.,0.,-1.));
#9861 = DIRECTION('',(3.866899242232E-14,-1.,-0.));
#9862 = FACE_BOUND('',#9863,.F.);
#9863 = EDGE_LOOP('',(#9864));
#9864 = ORIENTED_EDGE('',*,*,#9865,.T.);
#9865 = EDGE_CURVE('',#9866,#9866,#9868,.T.);
#9866 = VERTEX_POINT('',#9867);
#9867 = CARTESIAN_POINT('',(223.1475,-67.565,0.));
#9868 = CIRCLE('',#9869,0.875);
#9869 = AXIS2_PLACEMENT_3D('',#9870,#9871,#9872);
#9870 = CARTESIAN_POINT('',(223.1475,-66.69,0.));
#9871 = DIRECTION('',(-0.,0.,-1.));
#9872 = DIRECTION('',(-0.,-1.,0.));
#9873 = FACE_BOUND('',#9874,.F.);
#9874 = EDGE_LOOP('',(#9875));
#9875 = ORIENTED_EDGE('',*,*,#9876,.T.);
#9876 = EDGE_CURVE('',#9877,#9877,#9879,.T.);
#9877 = VERTEX_POINT('',#9878);
#9878 = CARTESIAN_POINT('',(224.4175,-64.885,0.));
#9879 = CIRCLE('',#9880,0.735);
#9880 = AXIS2_PLACEMENT_3D('',#9881,#9882,#9883);
#9881 = CARTESIAN_POINT('',(224.4175,-64.15,0.));
#9882 = DIRECTION('',(-0.,0.,-1.));
#9883 = DIRECTION('',(-3.866899242232E-14,-1.,0.));
#9884 = FACE_BOUND('',#9885,.F.);
#9885 = EDGE_LOOP('',(#9886));
#9886 = ORIENTED_EDGE('',*,*,#9887,.T.);
#9887 = EDGE_CURVE('',#9888,#9888,#9890,.T.);
#9888 = VERTEX_POINT('',#9889);
#9889 = CARTESIAN_POINT('',(228.2275,-68.6839,0.));
#9890 = CIRCLE('',#9891,1.9939);
#9891 = AXIS2_PLACEMENT_3D('',#9892,#9893,#9894);
#9892 = CARTESIAN_POINT('',(228.2275,-66.69,0.));
#9893 = DIRECTION('',(-0.,0.,-1.));
#9894 = DIRECTION('',(-0.,-1.,0.));
#9895 = FACE_BOUND('',#9896,.F.);
#9896 = EDGE_LOOP('',(#9897));
#9897 = ORIENTED_EDGE('',*,*,#9898,.T.);
#9898 = EDGE_CURVE('',#9899,#9899,#9901,.T.);
#9899 = VERTEX_POINT('',#9900);
#9900 = CARTESIAN_POINT('',(233.3075,-67.565,0.));
#9901 = CIRCLE('',#9902,0.875);
#9902 = AXIS2_PLACEMENT_3D('',#9903,#9904,#9905);
#9903 = CARTESIAN_POINT('',(233.3075,-66.69,0.));
#9904 = DIRECTION('',(-0.,0.,-1.));
#9905 = DIRECTION('',(-0.,-1.,0.));
#9906 = FACE_BOUND('',#9907,.F.);
#9907 = EDGE_LOOP('',(#9908));
#9908 = ORIENTED_EDGE('',*,*,#9909,.T.);
#9909 = EDGE_CURVE('',#9910,#9910,#9912,.T.);
#9910 = VERTEX_POINT('',#9911);
#9911 = CARTESIAN_POINT('',(230.7675,-62.345,0.));
#9912 = CIRCLE('',#9913,0.735);
#9913 = AXIS2_PLACEMENT_3D('',#9914,#9915,#9916);
#9914 = CARTESIAN_POINT('',(230.7675,-61.61,0.));
#9915 = DIRECTION('',(-0.,0.,-1.));
#9916 = DIRECTION('',(3.866899242232E-14,-1.,-0.));
#9917 = FACE_BOUND('',#9918,.F.);
#9918 = EDGE_LOOP('',(#9919));
#9919 = ORIENTED_EDGE('',*,*,#9920,.T.);
#9920 = EDGE_CURVE('',#9921,#9921,#9923,.T.);
#9921 = VERTEX_POINT('',#9922);
#9922 = CARTESIAN_POINT('',(18.36,-48.515,0.));
#9923 = CIRCLE('',#9924,0.875);
#9924 = AXIS2_PLACEMENT_3D('',#9925,#9926,#9927);
#9925 = CARTESIAN_POINT('',(18.36,-47.64,0.));
#9926 = DIRECTION('',(-0.,0.,-1.));
#9927 = DIRECTION('',(-0.,-1.,0.));
#9928 = FACE_BOUND('',#9929,.F.);
#9929 = EDGE_LOOP('',(#9930));
#9930 = ORIENTED_EDGE('',*,*,#9931,.T.);
#9931 = EDGE_CURVE('',#9932,#9932,#9934,.T.);
#9932 = VERTEX_POINT('',#9933);
#9933 = CARTESIAN_POINT('',(23.44,-49.6339,0.));
#9934 = CIRCLE('',#9935,1.9939);
#9935 = AXIS2_PLACEMENT_3D('',#9936,#9937,#9938);
#9936 = CARTESIAN_POINT('',(23.44,-47.64,0.));
#9937 = DIRECTION('',(-0.,0.,-1.));
#9938 = DIRECTION('',(-0.,-1.,0.));
#9939 = FACE_BOUND('',#9940,.F.);
#9940 = EDGE_LOOP('',(#9941));
#9941 = ORIENTED_EDGE('',*,*,#9942,.T.);
#9942 = EDGE_CURVE('',#9943,#9943,#9945,.T.);
#9943 = VERTEX_POINT('',#9944);
#9944 = CARTESIAN_POINT('',(28.52,-48.515,0.));
#9945 = CIRCLE('',#9946,0.875);
#9946 = AXIS2_PLACEMENT_3D('',#9947,#9948,#9949);
#9947 = CARTESIAN_POINT('',(28.52,-47.64,0.));
#9948 = DIRECTION('',(-0.,0.,-1.));
#9949 = DIRECTION('',(-0.,-1.,0.));
#9950 = FACE_BOUND('',#9951,.F.);
#9951 = EDGE_LOOP('',(#9952));
#9952 = ORIENTED_EDGE('',*,*,#9953,.T.);
#9953 = EDGE_CURVE('',#9954,#9954,#9956,.T.);
#9954 = VERTEX_POINT('',#9955);
#9955 = CARTESIAN_POINT('',(37.41,-48.515,0.));
#9956 = CIRCLE('',#9957,0.875);
#9957 = AXIS2_PLACEMENT_3D('',#9958,#9959,#9960);
#9958 = CARTESIAN_POINT('',(37.41,-47.64,0.));
#9959 = DIRECTION('',(-0.,0.,-1.));
#9960 = DIRECTION('',(-0.,-1.,0.));
#9961 = FACE_BOUND('',#9962,.F.);
#9962 = EDGE_LOOP('',(#9963));
#9963 = ORIENTED_EDGE('',*,*,#9964,.T.);
#9964 = EDGE_CURVE('',#9965,#9965,#9967,.T.);
#9965 = VERTEX_POINT('',#9966);
#9966 = CARTESIAN_POINT('',(42.49,-49.6339,0.));
#9967 = CIRCLE('',#9968,1.9939);
#9968 = AXIS2_PLACEMENT_3D('',#9969,#9970,#9971);
#9969 = CARTESIAN_POINT('',(42.49,-47.64,0.));
#9970 = DIRECTION('',(-0.,0.,-1.));
#9971 = DIRECTION('',(3.563582605748E-15,-1.,-0.));
#9972 = FACE_BOUND('',#9973,.F.);
#9973 = EDGE_LOOP('',(#9974));
#9974 = ORIENTED_EDGE('',*,*,#9975,.T.);
#9975 = EDGE_CURVE('',#9976,#9976,#9978,.T.);
#9976 = VERTEX_POINT('',#9977);
#9977 = CARTESIAN_POINT('',(47.57,-48.515,0.));
#9978 = CIRCLE('',#9979,0.875);
#9979 = AXIS2_PLACEMENT_3D('',#9980,#9981,#9982);
#9980 = CARTESIAN_POINT('',(47.57,-47.64,0.));
#9981 = DIRECTION('',(-0.,0.,-1.));
#9982 = DIRECTION('',(-0.,-1.,0.));
#9983 = FACE_BOUND('',#9984,.F.);
#9984 = EDGE_LOOP('',(#9985));
#9985 = ORIENTED_EDGE('',*,*,#9986,.T.);
#9986 = EDGE_CURVE('',#9987,#9987,#9989,.T.);
#9987 = VERTEX_POINT('',#9988);
#9988 = CARTESIAN_POINT('',(56.46,-48.515,0.));
#9989 = CIRCLE('',#9990,0.875);
#9990 = AXIS2_PLACEMENT_3D('',#9991,#9992,#9993);
#9991 = CARTESIAN_POINT('',(56.46,-47.64,0.));
#9992 = DIRECTION('',(-0.,0.,-1.));
#9993 = DIRECTION('',(-0.,-1.,0.));
#9994 = FACE_BOUND('',#9995,.F.);
#9995 = EDGE_LOOP('',(#9996));
#9996 = ORIENTED_EDGE('',*,*,#9997,.T.);
#9997 = EDGE_CURVE('',#9998,#9998,#10000,.T.);
#9998 = VERTEX_POINT('',#9999);
#9999 = CARTESIAN_POINT('',(61.54,-49.6339,0.));
#10000 = CIRCLE('',#10001,1.9939);
#10001 = AXIS2_PLACEMENT_3D('',#10002,#10003,#10004);
#10002 = CARTESIAN_POINT('',(61.54,-47.64,0.));
#10003 = DIRECTION('',(-0.,0.,-1.));
#10004 = DIRECTION('',(-3.563582605748E-15,-1.,0.));
#10005 = FACE_BOUND('',#10006,.F.);
#10006 = EDGE_LOOP('',(#10007));
#10007 = ORIENTED_EDGE('',*,*,#10008,.T.);
#10008 = EDGE_CURVE('',#10009,#10009,#10011,.T.);
#10009 = VERTEX_POINT('',#10010);
#10010 = CARTESIAN_POINT('',(66.62,-48.515,0.));
#10011 = CIRCLE('',#10012,0.875);
#10012 = AXIS2_PLACEMENT_3D('',#10013,#10014,#10015);
#10013 = CARTESIAN_POINT('',(66.62,-47.64,0.));
#10014 = DIRECTION('',(-0.,0.,-1.));
#10015 = DIRECTION('',(-0.,-1.,0.));
#10016 = FACE_BOUND('',#10017,.F.);
#10017 = EDGE_LOOP('',(#10018));
#10018 = ORIENTED_EDGE('',*,*,#10019,.T.);
#10019 = EDGE_CURVE('',#10020,#10020,#10022,.T.);
#10020 = VERTEX_POINT('',#10021);
#10021 = CARTESIAN_POINT('',(19.63,-45.835,0.));
#10022 = CIRCLE('',#10023,0.735);
#10023 = AXIS2_PLACEMENT_3D('',#10024,#10025,#10026);
#10024 = CARTESIAN_POINT('',(19.63,-45.1,0.));
#10025 = DIRECTION('',(-0.,0.,-1.));
#10026 = DIRECTION('',(-0.,-1.,0.));
#10027 = FACE_BOUND('',#10028,.F.);
#10028 = EDGE_LOOP('',(#10029));
#10029 = ORIENTED_EDGE('',*,*,#10030,.T.);
#10030 = EDGE_CURVE('',#10031,#10031,#10033,.T.);
#10031 = VERTEX_POINT('',#10032);
#10032 = CARTESIAN_POINT('',(25.98,-43.295,0.));
#10033 = CIRCLE('',#10034,0.735);
#10034 = AXIS2_PLACEMENT_3D('',#10035,#10036,#10037);
#10035 = CARTESIAN_POINT('',(25.98,-42.56,0.));
#10036 = DIRECTION('',(-0.,0.,-1.));
#10037 = DIRECTION('',(-0.,-1.,0.));
#10038 = FACE_BOUND('',#10039,.F.);
#10039 = EDGE_LOOP('',(#10040));
#10040 = ORIENTED_EDGE('',*,*,#10041,.T.);
#10041 = EDGE_CURVE('',#10042,#10042,#10044,.T.);
#10042 = VERTEX_POINT('',#10043);
#10043 = CARTESIAN_POINT('',(38.68,-45.835,0.));
#10044 = CIRCLE('',#10045,0.735);
#10045 = AXIS2_PLACEMENT_3D('',#10046,#10047,#10048);
#10046 = CARTESIAN_POINT('',(38.68,-45.1,0.));
#10047 = DIRECTION('',(-0.,0.,-1.));
#10048 = DIRECTION('',(-0.,-1.,0.));
#10049 = FACE_BOUND('',#10050,.F.);
#10050 = EDGE_LOOP('',(#10051));
#10051 = ORIENTED_EDGE('',*,*,#10052,.T.);
#10052 = EDGE_CURVE('',#10053,#10053,#10055,.T.);
#10053 = VERTEX_POINT('',#10054);
#10054 = CARTESIAN_POINT('',(45.03,-43.295,0.));
#10055 = CIRCLE('',#10056,0.735);
#10056 = AXIS2_PLACEMENT_3D('',#10057,#10058,#10059);
#10057 = CARTESIAN_POINT('',(45.03,-42.56,0.));
#10058 = DIRECTION('',(-0.,0.,-1.));
#10059 = DIRECTION('',(-0.,-1.,0.));
#10060 = FACE_BOUND('',#10061,.F.);
#10061 = EDGE_LOOP('',(#10062));
#10062 = ORIENTED_EDGE('',*,*,#10063,.T.);
#10063 = EDGE_CURVE('',#10064,#10064,#10066,.T.);
#10064 = VERTEX_POINT('',#10065);
#10065 = CARTESIAN_POINT('',(57.73,-45.835,0.));
#10066 = CIRCLE('',#10067,0.735);
#10067 = AXIS2_PLACEMENT_3D('',#10068,#10069,#10070);
#10068 = CARTESIAN_POINT('',(57.73,-45.1,0.));
#10069 = DIRECTION('',(-0.,0.,-1.));
#10070 = DIRECTION('',(-9.66724810558E-15,-1.,0.));
#10071 = FACE_BOUND('',#10072,.F.);
#10072 = EDGE_LOOP('',(#10073));
#10073 = ORIENTED_EDGE('',*,*,#10074,.T.);
#10074 = EDGE_CURVE('',#10075,#10075,#10077,.T.);
#10075 = VERTEX_POINT('',#10076);
#10076 = CARTESIAN_POINT('',(64.08,-43.295,0.));
#10077 = CIRCLE('',#10078,0.735);
#10078 = AXIS2_PLACEMENT_3D('',#10079,#10080,#10081);
#10079 = CARTESIAN_POINT('',(64.08,-42.56,0.));
#10080 = DIRECTION('',(-0.,0.,-1.));
#10081 = DIRECTION('',(-0.,-1.,0.));
#10082 = FACE_BOUND('',#10083,.F.);
#10083 = EDGE_LOOP('',(#10084));
#10084 = ORIENTED_EDGE('',*,*,#10085,.T.);
#10085 = EDGE_CURVE('',#10086,#10086,#10088,.T.);
#10086 = VERTEX_POINT('',#10087);
#10087 = CARTESIAN_POINT('',(75.51,-48.515,0.));
#10088 = CIRCLE('',#10089,0.875);
#10089 = AXIS2_PLACEMENT_3D('',#10090,#10091,#10092);
#10090 = CARTESIAN_POINT('',(75.51,-47.64,0.));
#10091 = DIRECTION('',(-0.,0.,-1.));
#10092 = DIRECTION('',(-0.,-1.,0.));
#10093 = FACE_BOUND('',#10094,.F.);
#10094 = EDGE_LOOP('',(#10095));
#10095 = ORIENTED_EDGE('',*,*,#10096,.T.);
#10096 = EDGE_CURVE('',#10097,#10097,#10099,.T.);
#10097 = VERTEX_POINT('',#10098);
#10098 = CARTESIAN_POINT('',(80.59,-49.6339,0.));
#10099 = CIRCLE('',#10100,1.9939);
#10100 = AXIS2_PLACEMENT_3D('',#10101,#10102,#10103);
#10101 = CARTESIAN_POINT('',(80.59,-47.64,0.));
#10102 = DIRECTION('',(-0.,0.,-1.));
#10103 = DIRECTION('',(-0.,-1.,0.));
#10104 = FACE_BOUND('',#10105,.F.);
#10105 = EDGE_LOOP('',(#10106));
#10106 = ORIENTED_EDGE('',*,*,#10107,.T.);
#10107 = EDGE_CURVE('',#10108,#10108,#10110,.T.);
#10108 = VERTEX_POINT('',#10109);
#10109 = CARTESIAN_POINT('',(85.67,-48.515,0.));
#10110 = CIRCLE('',#10111,0.875);
#10111 = AXIS2_PLACEMENT_3D('',#10112,#10113,#10114);
#10112 = CARTESIAN_POINT('',(85.67,-47.64,0.));
#10113 = DIRECTION('',(-0.,0.,-1.));
#10114 = DIRECTION('',(-0.,-1.,0.));
#10115 = FACE_BOUND('',#10116,.F.);
#10116 = EDGE_LOOP('',(#10117));
#10117 = ORIENTED_EDGE('',*,*,#10118,.T.);
#10118 = EDGE_CURVE('',#10119,#10119,#10121,.T.);
#10119 = VERTEX_POINT('',#10120);
#10120 = CARTESIAN_POINT('',(94.56,-48.515,0.));
#10121 = CIRCLE('',#10122,0.875);
#10122 = AXIS2_PLACEMENT_3D('',#10123,#10124,#10125);
#10123 = CARTESIAN_POINT('',(94.56,-47.64,0.));
#10124 = DIRECTION('',(-0.,0.,-1.));
#10125 = DIRECTION('',(-0.,-1.,0.));
#10126 = FACE_BOUND('',#10127,.F.);
#10127 = EDGE_LOOP('',(#10128));
#10128 = ORIENTED_EDGE('',*,*,#10129,.T.);
#10129 = EDGE_CURVE('',#10130,#10130,#10132,.T.);
#10130 = VERTEX_POINT('',#10131);
#10131 = CARTESIAN_POINT('',(99.64,-49.6339,0.));
#10132 = CIRCLE('',#10133,1.9939);
#10133 = AXIS2_PLACEMENT_3D('',#10134,#10135,#10136);
#10134 = CARTESIAN_POINT('',(99.64,-47.64,0.));
#10135 = DIRECTION('',(-0.,0.,-1.));
#10136 = DIRECTION('',(-0.,-1.,0.));
#10137 = FACE_BOUND('',#10138,.F.);
#10138 = EDGE_LOOP('',(#10139));
#10139 = ORIENTED_EDGE('',*,*,#10140,.T.);
#10140 = EDGE_CURVE('',#10141,#10141,#10143,.T.);
#10141 = VERTEX_POINT('',#10142);
#10142 = CARTESIAN_POINT('',(104.72,-48.515,0.));
#10143 = CIRCLE('',#10144,0.875);
#10144 = AXIS2_PLACEMENT_3D('',#10145,#10146,#10147);
#10145 = CARTESIAN_POINT('',(104.72,-47.64,0.));
#10146 = DIRECTION('',(-0.,0.,-1.));
#10147 = DIRECTION('',(-0.,-1.,0.));
#10148 = FACE_BOUND('',#10149,.F.);
#10149 = EDGE_LOOP('',(#10150));
#10150 = ORIENTED_EDGE('',*,*,#10151,.T.);
#10151 = EDGE_CURVE('',#10152,#10152,#10154,.T.);
#10152 = VERTEX_POINT('',#10153);
#10153 = CARTESIAN_POINT('',(113.61,-48.515,0.));
#10154 = CIRCLE('',#10155,0.875);
#10155 = AXIS2_PLACEMENT_3D('',#10156,#10157,#10158);
#10156 = CARTESIAN_POINT('',(113.61,-47.64,0.));
#10157 = DIRECTION('',(-0.,0.,-1.));
#10158 = DIRECTION('',(-0.,-1.,0.));
#10159 = FACE_BOUND('',#10160,.F.);
#10160 = EDGE_LOOP('',(#10161));
#10161 = ORIENTED_EDGE('',*,*,#10162,.T.);
#10162 = EDGE_CURVE('',#10163,#10163,#10165,.T.);
#10163 = VERTEX_POINT('',#10164);
#10164 = CARTESIAN_POINT('',(118.69,-49.6339,0.));
#10165 = CIRCLE('',#10166,1.9939);
#10166 = AXIS2_PLACEMENT_3D('',#10167,#10168,#10169);
#10167 = CARTESIAN_POINT('',(118.69,-47.64,0.));
#10168 = DIRECTION('',(-0.,0.,-1.));
#10169 = DIRECTION('',(-0.,-1.,0.));
#10170 = FACE_BOUND('',#10171,.F.);
#10171 = EDGE_LOOP('',(#10172));
#10172 = ORIENTED_EDGE('',*,*,#10173,.T.);
#10173 = EDGE_CURVE('',#10174,#10174,#10176,.T.);
#10174 = VERTEX_POINT('',#10175);
#10175 = CARTESIAN_POINT('',(123.77,-48.515,0.));
#10176 = CIRCLE('',#10177,0.875);
#10177 = AXIS2_PLACEMENT_3D('',#10178,#10179,#10180);
#10178 = CARTESIAN_POINT('',(123.77,-47.64,0.));
#10179 = DIRECTION('',(-0.,0.,-1.));
#10180 = DIRECTION('',(-0.,-1.,0.));
#10181 = FACE_BOUND('',#10182,.F.);
#10182 = EDGE_LOOP('',(#10183));
#10183 = ORIENTED_EDGE('',*,*,#10184,.T.);
#10184 = EDGE_CURVE('',#10185,#10185,#10187,.T.);
#10185 = VERTEX_POINT('',#10186);
#10186 = CARTESIAN_POINT('',(76.78,-45.835,0.));
#10187 = CIRCLE('',#10188,0.735);
#10188 = AXIS2_PLACEMENT_3D('',#10189,#10190,#10191);
#10189 = CARTESIAN_POINT('',(76.78,-45.1,0.));
#10190 = DIRECTION('',(-0.,0.,-1.));
#10191 = DIRECTION('',(-0.,-1.,0.));
#10192 = FACE_BOUND('',#10193,.F.);
#10193 = EDGE_LOOP('',(#10194));
#10194 = ORIENTED_EDGE('',*,*,#10195,.T.);
#10195 = EDGE_CURVE('',#10196,#10196,#10198,.T.);
#10196 = VERTEX_POINT('',#10197);
#10197 = CARTESIAN_POINT('',(83.13,-43.295,0.));
#10198 = CIRCLE('',#10199,0.735);
#10199 = AXIS2_PLACEMENT_3D('',#10200,#10201,#10202);
#10200 = CARTESIAN_POINT('',(83.13,-42.56,0.));
#10201 = DIRECTION('',(-0.,0.,-1.));
#10202 = DIRECTION('',(-0.,-1.,0.));
#10203 = FACE_BOUND('',#10204,.F.);
#10204 = EDGE_LOOP('',(#10205));
#10205 = ORIENTED_EDGE('',*,*,#10206,.T.);
#10206 = EDGE_CURVE('',#10207,#10207,#10209,.T.);
#10207 = VERTEX_POINT('',#10208);
#10208 = CARTESIAN_POINT('',(95.83,-45.835,0.));
#10209 = CIRCLE('',#10210,0.735);
#10210 = AXIS2_PLACEMENT_3D('',#10211,#10212,#10213);
#10211 = CARTESIAN_POINT('',(95.83,-45.1,0.));
#10212 = DIRECTION('',(-0.,0.,-1.));
#10213 = DIRECTION('',(-0.,-1.,0.));
#10214 = FACE_BOUND('',#10215,.F.);
#10215 = EDGE_LOOP('',(#10216));
#10216 = ORIENTED_EDGE('',*,*,#10217,.T.);
#10217 = EDGE_CURVE('',#10218,#10218,#10220,.T.);
#10218 = VERTEX_POINT('',#10219);
#10219 = CARTESIAN_POINT('',(102.18,-43.295,0.));
#10220 = CIRCLE('',#10221,0.735);
#10221 = AXIS2_PLACEMENT_3D('',#10222,#10223,#10224);
#10222 = CARTESIAN_POINT('',(102.18,-42.56,0.));
#10223 = DIRECTION('',(-0.,0.,-1.));
#10224 = DIRECTION('',(-0.,-1.,0.));
#10225 = FACE_BOUND('',#10226,.F.);
#10226 = EDGE_LOOP('',(#10227));
#10227 = ORIENTED_EDGE('',*,*,#10228,.T.);
#10228 = EDGE_CURVE('',#10229,#10229,#10231,.T.);
#10229 = VERTEX_POINT('',#10230);
#10230 = CARTESIAN_POINT('',(114.88,-45.835,0.));
#10231 = CIRCLE('',#10232,0.735);
#10232 = AXIS2_PLACEMENT_3D('',#10233,#10234,#10235);
#10233 = CARTESIAN_POINT('',(114.88,-45.1,0.));
#10234 = DIRECTION('',(-0.,0.,-1.));
#10235 = DIRECTION('',(-0.,-1.,0.));
#10236 = FACE_BOUND('',#10237,.F.);
#10237 = EDGE_LOOP('',(#10238));
#10238 = ORIENTED_EDGE('',*,*,#10239,.T.);
#10239 = EDGE_CURVE('',#10240,#10240,#10242,.T.);
#10240 = VERTEX_POINT('',#10241);
#10241 = CARTESIAN_POINT('',(121.23,-43.295,0.));
#10242 = CIRCLE('',#10243,0.735);
#10243 = AXIS2_PLACEMENT_3D('',#10244,#10245,#10246);
#10244 = CARTESIAN_POINT('',(121.23,-42.56,0.));
#10245 = DIRECTION('',(-0.,0.,-1.));
#10246 = DIRECTION('',(-0.,-1.,0.));
#10247 = FACE_BOUND('',#10248,.F.);
#10248 = EDGE_LOOP('',(#10249));
#10249 = ORIENTED_EDGE('',*,*,#10250,.T.);
#10250 = EDGE_CURVE('',#10251,#10251,#10253,.T.);
#10251 = VERTEX_POINT('',#10252);
#10252 = CARTESIAN_POINT('',(18.36,-29.465,0.));
#10253 = CIRCLE('',#10254,0.875);
#10254 = AXIS2_PLACEMENT_3D('',#10255,#10256,#10257);
#10255 = CARTESIAN_POINT('',(18.36,-28.59,0.));
#10256 = DIRECTION('',(-0.,0.,-1.));
#10257 = DIRECTION('',(-0.,-1.,0.));
#10258 = FACE_BOUND('',#10259,.F.);
#10259 = EDGE_LOOP('',(#10260));
#10260 = ORIENTED_EDGE('',*,*,#10261,.T.);
#10261 = EDGE_CURVE('',#10262,#10262,#10264,.T.);
#10262 = VERTEX_POINT('',#10263);
#10263 = CARTESIAN_POINT('',(23.44,-30.5839,0.));
#10264 = CIRCLE('',#10265,1.9939);
#10265 = AXIS2_PLACEMENT_3D('',#10266,#10267,#10268);
#10266 = CARTESIAN_POINT('',(23.44,-28.59,0.));
#10267 = DIRECTION('',(-0.,0.,-1.));
#10268 = DIRECTION('',(-0.,-1.,0.));
#10269 = FACE_BOUND('',#10270,.F.);
#10270 = EDGE_LOOP('',(#10271));
#10271 = ORIENTED_EDGE('',*,*,#10272,.T.);
#10272 = EDGE_CURVE('',#10273,#10273,#10275,.T.);
#10273 = VERTEX_POINT('',#10274);
#10274 = CARTESIAN_POINT('',(28.52,-29.465,0.));
#10275 = CIRCLE('',#10276,0.875);
#10276 = AXIS2_PLACEMENT_3D('',#10277,#10278,#10279);
#10277 = CARTESIAN_POINT('',(28.52,-28.59,0.));
#10278 = DIRECTION('',(-0.,0.,-1.));
#10279 = DIRECTION('',(-0.,-1.,0.));
#10280 = FACE_BOUND('',#10281,.F.);
#10281 = EDGE_LOOP('',(#10282));
#10282 = ORIENTED_EDGE('',*,*,#10283,.T.);
#10283 = EDGE_CURVE('',#10284,#10284,#10286,.T.);
#10284 = VERTEX_POINT('',#10285);
#10285 = CARTESIAN_POINT('',(19.63,-26.785,0.));
#10286 = CIRCLE('',#10287,0.735);
#10287 = AXIS2_PLACEMENT_3D('',#10288,#10289,#10290);
#10288 = CARTESIAN_POINT('',(19.63,-26.05,0.));
#10289 = DIRECTION('',(-0.,0.,-1.));
#10290 = DIRECTION('',(-0.,-1.,0.));
#10291 = FACE_BOUND('',#10292,.F.);
#10292 = EDGE_LOOP('',(#10293));
#10293 = ORIENTED_EDGE('',*,*,#10294,.T.);
#10294 = EDGE_CURVE('',#10295,#10295,#10297,.T.);
#10295 = VERTEX_POINT('',#10296);
#10296 = CARTESIAN_POINT('',(37.41,-29.465,0.));
#10297 = CIRCLE('',#10298,0.875);
#10298 = AXIS2_PLACEMENT_3D('',#10299,#10300,#10301);
#10299 = CARTESIAN_POINT('',(37.41,-28.59,0.));
#10300 = DIRECTION('',(-0.,0.,-1.));
#10301 = DIRECTION('',(-0.,-1.,0.));
#10302 = FACE_BOUND('',#10303,.F.);
#10303 = EDGE_LOOP('',(#10304));
#10304 = ORIENTED_EDGE('',*,*,#10305,.T.);
#10305 = EDGE_CURVE('',#10306,#10306,#10308,.T.);
#10306 = VERTEX_POINT('',#10307);
#10307 = CARTESIAN_POINT('',(42.49,-30.5839,0.));
#10308 = CIRCLE('',#10309,1.9939);
#10309 = AXIS2_PLACEMENT_3D('',#10310,#10311,#10312);
#10310 = CARTESIAN_POINT('',(42.49,-28.59,0.));
#10311 = DIRECTION('',(-0.,0.,-1.));
#10312 = DIRECTION('',(3.563582605748E-15,-1.,-0.));
#10313 = FACE_BOUND('',#10314,.F.);
#10314 = EDGE_LOOP('',(#10315));
#10315 = ORIENTED_EDGE('',*,*,#10316,.T.);
#10316 = EDGE_CURVE('',#10317,#10317,#10319,.T.);
#10317 = VERTEX_POINT('',#10318);
#10318 = CARTESIAN_POINT('',(38.68,-26.785,0.));
#10319 = CIRCLE('',#10320,0.735);
#10320 = AXIS2_PLACEMENT_3D('',#10321,#10322,#10323);
#10321 = CARTESIAN_POINT('',(38.68,-26.05,0.));
#10322 = DIRECTION('',(-0.,0.,-1.));
#10323 = DIRECTION('',(-0.,-1.,0.));
#10324 = FACE_BOUND('',#10325,.F.);
#10325 = EDGE_LOOP('',(#10326));
#10326 = ORIENTED_EDGE('',*,*,#10327,.T.);
#10327 = EDGE_CURVE('',#10328,#10328,#10330,.T.);
#10328 = VERTEX_POINT('',#10329);
#10329 = CARTESIAN_POINT('',(47.57,-29.465,0.));
#10330 = CIRCLE('',#10331,0.875);
#10331 = AXIS2_PLACEMENT_3D('',#10332,#10333,#10334);
#10332 = CARTESIAN_POINT('',(47.57,-28.59,0.));
#10333 = DIRECTION('',(-0.,0.,-1.));
#10334 = DIRECTION('',(-0.,-1.,0.));
#10335 = FACE_BOUND('',#10336,.F.);
#10336 = EDGE_LOOP('',(#10337));
#10337 = ORIENTED_EDGE('',*,*,#10338,.T.);
#10338 = EDGE_CURVE('',#10339,#10339,#10341,.T.);
#10339 = VERTEX_POINT('',#10340);
#10340 = CARTESIAN_POINT('',(56.46,-29.465,0.));
#10341 = CIRCLE('',#10342,0.875);
#10342 = AXIS2_PLACEMENT_3D('',#10343,#10344,#10345);
#10343 = CARTESIAN_POINT('',(56.46,-28.59,0.));
#10344 = DIRECTION('',(-0.,0.,-1.));
#10345 = DIRECTION('',(-0.,-1.,0.));
#10346 = FACE_BOUND('',#10347,.F.);
#10347 = EDGE_LOOP('',(#10348));
#10348 = ORIENTED_EDGE('',*,*,#10349,.T.);
#10349 = EDGE_CURVE('',#10350,#10350,#10352,.T.);
#10350 = VERTEX_POINT('',#10351);
#10351 = CARTESIAN_POINT('',(57.73,-26.785,0.));
#10352 = CIRCLE('',#10353,0.735);
#10353 = AXIS2_PLACEMENT_3D('',#10354,#10355,#10356);
#10354 = CARTESIAN_POINT('',(57.73,-26.05,0.));
#10355 = DIRECTION('',(-0.,0.,-1.));
#10356 = DIRECTION('',(-9.66724810558E-15,-1.,0.));
#10357 = FACE_BOUND('',#10358,.F.);
#10358 = EDGE_LOOP('',(#10359));
#10359 = ORIENTED_EDGE('',*,*,#10360,.T.);
#10360 = EDGE_CURVE('',#10361,#10361,#10363,.T.);
#10361 = VERTEX_POINT('',#10362);
#10362 = CARTESIAN_POINT('',(61.54,-30.5839,0.));
#10363 = CIRCLE('',#10364,1.9939);
#10364 = AXIS2_PLACEMENT_3D('',#10365,#10366,#10367);
#10365 = CARTESIAN_POINT('',(61.54,-28.59,0.));
#10366 = DIRECTION('',(-0.,0.,-1.));
#10367 = DIRECTION('',(-3.563582605748E-15,-1.,0.));
#10368 = FACE_BOUND('',#10369,.F.);
#10369 = EDGE_LOOP('',(#10370));
#10370 = ORIENTED_EDGE('',*,*,#10371,.T.);
#10371 = EDGE_CURVE('',#10372,#10372,#10374,.T.);
#10372 = VERTEX_POINT('',#10373);
#10373 = CARTESIAN_POINT('',(66.62,-29.465,0.));
#10374 = CIRCLE('',#10375,0.875);
#10375 = AXIS2_PLACEMENT_3D('',#10376,#10377,#10378);
#10376 = CARTESIAN_POINT('',(66.62,-28.59,0.));
#10377 = DIRECTION('',(-0.,0.,-1.));
#10378 = DIRECTION('',(-0.,-1.,0.));
#10379 = FACE_BOUND('',#10380,.F.);
#10380 = EDGE_LOOP('',(#10381));
#10381 = ORIENTED_EDGE('',*,*,#10382,.T.);
#10382 = EDGE_CURVE('',#10383,#10383,#10385,.T.);
#10383 = VERTEX_POINT('',#10384);
#10384 = CARTESIAN_POINT('',(25.98,-24.245,0.));
#10385 = CIRCLE('',#10386,0.735);
#10386 = AXIS2_PLACEMENT_3D('',#10387,#10388,#10389);
#10387 = CARTESIAN_POINT('',(25.98,-23.51,0.));
#10388 = DIRECTION('',(-0.,0.,-1.));
#10389 = DIRECTION('',(-0.,-1.,0.));
#10390 = FACE_BOUND('',#10391,.F.);
#10391 = EDGE_LOOP('',(#10392));
#10392 = ORIENTED_EDGE('',*,*,#10393,.T.);
#10393 = EDGE_CURVE('',#10394,#10394,#10396,.T.);
#10394 = VERTEX_POINT('',#10395);
#10395 = CARTESIAN_POINT('',(45.03,-24.245,0.));
#10396 = CIRCLE('',#10397,0.735);
#10397 = AXIS2_PLACEMENT_3D('',#10398,#10399,#10400);
#10398 = CARTESIAN_POINT('',(45.03,-23.51,0.));
#10399 = DIRECTION('',(-0.,0.,-1.));
#10400 = DIRECTION('',(-0.,-1.,0.));
#10401 = FACE_BOUND('',#10402,.F.);
#10402 = EDGE_LOOP('',(#10403));
#10403 = ORIENTED_EDGE('',*,*,#10404,.T.);
#10404 = EDGE_CURVE('',#10405,#10405,#10407,.T.);
#10405 = VERTEX_POINT('',#10406);
#10406 = CARTESIAN_POINT('',(22.6462,-16.998119,0.));
#10407 = CIRCLE('',#10408,1.505);
#10408 = AXIS2_PLACEMENT_3D('',#10409,#10410,#10411);
#10409 = CARTESIAN_POINT('',(22.6462,-15.493119,0.));
#10410 = DIRECTION('',(-0.,0.,-1.));
#10411 = DIRECTION('',(-0.,-1.,0.));
#10412 = FACE_BOUND('',#10413,.F.);
#10413 = EDGE_LOOP('',(#10414));
#10414 = ORIENTED_EDGE('',*,*,#10415,.T.);
#10415 = EDGE_CURVE('',#10416,#10416,#10418,.T.);
#10416 = VERTEX_POINT('',#10417);
#10417 = CARTESIAN_POINT('',(64.08,-24.245,0.));
#10418 = CIRCLE('',#10419,0.735);
#10419 = AXIS2_PLACEMENT_3D('',#10420,#10421,#10422);
#10420 = CARTESIAN_POINT('',(64.08,-23.51,0.));
#10421 = DIRECTION('',(-0.,0.,-1.));
#10422 = DIRECTION('',(-0.,-1.,0.));
#10423 = FACE_BOUND('',#10424,.F.);
#10424 = EDGE_LOOP('',(#10425));
#10425 = ORIENTED_EDGE('',*,*,#10426,.T.);
#10426 = EDGE_CURVE('',#10427,#10427,#10429,.T.);
#10427 = VERTEX_POINT('',#10428);
#10428 = CARTESIAN_POINT('',(75.51,-29.465,0.));
#10429 = CIRCLE('',#10430,0.875);
#10430 = AXIS2_PLACEMENT_3D('',#10431,#10432,#10433);
#10431 = CARTESIAN_POINT('',(75.51,-28.59,0.));
#10432 = DIRECTION('',(-0.,0.,-1.));
#10433 = DIRECTION('',(-0.,-1.,0.));
#10434 = FACE_BOUND('',#10435,.F.);
#10435 = EDGE_LOOP('',(#10436));
#10436 = ORIENTED_EDGE('',*,*,#10437,.T.);
#10437 = EDGE_CURVE('',#10438,#10438,#10440,.T.);
#10438 = VERTEX_POINT('',#10439);
#10439 = CARTESIAN_POINT('',(80.59,-30.5839,0.));
#10440 = CIRCLE('',#10441,1.9939);
#10441 = AXIS2_PLACEMENT_3D('',#10442,#10443,#10444);
#10442 = CARTESIAN_POINT('',(80.59,-28.59,0.));
#10443 = DIRECTION('',(-0.,0.,-1.));
#10444 = DIRECTION('',(-0.,-1.,0.));
#10445 = FACE_BOUND('',#10446,.F.);
#10446 = EDGE_LOOP('',(#10447));
#10447 = ORIENTED_EDGE('',*,*,#10448,.T.);
#10448 = EDGE_CURVE('',#10449,#10449,#10451,.T.);
#10449 = VERTEX_POINT('',#10450);
#10450 = CARTESIAN_POINT('',(85.67,-29.465,0.));
#10451 = CIRCLE('',#10452,0.875);
#10452 = AXIS2_PLACEMENT_3D('',#10453,#10454,#10455);
#10453 = CARTESIAN_POINT('',(85.67,-28.59,0.));
#10454 = DIRECTION('',(-0.,0.,-1.));
#10455 = DIRECTION('',(-0.,-1.,0.));
#10456 = FACE_BOUND('',#10457,.F.);
#10457 = EDGE_LOOP('',(#10458));
#10458 = ORIENTED_EDGE('',*,*,#10459,.T.);
#10459 = EDGE_CURVE('',#10460,#10460,#10462,.T.);
#10460 = VERTEX_POINT('',#10461);
#10461 = CARTESIAN_POINT('',(76.78,-26.785,0.));
#10462 = CIRCLE('',#10463,0.735);
#10463 = AXIS2_PLACEMENT_3D('',#10464,#10465,#10466);
#10464 = CARTESIAN_POINT('',(76.78,-26.05,0.));
#10465 = DIRECTION('',(-0.,0.,-1.));
#10466 = DIRECTION('',(-0.,-1.,0.));
#10467 = FACE_BOUND('',#10468,.F.);
#10468 = EDGE_LOOP('',(#10469));
#10469 = ORIENTED_EDGE('',*,*,#10470,.T.);
#10470 = EDGE_CURVE('',#10471,#10471,#10473,.T.);
#10471 = VERTEX_POINT('',#10472);
#10472 = CARTESIAN_POINT('',(94.56,-29.465,0.));
#10473 = CIRCLE('',#10474,0.875);
#10474 = AXIS2_PLACEMENT_3D('',#10475,#10476,#10477);
#10475 = CARTESIAN_POINT('',(94.56,-28.59,0.));
#10476 = DIRECTION('',(-0.,0.,-1.));
#10477 = DIRECTION('',(-0.,-1.,0.));
#10478 = FACE_BOUND('',#10479,.F.);
#10479 = EDGE_LOOP('',(#10480));
#10480 = ORIENTED_EDGE('',*,*,#10481,.T.);
#10481 = EDGE_CURVE('',#10482,#10482,#10484,.T.);
#10482 = VERTEX_POINT('',#10483);
#10483 = CARTESIAN_POINT('',(99.64,-30.5839,0.));
#10484 = CIRCLE('',#10485,1.9939);
#10485 = AXIS2_PLACEMENT_3D('',#10486,#10487,#10488);
#10486 = CARTESIAN_POINT('',(99.64,-28.59,0.));
#10487 = DIRECTION('',(-0.,0.,-1.));
#10488 = DIRECTION('',(-0.,-1.,0.));
#10489 = FACE_BOUND('',#10490,.F.);
#10490 = EDGE_LOOP('',(#10491));
#10491 = ORIENTED_EDGE('',*,*,#10492,.T.);
#10492 = EDGE_CURVE('',#10493,#10493,#10495,.T.);
#10493 = VERTEX_POINT('',#10494);
#10494 = CARTESIAN_POINT('',(95.83,-26.785,0.));
#10495 = CIRCLE('',#10496,0.735);
#10496 = AXIS2_PLACEMENT_3D('',#10497,#10498,#10499);
#10497 = CARTESIAN_POINT('',(95.83,-26.05,0.));
#10498 = DIRECTION('',(-0.,0.,-1.));
#10499 = DIRECTION('',(-0.,-1.,0.));
#10500 = FACE_BOUND('',#10501,.F.);
#10501 = EDGE_LOOP('',(#10502));
#10502 = ORIENTED_EDGE('',*,*,#10503,.T.);
#10503 = EDGE_CURVE('',#10504,#10504,#10506,.T.);
#10504 = VERTEX_POINT('',#10505);
#10505 = CARTESIAN_POINT('',(104.72,-29.465,0.));
#10506 = CIRCLE('',#10507,0.875);
#10507 = AXIS2_PLACEMENT_3D('',#10508,#10509,#10510);
#10508 = CARTESIAN_POINT('',(104.72,-28.59,0.));
#10509 = DIRECTION('',(-0.,0.,-1.));
#10510 = DIRECTION('',(-0.,-1.,0.));
#10511 = FACE_BOUND('',#10512,.F.);
#10512 = EDGE_LOOP('',(#10513));
#10513 = ORIENTED_EDGE('',*,*,#10514,.T.);
#10514 = EDGE_CURVE('',#10515,#10515,#10517,.T.);
#10515 = VERTEX_POINT('',#10516);
#10516 = CARTESIAN_POINT('',(113.61,-29.465,0.));
#10517 = CIRCLE('',#10518,0.875);
#10518 = AXIS2_PLACEMENT_3D('',#10519,#10520,#10521);
#10519 = CARTESIAN_POINT('',(113.61,-28.59,0.));
#10520 = DIRECTION('',(-0.,0.,-1.));
#10521 = DIRECTION('',(-0.,-1.,0.));
#10522 = FACE_BOUND('',#10523,.F.);
#10523 = EDGE_LOOP('',(#10524));
#10524 = ORIENTED_EDGE('',*,*,#10525,.T.);
#10525 = EDGE_CURVE('',#10526,#10526,#10528,.T.);
#10526 = VERTEX_POINT('',#10527);
#10527 = CARTESIAN_POINT('',(118.69,-30.5839,0.));
#10528 = CIRCLE('',#10529,1.9939);
#10529 = AXIS2_PLACEMENT_3D('',#10530,#10531,#10532);
#10530 = CARTESIAN_POINT('',(118.69,-28.59,0.));
#10531 = DIRECTION('',(-0.,0.,-1.));
#10532 = DIRECTION('',(-0.,-1.,0.));
#10533 = FACE_BOUND('',#10534,.F.);
#10534 = EDGE_LOOP('',(#10535));
#10535 = ORIENTED_EDGE('',*,*,#10536,.T.);
#10536 = EDGE_CURVE('',#10537,#10537,#10539,.T.);
#10537 = VERTEX_POINT('',#10538);
#10538 = CARTESIAN_POINT('',(123.77,-29.465,0.));
#10539 = CIRCLE('',#10540,0.875);
#10540 = AXIS2_PLACEMENT_3D('',#10541,#10542,#10543);
#10541 = CARTESIAN_POINT('',(123.77,-28.59,0.));
#10542 = DIRECTION('',(-0.,0.,-1.));
#10543 = DIRECTION('',(-0.,-1.,0.));
#10544 = FACE_BOUND('',#10545,.F.);
#10545 = EDGE_LOOP('',(#10546));
#10546 = ORIENTED_EDGE('',*,*,#10547,.T.);
#10547 = EDGE_CURVE('',#10548,#10548,#10550,.T.);
#10548 = VERTEX_POINT('',#10549);
#10549 = CARTESIAN_POINT('',(114.88,-26.785,0.));
#10550 = CIRCLE('',#10551,0.735);
#10551 = AXIS2_PLACEMENT_3D('',#10552,#10553,#10554);
#10552 = CARTESIAN_POINT('',(114.88,-26.05,0.));
#10553 = DIRECTION('',(-0.,0.,-1.));
#10554 = DIRECTION('',(-0.,-1.,0.));
#10555 = FACE_BOUND('',#10556,.F.);
#10556 = EDGE_LOOP('',(#10557));
#10557 = ORIENTED_EDGE('',*,*,#10558,.T.);
#10558 = EDGE_CURVE('',#10559,#10559,#10561,.T.);
#10559 = VERTEX_POINT('',#10560);
#10560 = CARTESIAN_POINT('',(83.13,-24.245,0.));
#10561 = CIRCLE('',#10562,0.735);
#10562 = AXIS2_PLACEMENT_3D('',#10563,#10564,#10565);
#10563 = CARTESIAN_POINT('',(83.13,-23.51,0.));
#10564 = DIRECTION('',(-0.,0.,-1.));
#10565 = DIRECTION('',(-0.,-1.,0.));
#10566 = FACE_BOUND('',#10567,.F.);
#10567 = EDGE_LOOP('',(#10568));
#10568 = ORIENTED_EDGE('',*,*,#10569,.T.);
#10569 = EDGE_CURVE('',#10570,#10570,#10572,.T.);
#10570 = VERTEX_POINT('',#10571);
#10571 = CARTESIAN_POINT('',(79.7962,-16.998119,0.));
#10572 = CIRCLE('',#10573,1.505);
#10573 = AXIS2_PLACEMENT_3D('',#10574,#10575,#10576);
#10574 = CARTESIAN_POINT('',(79.7962,-15.493119,0.));
#10575 = DIRECTION('',(-0.,0.,-1.));
#10576 = DIRECTION('',(-0.,-1.,0.));
#10577 = FACE_BOUND('',#10578,.F.);
#10578 = EDGE_LOOP('',(#10579));
#10579 = ORIENTED_EDGE('',*,*,#10580,.T.);
#10580 = EDGE_CURVE('',#10581,#10581,#10583,.T.);
#10581 = VERTEX_POINT('',#10582);
#10582 = CARTESIAN_POINT('',(102.18,-24.245,0.));
#10583 = CIRCLE('',#10584,0.735);
#10584 = AXIS2_PLACEMENT_3D('',#10585,#10586,#10587);
#10585 = CARTESIAN_POINT('',(102.18,-23.51,0.));
#10586 = DIRECTION('',(-0.,0.,-1.));
#10587 = DIRECTION('',(-0.,-1.,0.));
#10588 = FACE_BOUND('',#10589,.F.);
#10589 = EDGE_LOOP('',(#10590));
#10590 = ORIENTED_EDGE('',*,*,#10591,.T.);
#10591 = EDGE_CURVE('',#10592,#10592,#10594,.T.);
#10592 = VERTEX_POINT('',#10593);
#10593 = CARTESIAN_POINT('',(121.23,-24.245,0.));
#10594 = CIRCLE('',#10595,0.735);
#10595 = AXIS2_PLACEMENT_3D('',#10596,#10597,#10598);
#10596 = CARTESIAN_POINT('',(121.23,-23.51,0.));
#10597 = DIRECTION('',(-0.,0.,-1.));
#10598 = DIRECTION('',(-0.,-1.,0.));
#10599 = FACE_BOUND('',#10600,.F.);
#10600 = EDGE_LOOP('',(#10601));
#10601 = ORIENTED_EDGE('',*,*,#10602,.T.);
#10602 = EDGE_CURVE('',#10603,#10603,#10605,.T.);
#10603 = VERTEX_POINT('',#10604);
#10604 = CARTESIAN_POINT('',(132.66,-48.515,0.));
#10605 = CIRCLE('',#10606,0.875);
#10606 = AXIS2_PLACEMENT_3D('',#10607,#10608,#10609);
#10607 = CARTESIAN_POINT('',(132.66,-47.64,0.));
#10608 = DIRECTION('',(-0.,0.,-1.));
#10609 = DIRECTION('',(-0.,-1.,0.));
#10610 = FACE_BOUND('',#10611,.F.);
#10611 = EDGE_LOOP('',(#10612));
#10612 = ORIENTED_EDGE('',*,*,#10613,.T.);
#10613 = EDGE_CURVE('',#10614,#10614,#10616,.T.);
#10614 = VERTEX_POINT('',#10615);
#10615 = CARTESIAN_POINT('',(137.74,-49.6339,0.));
#10616 = CIRCLE('',#10617,1.9939);
#10617 = AXIS2_PLACEMENT_3D('',#10618,#10619,#10620);
#10618 = CARTESIAN_POINT('',(137.74,-47.64,0.));
#10619 = DIRECTION('',(-0.,0.,-1.));
#10620 = DIRECTION('',(-0.,-1.,0.));
#10621 = FACE_BOUND('',#10622,.F.);
#10622 = EDGE_LOOP('',(#10623));
#10623 = ORIENTED_EDGE('',*,*,#10624,.T.);
#10624 = EDGE_CURVE('',#10625,#10625,#10627,.T.);
#10625 = VERTEX_POINT('',#10626);
#10626 = CARTESIAN_POINT('',(142.82,-48.515,0.));
#10627 = CIRCLE('',#10628,0.875);
#10628 = AXIS2_PLACEMENT_3D('',#10629,#10630,#10631);
#10629 = CARTESIAN_POINT('',(142.82,-47.64,0.));
#10630 = DIRECTION('',(-0.,0.,-1.));
#10631 = DIRECTION('',(-0.,-1.,0.));
#10632 = FACE_BOUND('',#10633,.F.);
#10633 = EDGE_LOOP('',(#10634));
#10634 = ORIENTED_EDGE('',*,*,#10635,.T.);
#10635 = EDGE_CURVE('',#10636,#10636,#10638,.T.);
#10636 = VERTEX_POINT('',#10637);
#10637 = CARTESIAN_POINT('',(151.71,-48.515,0.));
#10638 = CIRCLE('',#10639,0.875);
#10639 = AXIS2_PLACEMENT_3D('',#10640,#10641,#10642);
#10640 = CARTESIAN_POINT('',(151.71,-47.64,0.));
#10641 = DIRECTION('',(-0.,0.,-1.));
#10642 = DIRECTION('',(-0.,-1.,0.));
#10643 = FACE_BOUND('',#10644,.F.);
#10644 = EDGE_LOOP('',(#10645));
#10645 = ORIENTED_EDGE('',*,*,#10646,.T.);
#10646 = EDGE_CURVE('',#10647,#10647,#10649,.T.);
#10647 = VERTEX_POINT('',#10648);
#10648 = CARTESIAN_POINT('',(156.79,-49.6339,0.));
#10649 = CIRCLE('',#10650,1.9939);
#10650 = AXIS2_PLACEMENT_3D('',#10651,#10652,#10653);
#10651 = CARTESIAN_POINT('',(156.79,-47.64,0.));
#10652 = DIRECTION('',(-0.,0.,-1.));
#10653 = DIRECTION('',(-0.,-1.,0.));
#10654 = FACE_BOUND('',#10655,.F.);
#10655 = EDGE_LOOP('',(#10656));
#10656 = ORIENTED_EDGE('',*,*,#10657,.T.);
#10657 = EDGE_CURVE('',#10658,#10658,#10660,.T.);
#10658 = VERTEX_POINT('',#10659);
#10659 = CARTESIAN_POINT('',(161.87,-48.515,0.));
#10660 = CIRCLE('',#10661,0.875);
#10661 = AXIS2_PLACEMENT_3D('',#10662,#10663,#10664);
#10662 = CARTESIAN_POINT('',(161.87,-47.64,0.));
#10663 = DIRECTION('',(-0.,0.,-1.));
#10664 = DIRECTION('',(-0.,-1.,0.));
#10665 = FACE_BOUND('',#10666,.F.);
#10666 = EDGE_LOOP('',(#10667));
#10667 = ORIENTED_EDGE('',*,*,#10668,.T.);
#10668 = EDGE_CURVE('',#10669,#10669,#10671,.T.);
#10669 = VERTEX_POINT('',#10670);
#10670 = CARTESIAN_POINT('',(170.76,-48.515,0.));
#10671 = CIRCLE('',#10672,0.875);
#10672 = AXIS2_PLACEMENT_3D('',#10673,#10674,#10675);
#10673 = CARTESIAN_POINT('',(170.76,-47.64,0.));
#10674 = DIRECTION('',(-0.,0.,-1.));
#10675 = DIRECTION('',(-0.,-1.,0.));
#10676 = FACE_BOUND('',#10677,.F.);
#10677 = EDGE_LOOP('',(#10678));
#10678 = ORIENTED_EDGE('',*,*,#10679,.T.);
#10679 = EDGE_CURVE('',#10680,#10680,#10682,.T.);
#10680 = VERTEX_POINT('',#10681);
#10681 = CARTESIAN_POINT('',(175.84,-49.6339,0.));
#10682 = CIRCLE('',#10683,1.9939);
#10683 = AXIS2_PLACEMENT_3D('',#10684,#10685,#10686);
#10684 = CARTESIAN_POINT('',(175.84,-47.64,0.));
#10685 = DIRECTION('',(-0.,0.,-1.));
#10686 = DIRECTION('',(-0.,-1.,0.));
#10687 = FACE_BOUND('',#10688,.F.);
#10688 = EDGE_LOOP('',(#10689));
#10689 = ORIENTED_EDGE('',*,*,#10690,.T.);
#10690 = EDGE_CURVE('',#10691,#10691,#10693,.T.);
#10691 = VERTEX_POINT('',#10692);
#10692 = CARTESIAN_POINT('',(180.92,-48.515,0.));
#10693 = CIRCLE('',#10694,0.875);
#10694 = AXIS2_PLACEMENT_3D('',#10695,#10696,#10697);
#10695 = CARTESIAN_POINT('',(180.92,-47.64,0.));
#10696 = DIRECTION('',(-0.,0.,-1.));
#10697 = DIRECTION('',(-0.,-1.,0.));
#10698 = FACE_BOUND('',#10699,.F.);
#10699 = EDGE_LOOP('',(#10700));
#10700 = ORIENTED_EDGE('',*,*,#10701,.T.);
#10701 = EDGE_CURVE('',#10702,#10702,#10704,.T.);
#10702 = VERTEX_POINT('',#10703);
#10703 = CARTESIAN_POINT('',(133.93,-45.835,0.));
#10704 = CIRCLE('',#10705,0.735);
#10705 = AXIS2_PLACEMENT_3D('',#10706,#10707,#10708);
#10706 = CARTESIAN_POINT('',(133.93,-45.1,0.));
#10707 = DIRECTION('',(-0.,0.,-1.));
#10708 = DIRECTION('',(-0.,-1.,0.));
#10709 = FACE_BOUND('',#10710,.F.);
#10710 = EDGE_LOOP('',(#10711));
#10711 = ORIENTED_EDGE('',*,*,#10712,.T.);
#10712 = EDGE_CURVE('',#10713,#10713,#10715,.T.);
#10713 = VERTEX_POINT('',#10714);
#10714 = CARTESIAN_POINT('',(140.28,-43.295,0.));
#10715 = CIRCLE('',#10716,0.735);
#10716 = AXIS2_PLACEMENT_3D('',#10717,#10718,#10719);
#10717 = CARTESIAN_POINT('',(140.28,-42.56,0.));
#10718 = DIRECTION('',(-0.,0.,-1.));
#10719 = DIRECTION('',(3.866899242232E-14,-1.,-0.));
#10720 = FACE_BOUND('',#10721,.F.);
#10721 = EDGE_LOOP('',(#10722));
#10722 = ORIENTED_EDGE('',*,*,#10723,.T.);
#10723 = EDGE_CURVE('',#10724,#10724,#10726,.T.);
#10724 = VERTEX_POINT('',#10725);
#10725 = CARTESIAN_POINT('',(152.98,-45.835,0.));
#10726 = CIRCLE('',#10727,0.735);
#10727 = AXIS2_PLACEMENT_3D('',#10728,#10729,#10730);
#10728 = CARTESIAN_POINT('',(152.98,-45.1,0.));
#10729 = DIRECTION('',(-0.,0.,-1.));
#10730 = DIRECTION('',(-3.866899242232E-14,-1.,0.));
#10731 = FACE_BOUND('',#10732,.F.);
#10732 = EDGE_LOOP('',(#10733));
#10733 = ORIENTED_EDGE('',*,*,#10734,.T.);
#10734 = EDGE_CURVE('',#10735,#10735,#10737,.T.);
#10735 = VERTEX_POINT('',#10736);
#10736 = CARTESIAN_POINT('',(159.33,-43.295,0.));
#10737 = CIRCLE('',#10738,0.735);
#10738 = AXIS2_PLACEMENT_3D('',#10739,#10740,#10741);
#10739 = CARTESIAN_POINT('',(159.33,-42.56,0.));
#10740 = DIRECTION('',(-0.,0.,-1.));
#10741 = DIRECTION('',(3.866899242232E-14,-1.,-0.));
#10742 = FACE_BOUND('',#10743,.F.);
#10743 = EDGE_LOOP('',(#10744));
#10744 = ORIENTED_EDGE('',*,*,#10745,.T.);
#10745 = EDGE_CURVE('',#10746,#10746,#10748,.T.);
#10746 = VERTEX_POINT('',#10747);
#10747 = CARTESIAN_POINT('',(172.03,-45.835,0.));
#10748 = CIRCLE('',#10749,0.735);
#10749 = AXIS2_PLACEMENT_3D('',#10750,#10751,#10752);
#10750 = CARTESIAN_POINT('',(172.03,-45.1,0.));
#10751 = DIRECTION('',(-0.,0.,-1.));
#10752 = DIRECTION('',(3.866899242232E-14,-1.,-0.));
#10753 = FACE_BOUND('',#10754,.F.);
#10754 = EDGE_LOOP('',(#10755));
#10755 = ORIENTED_EDGE('',*,*,#10756,.T.);
#10756 = EDGE_CURVE('',#10757,#10757,#10759,.T.);
#10757 = VERTEX_POINT('',#10758);
#10758 = CARTESIAN_POINT('',(178.38,-43.295,0.));
#10759 = CIRCLE('',#10760,0.735);
#10760 = AXIS2_PLACEMENT_3D('',#10761,#10762,#10763);
#10761 = CARTESIAN_POINT('',(178.38,-42.56,0.));
#10762 = DIRECTION('',(-0.,0.,-1.));
#10763 = DIRECTION('',(-0.,-1.,0.));
#10764 = FACE_BOUND('',#10765,.F.);
#10765 = EDGE_LOOP('',(#10766));
#10766 = ORIENTED_EDGE('',*,*,#10767,.T.);
#10767 = EDGE_CURVE('',#10768,#10768,#10770,.T.);
#10768 = VERTEX_POINT('',#10769);
#10769 = CARTESIAN_POINT('',(189.81,-48.515,0.));
#10770 = CIRCLE('',#10771,0.875);
#10771 = AXIS2_PLACEMENT_3D('',#10772,#10773,#10774);
#10772 = CARTESIAN_POINT('',(189.81,-47.64,0.));
#10773 = DIRECTION('',(-0.,0.,-1.));
#10774 = DIRECTION('',(-0.,-1.,0.));
#10775 = FACE_BOUND('',#10776,.F.);
#10776 = EDGE_LOOP('',(#10777));
#10777 = ORIENTED_EDGE('',*,*,#10778,.T.);
#10778 = EDGE_CURVE('',#10779,#10779,#10781,.T.);
#10779 = VERTEX_POINT('',#10780);
#10780 = CARTESIAN_POINT('',(194.89,-49.6339,0.));
#10781 = CIRCLE('',#10782,1.9939);
#10782 = AXIS2_PLACEMENT_3D('',#10783,#10784,#10785);
#10783 = CARTESIAN_POINT('',(194.89,-47.64,0.));
#10784 = DIRECTION('',(-0.,0.,-1.));
#10785 = DIRECTION('',(-0.,-1.,0.));
#10786 = FACE_BOUND('',#10787,.F.);
#10787 = EDGE_LOOP('',(#10788));
#10788 = ORIENTED_EDGE('',*,*,#10789,.T.);
#10789 = EDGE_CURVE('',#10790,#10790,#10792,.T.);
#10790 = VERTEX_POINT('',#10791);
#10791 = CARTESIAN_POINT('',(199.97,-48.515,0.));
#10792 = CIRCLE('',#10793,0.875);
#10793 = AXIS2_PLACEMENT_3D('',#10794,#10795,#10796);
#10794 = CARTESIAN_POINT('',(199.97,-47.64,0.));
#10795 = DIRECTION('',(-0.,0.,-1.));
#10796 = DIRECTION('',(-0.,-1.,0.));
#10797 = FACE_BOUND('',#10798,.F.);
#10798 = EDGE_LOOP('',(#10799));
#10799 = ORIENTED_EDGE('',*,*,#10800,.T.);
#10800 = EDGE_CURVE('',#10801,#10801,#10803,.T.);
#10801 = VERTEX_POINT('',#10802);
#10802 = CARTESIAN_POINT('',(208.86,-48.515,0.));
#10803 = CIRCLE('',#10804,0.875);
#10804 = AXIS2_PLACEMENT_3D('',#10805,#10806,#10807);
#10805 = CARTESIAN_POINT('',(208.86,-47.64,0.));
#10806 = DIRECTION('',(-0.,0.,-1.));
#10807 = DIRECTION('',(-0.,-1.,0.));
#10808 = FACE_BOUND('',#10809,.F.);
#10809 = EDGE_LOOP('',(#10810));
#10810 = ORIENTED_EDGE('',*,*,#10811,.T.);
#10811 = EDGE_CURVE('',#10812,#10812,#10814,.T.);
#10812 = VERTEX_POINT('',#10813);
#10813 = CARTESIAN_POINT('',(213.94,-49.6339,0.));
#10814 = CIRCLE('',#10815,1.9939);
#10815 = AXIS2_PLACEMENT_3D('',#10816,#10817,#10818);
#10816 = CARTESIAN_POINT('',(213.94,-47.64,0.));
#10817 = DIRECTION('',(-0.,0.,-1.));
#10818 = DIRECTION('',(-0.,-1.,0.));
#10819 = FACE_BOUND('',#10820,.F.);
#10820 = EDGE_LOOP('',(#10821));
#10821 = ORIENTED_EDGE('',*,*,#10822,.T.);
#10822 = EDGE_CURVE('',#10823,#10823,#10825,.T.);
#10823 = VERTEX_POINT('',#10824);
#10824 = CARTESIAN_POINT('',(219.02,-48.515,0.));
#10825 = CIRCLE('',#10826,0.875);
#10826 = AXIS2_PLACEMENT_3D('',#10827,#10828,#10829);
#10827 = CARTESIAN_POINT('',(219.02,-47.64,0.));
#10828 = DIRECTION('',(-0.,0.,-1.));
#10829 = DIRECTION('',(-0.,-1.,0.));
#10830 = FACE_BOUND('',#10831,.F.);
#10831 = EDGE_LOOP('',(#10832));
#10832 = ORIENTED_EDGE('',*,*,#10833,.T.);
#10833 = EDGE_CURVE('',#10834,#10834,#10836,.T.);
#10834 = VERTEX_POINT('',#10835);
#10835 = CARTESIAN_POINT('',(227.91,-48.515,0.));
#10836 = CIRCLE('',#10837,0.875);
#10837 = AXIS2_PLACEMENT_3D('',#10838,#10839,#10840);
#10838 = CARTESIAN_POINT('',(227.91,-47.64,0.));
#10839 = DIRECTION('',(-0.,0.,-1.));
#10840 = DIRECTION('',(-0.,-1.,0.));
#10841 = FACE_BOUND('',#10842,.F.);
#10842 = EDGE_LOOP('',(#10843));
#10843 = ORIENTED_EDGE('',*,*,#10844,.T.);
#10844 = EDGE_CURVE('',#10845,#10845,#10847,.T.);
#10845 = VERTEX_POINT('',#10846);
#10846 = CARTESIAN_POINT('',(232.99,-49.6339,0.));
#10847 = CIRCLE('',#10848,1.9939);
#10848 = AXIS2_PLACEMENT_3D('',#10849,#10850,#10851);
#10849 = CARTESIAN_POINT('',(232.99,-47.64,0.));
#10850 = DIRECTION('',(-0.,0.,-1.));
#10851 = DIRECTION('',(-0.,-1.,0.));
#10852 = FACE_BOUND('',#10853,.F.);
#10853 = EDGE_LOOP('',(#10854));
#10854 = ORIENTED_EDGE('',*,*,#10855,.T.);
#10855 = EDGE_CURVE('',#10856,#10856,#10858,.T.);
#10856 = VERTEX_POINT('',#10857);
#10857 = CARTESIAN_POINT('',(238.07,-48.515,0.));
#10858 = CIRCLE('',#10859,0.875);
#10859 = AXIS2_PLACEMENT_3D('',#10860,#10861,#10862);
#10860 = CARTESIAN_POINT('',(238.07,-47.64,0.));
#10861 = DIRECTION('',(-0.,0.,-1.));
#10862 = DIRECTION('',(-0.,-1.,0.));
#10863 = FACE_BOUND('',#10864,.F.);
#10864 = EDGE_LOOP('',(#10865));
#10865 = ORIENTED_EDGE('',*,*,#10866,.T.);
#10866 = EDGE_CURVE('',#10867,#10867,#10869,.T.);
#10867 = VERTEX_POINT('',#10868);
#10868 = CARTESIAN_POINT('',(191.08,-45.835,0.));
#10869 = CIRCLE('',#10870,0.735);
#10870 = AXIS2_PLACEMENT_3D('',#10871,#10872,#10873);
#10871 = CARTESIAN_POINT('',(191.08,-45.1,0.));
#10872 = DIRECTION('',(-0.,0.,-1.));
#10873 = DIRECTION('',(3.866899242232E-14,-1.,-0.));
#10874 = FACE_BOUND('',#10875,.F.);
#10875 = EDGE_LOOP('',(#10876));
#10876 = ORIENTED_EDGE('',*,*,#10877,.T.);
#10877 = EDGE_CURVE('',#10878,#10878,#10880,.T.);
#10878 = VERTEX_POINT('',#10879);
#10879 = CARTESIAN_POINT('',(210.13,-45.835,0.));
#10880 = CIRCLE('',#10881,0.735);
#10881 = AXIS2_PLACEMENT_3D('',#10882,#10883,#10884);
#10882 = CARTESIAN_POINT('',(210.13,-45.1,0.));
#10883 = DIRECTION('',(-0.,0.,-1.));
#10884 = DIRECTION('',(-0.,-1.,0.));
#10885 = FACE_BOUND('',#10886,.F.);
#10886 = EDGE_LOOP('',(#10887));
#10887 = ORIENTED_EDGE('',*,*,#10888,.T.);
#10888 = EDGE_CURVE('',#10889,#10889,#10891,.T.);
#10889 = VERTEX_POINT('',#10890);
#10890 = CARTESIAN_POINT('',(197.43,-43.295,0.));
#10891 = CIRCLE('',#10892,0.735);
#10892 = AXIS2_PLACEMENT_3D('',#10893,#10894,#10895);
#10893 = CARTESIAN_POINT('',(197.43,-42.56,0.));
#10894 = DIRECTION('',(-0.,0.,-1.));
#10895 = DIRECTION('',(-0.,-1.,0.));
#10896 = FACE_BOUND('',#10897,.F.);
#10897 = EDGE_LOOP('',(#10898));
#10898 = ORIENTED_EDGE('',*,*,#10899,.T.);
#10899 = EDGE_CURVE('',#10900,#10900,#10902,.T.);
#10900 = VERTEX_POINT('',#10901);
#10901 = CARTESIAN_POINT('',(216.48,-43.295,0.));
#10902 = CIRCLE('',#10903,0.735);
#10903 = AXIS2_PLACEMENT_3D('',#10904,#10905,#10906);
#10904 = CARTESIAN_POINT('',(216.48,-42.56,0.));
#10905 = DIRECTION('',(-0.,0.,-1.));
#10906 = DIRECTION('',(-3.866899242232E-14,-1.,0.));
#10907 = FACE_BOUND('',#10908,.F.);
#10908 = EDGE_LOOP('',(#10909));
#10909 = ORIENTED_EDGE('',*,*,#10910,.T.);
#10910 = EDGE_CURVE('',#10911,#10911,#10913,.T.);
#10911 = VERTEX_POINT('',#10912);
#10912 = CARTESIAN_POINT('',(229.18,-45.835,0.));
#10913 = CIRCLE('',#10914,0.735);
#10914 = AXIS2_PLACEMENT_3D('',#10915,#10916,#10917);
#10915 = CARTESIAN_POINT('',(229.18,-45.1,0.));
#10916 = DIRECTION('',(-0.,0.,-1.));
#10917 = DIRECTION('',(-0.,-1.,0.));
#10918 = FACE_BOUND('',#10919,.F.);
#10919 = EDGE_LOOP('',(#10920));
#10920 = ORIENTED_EDGE('',*,*,#10921,.T.);
#10921 = EDGE_CURVE('',#10922,#10922,#10924,.T.);
#10922 = VERTEX_POINT('',#10923);
#10923 = CARTESIAN_POINT('',(235.53,-43.295,0.));
#10924 = CIRCLE('',#10925,0.735);
#10925 = AXIS2_PLACEMENT_3D('',#10926,#10927,#10928);
#10926 = CARTESIAN_POINT('',(235.53,-42.56,0.));
#10927 = DIRECTION('',(-0.,0.,-1.));
#10928 = DIRECTION('',(3.866899242232E-14,-1.,-0.));
#10929 = FACE_BOUND('',#10930,.F.);
#10930 = EDGE_LOOP('',(#10931));
#10931 = ORIENTED_EDGE('',*,*,#10932,.T.);
#10932 = EDGE_CURVE('',#10933,#10933,#10935,.T.);
#10933 = VERTEX_POINT('',#10934);
#10934 = CARTESIAN_POINT('',(132.66,-29.465,0.));
#10935 = CIRCLE('',#10936,0.875);
#10936 = AXIS2_PLACEMENT_3D('',#10937,#10938,#10939);
#10937 = CARTESIAN_POINT('',(132.66,-28.59,0.));
#10938 = DIRECTION('',(-0.,0.,-1.));
#10939 = DIRECTION('',(-0.,-1.,0.));
#10940 = FACE_BOUND('',#10941,.F.);
#10941 = EDGE_LOOP('',(#10942));
#10942 = ORIENTED_EDGE('',*,*,#10943,.T.);
#10943 = EDGE_CURVE('',#10944,#10944,#10946,.T.);
#10944 = VERTEX_POINT('',#10945);
#10945 = CARTESIAN_POINT('',(137.74,-30.5839,0.));
#10946 = CIRCLE('',#10947,1.9939);
#10947 = AXIS2_PLACEMENT_3D('',#10948,#10949,#10950);
#10948 = CARTESIAN_POINT('',(137.74,-28.59,0.));
#10949 = DIRECTION('',(-0.,0.,-1.));
#10950 = DIRECTION('',(-0.,-1.,0.));
#10951 = FACE_BOUND('',#10952,.F.);
#10952 = EDGE_LOOP('',(#10953));
#10953 = ORIENTED_EDGE('',*,*,#10954,.T.);
#10954 = EDGE_CURVE('',#10955,#10955,#10957,.T.);
#10955 = VERTEX_POINT('',#10956);
#10956 = CARTESIAN_POINT('',(133.93,-26.785,0.));
#10957 = CIRCLE('',#10958,0.735);
#10958 = AXIS2_PLACEMENT_3D('',#10959,#10960,#10961);
#10959 = CARTESIAN_POINT('',(133.93,-26.05,0.));
#10960 = DIRECTION('',(-0.,0.,-1.));
#10961 = DIRECTION('',(-0.,-1.,0.));
#10962 = FACE_BOUND('',#10963,.F.);
#10963 = EDGE_LOOP('',(#10964));
#10964 = ORIENTED_EDGE('',*,*,#10965,.T.);
#10965 = EDGE_CURVE('',#10966,#10966,#10968,.T.);
#10966 = VERTEX_POINT('',#10967);
#10967 = CARTESIAN_POINT('',(142.82,-29.465,0.));
#10968 = CIRCLE('',#10969,0.875);
#10969 = AXIS2_PLACEMENT_3D('',#10970,#10971,#10972);
#10970 = CARTESIAN_POINT('',(142.82,-28.59,0.));
#10971 = DIRECTION('',(-0.,0.,-1.));
#10972 = DIRECTION('',(-0.,-1.,0.));
#10973 = FACE_BOUND('',#10974,.F.);
#10974 = EDGE_LOOP('',(#10975));
#10975 = ORIENTED_EDGE('',*,*,#10976,.T.);
#10976 = EDGE_CURVE('',#10977,#10977,#10979,.T.);
#10977 = VERTEX_POINT('',#10978);
#10978 = CARTESIAN_POINT('',(151.71,-29.465,0.));
#10979 = CIRCLE('',#10980,0.875);
#10980 = AXIS2_PLACEMENT_3D('',#10981,#10982,#10983);
#10981 = CARTESIAN_POINT('',(151.71,-28.59,0.));
#10982 = DIRECTION('',(-0.,0.,-1.));
#10983 = DIRECTION('',(-0.,-1.,0.));
#10984 = FACE_BOUND('',#10985,.F.);
#10985 = EDGE_LOOP('',(#10986));
#10986 = ORIENTED_EDGE('',*,*,#10987,.T.);
#10987 = EDGE_CURVE('',#10988,#10988,#10990,.T.);
#10988 = VERTEX_POINT('',#10989);
#10989 = CARTESIAN_POINT('',(152.98,-26.785,0.));
#10990 = CIRCLE('',#10991,0.735);
#10991 = AXIS2_PLACEMENT_3D('',#10992,#10993,#10994);
#10992 = CARTESIAN_POINT('',(152.98,-26.05,0.));
#10993 = DIRECTION('',(-0.,0.,-1.));
#10994 = DIRECTION('',(-3.866899242232E-14,-1.,0.));
#10995 = FACE_BOUND('',#10996,.F.);
#10996 = EDGE_LOOP('',(#10997));
#10997 = ORIENTED_EDGE('',*,*,#10998,.T.);
#10998 = EDGE_CURVE('',#10999,#10999,#11001,.T.);
#10999 = VERTEX_POINT('',#11000);
#11000 = CARTESIAN_POINT('',(156.79,-30.5839,0.));
#11001 = CIRCLE('',#11002,1.9939);
#11002 = AXIS2_PLACEMENT_3D('',#11003,#11004,#11005);
#11003 = CARTESIAN_POINT('',(156.79,-28.59,0.));
#11004 = DIRECTION('',(-0.,0.,-1.));
#11005 = DIRECTION('',(-0.,-1.,0.));
#11006 = FACE_BOUND('',#11007,.F.);
#11007 = EDGE_LOOP('',(#11008));
#11008 = ORIENTED_EDGE('',*,*,#11009,.T.);
#11009 = EDGE_CURVE('',#11010,#11010,#11012,.T.);
#11010 = VERTEX_POINT('',#11011);
#11011 = CARTESIAN_POINT('',(161.87,-29.465,0.));
#11012 = CIRCLE('',#11013,0.875);
#11013 = AXIS2_PLACEMENT_3D('',#11014,#11015,#11016);
#11014 = CARTESIAN_POINT('',(161.87,-28.59,0.));
#11015 = DIRECTION('',(-0.,0.,-1.));
#11016 = DIRECTION('',(-0.,-1.,0.));
#11017 = FACE_BOUND('',#11018,.F.);
#11018 = EDGE_LOOP('',(#11019));
#11019 = ORIENTED_EDGE('',*,*,#11020,.T.);
#11020 = EDGE_CURVE('',#11021,#11021,#11023,.T.);
#11021 = VERTEX_POINT('',#11022);
#11022 = CARTESIAN_POINT('',(170.76,-29.465,0.));
#11023 = CIRCLE('',#11024,0.875);
#11024 = AXIS2_PLACEMENT_3D('',#11025,#11026,#11027);
#11025 = CARTESIAN_POINT('',(170.76,-28.59,0.));
#11026 = DIRECTION('',(-0.,0.,-1.));
#11027 = DIRECTION('',(-0.,-1.,0.));
#11028 = FACE_BOUND('',#11029,.F.);
#11029 = EDGE_LOOP('',(#11030));
#11030 = ORIENTED_EDGE('',*,*,#11031,.T.);
#11031 = EDGE_CURVE('',#11032,#11032,#11034,.T.);
#11032 = VERTEX_POINT('',#11033);
#11033 = CARTESIAN_POINT('',(175.84,-30.5839,0.));
#11034 = CIRCLE('',#11035,1.9939);
#11035 = AXIS2_PLACEMENT_3D('',#11036,#11037,#11038);
#11036 = CARTESIAN_POINT('',(175.84,-28.59,0.));
#11037 = DIRECTION('',(-0.,0.,-1.));
#11038 = DIRECTION('',(-0.,-1.,0.));
#11039 = FACE_BOUND('',#11040,.F.);
#11040 = EDGE_LOOP('',(#11041));
#11041 = ORIENTED_EDGE('',*,*,#11042,.T.);
#11042 = EDGE_CURVE('',#11043,#11043,#11045,.T.);
#11043 = VERTEX_POINT('',#11044);
#11044 = CARTESIAN_POINT('',(180.92,-29.465,0.));
#11045 = CIRCLE('',#11046,0.875);
#11046 = AXIS2_PLACEMENT_3D('',#11047,#11048,#11049);
#11047 = CARTESIAN_POINT('',(180.92,-28.59,0.));
#11048 = DIRECTION('',(-0.,0.,-1.));
#11049 = DIRECTION('',(-0.,-1.,0.));
#11050 = FACE_BOUND('',#11051,.F.);
#11051 = EDGE_LOOP('',(#11052));
#11052 = ORIENTED_EDGE('',*,*,#11053,.T.);
#11053 = EDGE_CURVE('',#11054,#11054,#11056,.T.);
#11054 = VERTEX_POINT('',#11055);
#11055 = CARTESIAN_POINT('',(172.03,-26.785,0.));
#11056 = CIRCLE('',#11057,0.735);
#11057 = AXIS2_PLACEMENT_3D('',#11058,#11059,#11060);
#11058 = CARTESIAN_POINT('',(172.03,-26.05,0.));
#11059 = DIRECTION('',(-0.,0.,-1.));
#11060 = DIRECTION('',(3.866899242232E-14,-1.,-0.));
#11061 = FACE_BOUND('',#11062,.F.);
#11062 = EDGE_LOOP('',(#11063));
#11063 = ORIENTED_EDGE('',*,*,#11064,.T.);
#11064 = EDGE_CURVE('',#11065,#11065,#11067,.T.);
#11065 = VERTEX_POINT('',#11066);
#11066 = CARTESIAN_POINT('',(140.28,-24.245,0.));
#11067 = CIRCLE('',#11068,0.735);
#11068 = AXIS2_PLACEMENT_3D('',#11069,#11070,#11071);
#11069 = CARTESIAN_POINT('',(140.28,-23.51,0.));
#11070 = DIRECTION('',(-0.,0.,-1.));
#11071 = DIRECTION('',(3.866899242232E-14,-1.,-0.));
#11072 = FACE_BOUND('',#11073,.F.);
#11073 = EDGE_LOOP('',(#11074));
#11074 = ORIENTED_EDGE('',*,*,#11075,.T.);
#11075 = EDGE_CURVE('',#11076,#11076,#11078,.T.);
#11076 = VERTEX_POINT('',#11077);
#11077 = CARTESIAN_POINT('',(159.33,-24.245,0.));
#11078 = CIRCLE('',#11079,0.735);
#11079 = AXIS2_PLACEMENT_3D('',#11080,#11081,#11082);
#11080 = CARTESIAN_POINT('',(159.33,-23.51,0.));
#11081 = DIRECTION('',(-0.,0.,-1.));
#11082 = DIRECTION('',(3.866899242232E-14,-1.,-0.));
#11083 = FACE_BOUND('',#11084,.F.);
#11084 = EDGE_LOOP('',(#11085));
#11085 = ORIENTED_EDGE('',*,*,#11086,.T.);
#11086 = EDGE_CURVE('',#11087,#11087,#11089,.T.);
#11087 = VERTEX_POINT('',#11088);
#11088 = CARTESIAN_POINT('',(178.38,-24.245,0.));
#11089 = CIRCLE('',#11090,0.735);
#11090 = AXIS2_PLACEMENT_3D('',#11091,#11092,#11093);
#11091 = CARTESIAN_POINT('',(178.38,-23.51,0.));
#11092 = DIRECTION('',(-0.,0.,-1.));
#11093 = DIRECTION('',(-0.,-1.,0.));
#11094 = FACE_BOUND('',#11095,.F.);
#11095 = EDGE_LOOP('',(#11096));
#11096 = ORIENTED_EDGE('',*,*,#11097,.T.);
#11097 = EDGE_CURVE('',#11098,#11098,#11100,.T.);
#11098 = VERTEX_POINT('',#11099);
#11099 = CARTESIAN_POINT('',(176.6338,-16.998122,0.));
#11100 = CIRCLE('',#11101,1.505);
#11101 = AXIS2_PLACEMENT_3D('',#11102,#11103,#11104);
#11102 = CARTESIAN_POINT('',(176.6338,-15.493122,0.));
#11103 = DIRECTION('',(-0.,0.,-1.));
#11104 = DIRECTION('',(-0.,-1.,0.));
#11105 = FACE_BOUND('',#11106,.F.);
#11106 = EDGE_LOOP('',(#11107));
#11107 = ORIENTED_EDGE('',*,*,#11108,.T.);
#11108 = EDGE_CURVE('',#11109,#11109,#11111,.T.);
#11109 = VERTEX_POINT('',#11110);
#11110 = CARTESIAN_POINT('',(189.81,-29.465,0.));
#11111 = CIRCLE('',#11112,0.875);
#11112 = AXIS2_PLACEMENT_3D('',#11113,#11114,#11115);
#11113 = CARTESIAN_POINT('',(189.81,-28.59,0.));
#11114 = DIRECTION('',(-0.,0.,-1.));
#11115 = DIRECTION('',(-0.,-1.,0.));
#11116 = FACE_BOUND('',#11117,.F.);
#11117 = EDGE_LOOP('',(#11118));
#11118 = ORIENTED_EDGE('',*,*,#11119,.T.);
#11119 = EDGE_CURVE('',#11120,#11120,#11122,.T.);
#11120 = VERTEX_POINT('',#11121);
#11121 = CARTESIAN_POINT('',(194.89,-30.5839,0.));
#11122 = CIRCLE('',#11123,1.9939);
#11123 = AXIS2_PLACEMENT_3D('',#11124,#11125,#11126);
#11124 = CARTESIAN_POINT('',(194.89,-28.59,0.));
#11125 = DIRECTION('',(-0.,0.,-1.));
#11126 = DIRECTION('',(-0.,-1.,0.));
#11127 = FACE_BOUND('',#11128,.F.);
#11128 = EDGE_LOOP('',(#11129));
#11129 = ORIENTED_EDGE('',*,*,#11130,.T.);
#11130 = EDGE_CURVE('',#11131,#11131,#11133,.T.);
#11131 = VERTEX_POINT('',#11132);
#11132 = CARTESIAN_POINT('',(191.08,-26.785,0.));
#11133 = CIRCLE('',#11134,0.735);
#11134 = AXIS2_PLACEMENT_3D('',#11135,#11136,#11137);
#11135 = CARTESIAN_POINT('',(191.08,-26.05,0.));
#11136 = DIRECTION('',(-0.,0.,-1.));
#11137 = DIRECTION('',(3.866899242232E-14,-1.,-0.));
#11138 = FACE_BOUND('',#11139,.F.);
#11139 = EDGE_LOOP('',(#11140));
#11140 = ORIENTED_EDGE('',*,*,#11141,.T.);
#11141 = EDGE_CURVE('',#11142,#11142,#11144,.T.);
#11142 = VERTEX_POINT('',#11143);
#11143 = CARTESIAN_POINT('',(199.97,-29.465,0.));
#11144 = CIRCLE('',#11145,0.875);
#11145 = AXIS2_PLACEMENT_3D('',#11146,#11147,#11148);
#11146 = CARTESIAN_POINT('',(199.97,-28.59,0.));
#11147 = DIRECTION('',(-0.,0.,-1.));
#11148 = DIRECTION('',(-0.,-1.,0.));
#11149 = FACE_BOUND('',#11150,.F.);
#11150 = EDGE_LOOP('',(#11151));
#11151 = ORIENTED_EDGE('',*,*,#11152,.T.);
#11152 = EDGE_CURVE('',#11153,#11153,#11155,.T.);
#11153 = VERTEX_POINT('',#11154);
#11154 = CARTESIAN_POINT('',(208.86,-29.465,0.));
#11155 = CIRCLE('',#11156,0.875);
#11156 = AXIS2_PLACEMENT_3D('',#11157,#11158,#11159);
#11157 = CARTESIAN_POINT('',(208.86,-28.59,0.));
#11158 = DIRECTION('',(-0.,0.,-1.));
#11159 = DIRECTION('',(-0.,-1.,0.));
#11160 = FACE_BOUND('',#11161,.F.);
#11161 = EDGE_LOOP('',(#11162));
#11162 = ORIENTED_EDGE('',*,*,#11163,.T.);
#11163 = EDGE_CURVE('',#11164,#11164,#11166,.T.);
#11164 = VERTEX_POINT('',#11165);
#11165 = CARTESIAN_POINT('',(210.13,-26.785,0.));
#11166 = CIRCLE('',#11167,0.735);
#11167 = AXIS2_PLACEMENT_3D('',#11168,#11169,#11170);
#11168 = CARTESIAN_POINT('',(210.13,-26.05,0.));
#11169 = DIRECTION('',(-0.,0.,-1.));
#11170 = DIRECTION('',(-0.,-1.,0.));
#11171 = FACE_BOUND('',#11172,.F.);
#11172 = EDGE_LOOP('',(#11173));
#11173 = ORIENTED_EDGE('',*,*,#11174,.T.);
#11174 = EDGE_CURVE('',#11175,#11175,#11177,.T.);
#11175 = VERTEX_POINT('',#11176);
#11176 = CARTESIAN_POINT('',(213.94,-30.5839,0.));
#11177 = CIRCLE('',#11178,1.9939);
#11178 = AXIS2_PLACEMENT_3D('',#11179,#11180,#11181);
#11179 = CARTESIAN_POINT('',(213.94,-28.59,0.));
#11180 = DIRECTION('',(-0.,0.,-1.));
#11181 = DIRECTION('',(-0.,-1.,0.));
#11182 = FACE_BOUND('',#11183,.F.);
#11183 = EDGE_LOOP('',(#11184));
#11184 = ORIENTED_EDGE('',*,*,#11185,.T.);
#11185 = EDGE_CURVE('',#11186,#11186,#11188,.T.);
#11186 = VERTEX_POINT('',#11187);
#11187 = CARTESIAN_POINT('',(219.02,-29.465,0.));
#11188 = CIRCLE('',#11189,0.875);
#11189 = AXIS2_PLACEMENT_3D('',#11190,#11191,#11192);
#11190 = CARTESIAN_POINT('',(219.02,-28.59,0.));
#11191 = DIRECTION('',(-0.,0.,-1.));
#11192 = DIRECTION('',(-0.,-1.,0.));
#11193 = FACE_BOUND('',#11194,.F.);
#11194 = EDGE_LOOP('',(#11195));
#11195 = ORIENTED_EDGE('',*,*,#11196,.T.);
#11196 = EDGE_CURVE('',#11197,#11197,#11199,.T.);
#11197 = VERTEX_POINT('',#11198);
#11198 = CARTESIAN_POINT('',(227.91,-29.465,0.));
#11199 = CIRCLE('',#11200,0.875);
#11200 = AXIS2_PLACEMENT_3D('',#11201,#11202,#11203);
#11201 = CARTESIAN_POINT('',(227.91,-28.59,0.));
#11202 = DIRECTION('',(-0.,0.,-1.));
#11203 = DIRECTION('',(-0.,-1.,0.));
#11204 = FACE_BOUND('',#11205,.F.);
#11205 = EDGE_LOOP('',(#11206));
#11206 = ORIENTED_EDGE('',*,*,#11207,.T.);
#11207 = EDGE_CURVE('',#11208,#11208,#11210,.T.);
#11208 = VERTEX_POINT('',#11209);
#11209 = CARTESIAN_POINT('',(232.99,-30.5839,0.));
#11210 = CIRCLE('',#11211,1.9939);
#11211 = AXIS2_PLACEMENT_3D('',#11212,#11213,#11214);
#11212 = CARTESIAN_POINT('',(232.99,-28.59,0.));
#11213 = DIRECTION('',(-0.,0.,-1.));
#11214 = DIRECTION('',(-0.,-1.,0.));
#11215 = FACE_BOUND('',#11216,.F.);
#11216 = EDGE_LOOP('',(#11217));
#11217 = ORIENTED_EDGE('',*,*,#11218,.T.);
#11218 = EDGE_CURVE('',#11219,#11219,#11221,.T.);
#11219 = VERTEX_POINT('',#11220);
#11220 = CARTESIAN_POINT('',(238.07,-29.465,0.));
#11221 = CIRCLE('',#11222,0.875);
#11222 = AXIS2_PLACEMENT_3D('',#11223,#11224,#11225);
#11223 = CARTESIAN_POINT('',(238.07,-28.59,0.));
#11224 = DIRECTION('',(-0.,0.,-1.));
#11225 = DIRECTION('',(-0.,-1.,0.));
#11226 = FACE_BOUND('',#11227,.F.);
#11227 = EDGE_LOOP('',(#11228));
#11228 = ORIENTED_EDGE('',*,*,#11229,.T.);
#11229 = EDGE_CURVE('',#11230,#11230,#11232,.T.);
#11230 = VERTEX_POINT('',#11231);
#11231 = CARTESIAN_POINT('',(229.18,-26.785,0.));
#11232 = CIRCLE('',#11233,0.735);
#11233 = AXIS2_PLACEMENT_3D('',#11234,#11235,#11236);
#11234 = CARTESIAN_POINT('',(229.18,-26.05,0.));
#11235 = DIRECTION('',(-0.,0.,-1.));
#11236 = DIRECTION('',(-0.,-1.,0.));
#11237 = FACE_BOUND('',#11238,.F.);
#11238 = EDGE_LOOP('',(#11239));
#11239 = ORIENTED_EDGE('',*,*,#11240,.T.);
#11240 = EDGE_CURVE('',#11241,#11241,#11243,.T.);
#11241 = VERTEX_POINT('',#11242);
#11242 = CARTESIAN_POINT('',(197.43,-24.245,0.));
#11243 = CIRCLE('',#11244,0.735);
#11244 = AXIS2_PLACEMENT_3D('',#11245,#11246,#11247);
#11245 = CARTESIAN_POINT('',(197.43,-23.51,0.));
#11246 = DIRECTION('',(-0.,0.,-1.));
#11247 = DIRECTION('',(-0.,-1.,0.));
#11248 = FACE_BOUND('',#11249,.F.);
#11249 = EDGE_LOOP('',(#11250));
#11250 = ORIENTED_EDGE('',*,*,#11251,.T.);
#11251 = EDGE_CURVE('',#11252,#11252,#11254,.T.);
#11252 = VERTEX_POINT('',#11253);
#11253 = CARTESIAN_POINT('',(216.48,-24.245,0.));
#11254 = CIRCLE('',#11255,0.735);
#11255 = AXIS2_PLACEMENT_3D('',#11256,#11257,#11258);
#11256 = CARTESIAN_POINT('',(216.48,-23.51,0.));
#11257 = DIRECTION('',(-0.,0.,-1.));
#11258 = DIRECTION('',(-3.866899242232E-14,-1.,0.));
#11259 = FACE_BOUND('',#11260,.F.);
#11260 = EDGE_LOOP('',(#11261));
#11261 = ORIENTED_EDGE('',*,*,#11262,.T.);
#11262 = EDGE_CURVE('',#11263,#11263,#11265,.T.);
#11263 = VERTEX_POINT('',#11264);
#11264 = CARTESIAN_POINT('',(235.53,-24.245,0.));
#11265 = CIRCLE('',#11266,0.735);
#11266 = AXIS2_PLACEMENT_3D('',#11267,#11268,#11269);
#11267 = CARTESIAN_POINT('',(235.53,-23.51,0.));
#11268 = DIRECTION('',(-0.,0.,-1.));
#11269 = DIRECTION('',(3.866899242232E-14,-1.,-0.));
#11270 = FACE_BOUND('',#11271,.F.);
#11271 = EDGE_LOOP('',(#11272));
#11272 = ORIENTED_EDGE('',*,*,#11273,.T.);
#11273 = EDGE_CURVE('',#11274,#11274,#11276,.T.);
#11274 = VERTEX_POINT('',#11275);
#11275 = CARTESIAN_POINT('',(233.7838,-16.998122,0.));
#11276 = CIRCLE('',#11277,1.505);
#11277 = AXIS2_PLACEMENT_3D('',#11278,#11279,#11280);
#11278 = CARTESIAN_POINT('',(233.7838,-15.493122,0.));
#11279 = DIRECTION('',(-0.,0.,-1.));
#11280 = DIRECTION('',(1.888485676439E-14,-1.,-0.));
#11281 = PLANE('',#11282);
#11282 = AXIS2_PLACEMENT_3D('',#11283,#11284,#11285);
#11283 = CARTESIAN_POINT('',(0.,0.,0.));
#11284 = DIRECTION('',(0.,0.,1.));
#11285 = DIRECTION('',(1.,0.,-0.));
#11286 = ADVANCED_FACE('',(#11287,#12013,#12024,#12035,#12046,#12057,
    #12149,#12160,#12171,#12209,#12220,#12231,#12242,#12253,#12264,
    #12275,#12313,#12351,#12362,#12373,#12384,#12395,#12406,#12417,
    #12428,#12439,#12450,#12461,#12472,#12483,#12494,#12505,#12516,
    #12527,#12538,#12549,#12560,#12571,#12582,#12593,#12604,#12615,
    #12626,#12637,#12648,#12659,#12670,#12681,#12692,#12703,#12714,
    #12725,#12736,#12747,#12758,#12769,#12780,#12791,#12802,#12813,
    #12824,#12835,#12846,#12857,#12868,#12879,#12890,#12901,#12912,
    #12923,#12934,#12945,#12956,#12967,#12978,#12989,#13000,#13011,
    #13022,#13033,#13044,#13082,#13120,#13131,#13142,#13153,#13164,
    #13175,#13213,#13224,#13235,#13327,#13338,#13349,#13360,#13371,
    #13382,#13393,#13404,#13415,#13426,#13437,#13448,#13459,#13470,
    #13481,#13492,#13503,#13514,#13525,#13536,#13547,#13558,#13569,
    #13580,#13591,#13602,#13613,#13624,#13635,#13646,#13657,#13668,
    #13679,#13690,#13701,#13712,#13723,#13734,#13745,#13756,#13767,
    #13778,#13789,#13800,#13811,#13822,#13833,#13844,#13855,#13866,
    #13877,#13888,#13899,#13910,#13921,#13932,#13943,#13954,#13965,
    #13976,#13987,#13998,#14009,#14020,#14031,#14042,#14053,#14064,
    #14075,#14086,#14097,#14108,#14119,#14130,#14141,#14152,#14163,
    #14174,#14185,#14196,#14207,#14218,#14229,#14240,#14251,#14262,
    #14273,#14284,#14295,#14306,#14317,#14328,#14339,#14350,#14361,
    #14372,#14383,#14394,#14405,#14416,#14427,#14438,#14449,#14460,
    #14471,#14482,#14493,#14504,#14515,#14526,#14537,#14548,#14559,
    #14570,#14581,#14592,#14603,#14614,#14625,#14636,#14647,#14658,
    #14669,#14680,#14691,#14702,#14713,#14724,#14735,#14746,#14757,
    #14768,#14779,#14790,#14801,#14812,#14823,#14834,#14845,#14856,
    #14867,#14878,#14889,#14900,#14911,#14922,#14933,#14944,#14955,
    #14966,#14977,#14988,#14999,#15010,#15021,#15032,#15043,#15054,
    #15065,#15076,#15087,#15098),#15109,.T.);
#11287 = FACE_BOUND('',#11288,.T.);
#11288 = EDGE_LOOP('',(#11289,#11290,#11291,#11300,#11308,#11317,#11325,
    #11334,#11342,#11351,#11359,#11368,#11376,#11385,#11393,#11402,
    #11410,#11419,#11427,#11436,#11444,#11453,#11461,#11470,#11478,
    #11487,#11495,#11504,#11512,#11521,#11529,#11538,#11546,#11555,
    #11563,#11572,#11580,#11589,#11597,#11606,#11614,#11623,#11631,
    #11640,#11648,#11657,#11665,#11674,#11682,#11691,#11699,#11708,
    #11716,#11725,#11733,#11742,#11750,#11759,#11767,#11776,#11784,
    #11793,#11801,#11810,#11818,#11827,#11835,#11844,#11852,#11861,
    #11869,#11878,#11886,#11895,#11903,#11912,#11920,#11929,#11937,
    #11946,#11954,#11963,#11971,#11980,#11988,#11997,#12005,#12012));
#11289 = ORIENTED_EDGE('',*,*,#7368,.F.);
#11290 = ORIENTED_EDGE('',*,*,#7410,.F.);
#11291 = ORIENTED_EDGE('',*,*,#11292,.F.);
#11292 = EDGE_CURVE('',#11293,#7403,#11295,.T.);
#11293 = VERTEX_POINT('',#11294);
#11294 = CARTESIAN_POINT('',(229.81504,-15.22126,1.51));
#11295 = CIRCLE('',#11296,2.109380271612);
#11296 = AXIS2_PLACEMENT_3D('',#11297,#11298,#11299);
#11297 = CARTESIAN_POINT('',(229.81505248581,-13.11187972842,1.51));
#11298 = DIRECTION('',(0.,0.,1.));
#11299 = DIRECTION('',(-5.919185910079E-06,-0.999999999982,0.));
#11300 = ORIENTED_EDGE('',*,*,#11301,.F.);
#11301 = EDGE_CURVE('',#11302,#11293,#11304,.T.);
#11302 = VERTEX_POINT('',#11303);
#11303 = CARTESIAN_POINT('',(212.777045,-15.22126,1.51));
#11304 = LINE('',#11305,#11306);
#11305 = CARTESIAN_POINT('',(212.777045,-15.22126,1.51));
#11306 = VECTOR('',#11307,1.);
#11307 = DIRECTION('',(1.,0.,0.));
#11308 = ORIENTED_EDGE('',*,*,#11309,.F.);
#11309 = EDGE_CURVE('',#11310,#11302,#11312,.T.);
#11310 = VERTEX_POINT('',#11311);
#11311 = CARTESIAN_POINT('',(210.952944,-15.976835,1.51));
#11312 = CIRCLE('',#11313,2.579706748972);
#11313 = AXIS2_PLACEMENT_3D('',#11314,#11315,#11316);
#11314 = CARTESIAN_POINT('',(212.77706852247,-17.80096674886,1.51));
#11315 = DIRECTION('',(0.,0.,-1.));
#11316 = DIRECTION('',(-0.707105380562,0.707108181809,0.));
#11317 = ORIENTED_EDGE('',*,*,#11318,.F.);
#11318 = EDGE_CURVE('',#11319,#11310,#11321,.T.);
#11319 = VERTEX_POINT('',#11320);
#11320 = CARTESIAN_POINT('',(208.620351,-18.309428,1.51));
#11321 = LINE('',#11322,#11323);
#11322 = CARTESIAN_POINT('',(208.620351,-18.309428,1.51));
#11323 = VECTOR('',#11324,1.);
#11324 = DIRECTION('',(0.707106781187,0.707106781187,0.));
#11325 = ORIENTED_EDGE('',*,*,#11326,.F.);
#11326 = EDGE_CURVE('',#11327,#11319,#11329,.T.);
#11327 = VERTEX_POINT('',#11328);
#11328 = CARTESIAN_POINT('',(206.79625,-19.064988,1.51));
#11329 = CIRCLE('',#11330,2.579608221739);
#11330 = AXIS2_PLACEMENT_3D('',#11331,#11332,#11333);
#11331 = CARTESIAN_POINT('',(206.7962822888,-16.48537977846,1.51));
#11332 = DIRECTION('',(0.,0.,1.));
#11333 = DIRECTION('',(-1.251694025921E-05,-0.999999999922,0.));
#11334 = ORIENTED_EDGE('',*,*,#11335,.F.);
#11335 = EDGE_CURVE('',#11336,#11327,#11338,.T.);
#11336 = VERTEX_POINT('',#11337);
#11337 = CARTESIAN_POINT('',(156.79,-19.065,1.51));
#11338 = LINE('',#11339,#11340);
#11339 = CARTESIAN_POINT('',(156.79,-19.065,1.51));
#11340 = VECTOR('',#11341,1.);
#11341 = DIRECTION('',(1.,2.399700037831E-07,0.));
#11342 = ORIENTED_EDGE('',*,*,#11343,.F.);
#11343 = EDGE_CURVE('',#11344,#11336,#11346,.T.);
#11344 = VERTEX_POINT('',#11345);
#11345 = CARTESIAN_POINT('',(156.79,-17.874378,1.51));
#11346 = CIRCLE('',#11347,0.595311);
#11347 = AXIS2_PLACEMENT_3D('',#11348,#11349,#11350);
#11348 = CARTESIAN_POINT('',(156.79,-18.469689,1.51));
#11349 = DIRECTION('',(0.,0.,1.));
#11350 = DIRECTION('',(-4.774262432645E-14,1.,0.));
#11351 = ORIENTED_EDGE('',*,*,#11352,.F.);
#11352 = EDGE_CURVE('',#11353,#11344,#11355,.T.);
#11353 = VERTEX_POINT('',#11354);
#11354 = CARTESIAN_POINT('',(176.6338,-17.874372,1.51));
#11355 = LINE('',#11356,#11357);
#11356 = CARTESIAN_POINT('',(176.6338,-17.874372,1.51));
#11357 = VECTOR('',#11358,1.);
#11358 = DIRECTION('',(-1.,-3.023614428215E-07,0.));
#11359 = ORIENTED_EDGE('',*,*,#11360,.F.);
#11360 = EDGE_CURVE('',#11361,#11353,#11363,.T.);
#11361 = VERTEX_POINT('',#11362);
#11362 = CARTESIAN_POINT('',(174.950002,-13.809324,1.51));
#11363 = CIRCLE('',#11364,2.381249450133);
#11364 = AXIS2_PLACEMENT_3D('',#11365,#11366,#11367);
#11365 = CARTESIAN_POINT('',(176.6337987179,-15.49312254986,1.51));
#11366 = DIRECTION('',(0.,0.,-1.));
#11367 = DIRECTION('',(-0.707106396522,0.707107165851,-0.));
#11368 = ORIENTED_EDGE('',*,*,#11369,.F.);
#11369 = EDGE_CURVE('',#11370,#11361,#11372,.T.);
#11370 = VERTEX_POINT('',#11371);
#11371 = CARTESIAN_POINT('',(174.123425,-14.635899,1.51));
#11372 = LINE('',#11373,#11374);
#11373 = CARTESIAN_POINT('',(174.123425,-14.635899,1.51));
#11374 = VECTOR('',#11375,1.);
#11375 = DIRECTION('',(0.707107636651,0.707105925721,0.));
#11376 = ORIENTED_EDGE('',*,*,#11377,.F.);
#11377 = EDGE_CURVE('',#11378,#11370,#11380,.T.);
#11378 = VERTEX_POINT('',#11379);
#11379 = CARTESIAN_POINT('',(172.66504,-15.22126,1.51));
#11380 = CIRCLE('',#11381,2.109380271612);
#11381 = AXIS2_PLACEMENT_3D('',#11382,#11383,#11384);
#11382 = CARTESIAN_POINT('',(172.66505248581,-13.11187972842,1.51));
#11383 = DIRECTION('',(0.,0.,1.));
#11384 = DIRECTION('',(-5.919185896605E-06,-0.999999999982,0.));
#11385 = ORIENTED_EDGE('',*,*,#11386,.F.);
#11386 = EDGE_CURVE('',#11387,#11378,#11389,.T.);
#11387 = VERTEX_POINT('',#11388);
#11388 = CARTESIAN_POINT('',(155.627045,-15.22126,1.51));
#11389 = LINE('',#11390,#11391);
#11390 = CARTESIAN_POINT('',(155.627045,-15.22126,1.51));
#11391 = VECTOR('',#11392,1.);
#11392 = DIRECTION('',(1.,0.,0.));
#11393 = ORIENTED_EDGE('',*,*,#11394,.F.);
#11394 = EDGE_CURVE('',#11395,#11387,#11397,.T.);
#11395 = VERTEX_POINT('',#11396);
#11396 = CARTESIAN_POINT('',(153.802944,-15.976835,1.51));
#11397 = CIRCLE('',#11398,2.579706748972);
#11398 = AXIS2_PLACEMENT_3D('',#11399,#11400,#11401);
#11399 = CARTESIAN_POINT('',(155.62706852247,-17.80096674886,1.51));
#11400 = DIRECTION('',(0.,0.,-1.));
#11401 = DIRECTION('',(-0.707105380562,0.707108181809,0.));
#11402 = ORIENTED_EDGE('',*,*,#11403,.F.);
#11403 = EDGE_CURVE('',#11404,#11395,#11406,.T.);
#11404 = VERTEX_POINT('',#11405);
#11405 = CARTESIAN_POINT('',(151.470351,-18.309428,1.51));
#11406 = LINE('',#11407,#11408);
#11407 = CARTESIAN_POINT('',(151.470351,-18.309428,1.51));
#11408 = VECTOR('',#11409,1.);
#11409 = DIRECTION('',(0.707106781187,0.707106781187,0.));
#11410 = ORIENTED_EDGE('',*,*,#11411,.F.);
#11411 = EDGE_CURVE('',#11412,#11404,#11414,.T.);
#11412 = VERTEX_POINT('',#11413);
#11413 = CARTESIAN_POINT('',(149.64625,-19.065003,1.51));
#11414 = CIRCLE('',#11415,2.579706748972);
#11415 = AXIS2_PLACEMENT_3D('',#11416,#11417,#11418);
#11416 = CARTESIAN_POINT('',(149.64622647753,-16.48529625113,1.51));
#11417 = DIRECTION('',(0.,0.,1.));
#11418 = DIRECTION('',(9.11827279178E-06,-0.999999999958,0.));
#11419 = ORIENTED_EDGE('',*,*,#11420,.F.);
#11420 = EDGE_CURVE('',#11421,#11412,#11423,.T.);
#11421 = VERTEX_POINT('',#11422);
#11422 = CARTESIAN_POINT('',(106.78375,-19.065,1.51));
#11423 = LINE('',#11424,#11425);
#11424 = CARTESIAN_POINT('',(106.78375,-19.065,1.51));
#11425 = VECTOR('',#11426,1.);
#11426 = DIRECTION('',(1.,-6.999125108267E-08,0.));
#11427 = ORIENTED_EDGE('',*,*,#11428,.F.);
#11428 = EDGE_CURVE('',#11429,#11421,#11431,.T.);
#11429 = VERTEX_POINT('',#11430);
#11430 = CARTESIAN_POINT('',(104.959649,-18.309425,1.51));
#11431 = CIRCLE('',#11432,2.579695535513);
#11432 = AXIS2_PLACEMENT_3D('',#11433,#11434,#11435);
#11433 = CARTESIAN_POINT('',(106.78376887767,-16.48530446455,1.51));
#11434 = DIRECTION('',(0.,0.,1.));
#11435 = DIRECTION('',(-0.707106653696,-0.707106908677,0.));
#11436 = ORIENTED_EDGE('',*,*,#11437,.F.);
#11437 = EDGE_CURVE('',#11438,#11429,#11440,.T.);
#11438 = VERTEX_POINT('',#11439);
#11439 = CARTESIAN_POINT('',(102.627056,-15.976832,1.51));
#11440 = LINE('',#11441,#11442);
#11441 = CARTESIAN_POINT('',(102.627056,-15.976832,1.51));
#11442 = VECTOR('',#11443,1.);
#11443 = DIRECTION('',(0.707106781187,-0.707106781187,0.));
#11444 = ORIENTED_EDGE('',*,*,#11445,.F.);
#11445 = EDGE_CURVE('',#11446,#11438,#11448,.T.);
#11446 = VERTEX_POINT('',#11447);
#11447 = CARTESIAN_POINT('',(100.802955,-15.221257,1.51));
#11448 = CIRCLE('',#11449,2.579695535513);
#11449 = AXIS2_PLACEMENT_3D('',#11450,#11451,#11452);
#11450 = CARTESIAN_POINT('',(100.80293612232,-17.80095253544,1.51));
#11451 = DIRECTION('',(0.,0.,-1.));
#11452 = DIRECTION('',(7.31779067499E-06,0.999999999973,0.));
#11453 = ORIENTED_EDGE('',*,*,#11454,.F.);
#11454 = EDGE_CURVE('',#11455,#11446,#11457,.T.);
#11455 = VERTEX_POINT('',#11456);
#11456 = CARTESIAN_POINT('',(83.76495,-15.221257,1.51));
#11457 = LINE('',#11458,#11459);
#11458 = CARTESIAN_POINT('',(83.76495,-15.221257,1.51));
#11459 = VECTOR('',#11460,1.);
#11460 = DIRECTION('',(1.,0.,0.));
#11461 = ORIENTED_EDGE('',*,*,#11462,.F.);
#11462 = EDGE_CURVE('',#11463,#11455,#11465,.T.);
#11463 = VERTEX_POINT('',#11464);
#11464 = CARTESIAN_POINT('',(82.306574,-14.635897,1.51));
#11465 = CIRCLE('',#11466,2.109390094638);
#11466 = AXIS2_PLACEMENT_3D('',#11467,#11468,#11469);
#11467 = CARTESIAN_POINT('',(83.764949411886,-13.11186690536,1.51));
#11468 = DIRECTION('',(0.,0.,1.));
#11469 = DIRECTION('',(-0.691373025593,-0.722497985798,0.));
#11470 = ORIENTED_EDGE('',*,*,#11471,.F.);
#11471 = EDGE_CURVE('',#11472,#11463,#11474,.T.);
#11472 = VERTEX_POINT('',#11473);
#11473 = CARTESIAN_POINT('',(81.479998,-13.809321,1.51));
#11474 = LINE('',#11475,#11476);
#11475 = CARTESIAN_POINT('',(81.479998,-13.809321,1.51));
#11476 = VECTOR('',#11477,1.);
#11477 = DIRECTION('',(0.707106781187,-0.707106781187,0.));
#11478 = ORIENTED_EDGE('',*,*,#11479,.F.);
#11479 = EDGE_CURVE('',#11480,#11472,#11482,.T.);
#11480 = VERTEX_POINT('',#11481);
#11481 = CARTESIAN_POINT('',(79.7962,-17.874369,1.51));
#11482 = CIRCLE('',#11483,2.381249705834);
#11483 = AXIS2_PLACEMENT_3D('',#11484,#11485,#11486);
#11484 = CARTESIAN_POINT('',(79.796200664779,-15.49311929416,1.51));
#11485 = DIRECTION('',(0.,0.,-1.));
#11486 = DIRECTION('',(-2.791724767812E-07,-1.,-0.));
#11487 = ORIENTED_EDGE('',*,*,#11488,.F.);
#11488 = EDGE_CURVE('',#11489,#11480,#11491,.T.);
#11489 = VERTEX_POINT('',#11490);
#11490 = CARTESIAN_POINT('',(99.64,-17.874375,1.51));
#11491 = LINE('',#11492,#11493);
#11492 = CARTESIAN_POINT('',(99.64,-17.874375,1.51));
#11493 = VECTOR('',#11494,1.);
#11494 = DIRECTION('',(-1.,3.023614428215E-07,0.));
#11495 = ORIENTED_EDGE('',*,*,#11496,.F.);
#11496 = EDGE_CURVE('',#11497,#11489,#11499,.T.);
#11497 = VERTEX_POINT('',#11498);
#11498 = CARTESIAN_POINT('',(99.64,-19.064997,1.51));
#11499 = CIRCLE('',#11500,0.595311);
#11500 = AXIS2_PLACEMENT_3D('',#11501,#11502,#11503);
#11501 = CARTESIAN_POINT('',(99.64,-18.469686,1.51));
#11502 = DIRECTION('',(0.,0.,1.));
#11503 = DIRECTION('',(-0.,-1.,0.));
#11504 = ORIENTED_EDGE('',*,*,#11505,.F.);
#11505 = EDGE_CURVE('',#11506,#11497,#11508,.T.);
#11506 = VERTEX_POINT('',#11507);
#11507 = CARTESIAN_POINT('',(49.63375,-19.065,1.51));
#11508 = LINE('',#11509,#11510);
#11509 = CARTESIAN_POINT('',(49.63375,-19.065,1.51));
#11510 = VECTOR('',#11511,1.);
#11511 = DIRECTION('',(1.,5.999250092801E-08,0.));
#11512 = ORIENTED_EDGE('',*,*,#11513,.F.);
#11513 = EDGE_CURVE('',#11514,#11506,#11516,.T.);
#11514 = VERTEX_POINT('',#11515);
#11515 = CARTESIAN_POINT('',(47.809649,-18.309425,1.51));
#11516 = CIRCLE('',#11517,2.579695535513);
#11517 = AXIS2_PLACEMENT_3D('',#11518,#11519,#11520);
#11518 = CARTESIAN_POINT('',(49.633768877672,-16.48530446455,1.51));
#11519 = DIRECTION('',(0.,0.,1.));
#11520 = DIRECTION('',(-0.707106653696,-0.707106908677,0.));
#11521 = ORIENTED_EDGE('',*,*,#11522,.F.);
#11522 = EDGE_CURVE('',#11523,#11514,#11525,.T.);
#11523 = VERTEX_POINT('',#11524);
#11524 = CARTESIAN_POINT('',(45.477056,-15.976832,1.51));
#11525 = LINE('',#11526,#11527);
#11526 = CARTESIAN_POINT('',(45.477056,-15.976832,1.51));
#11527 = VECTOR('',#11528,1.);
#11528 = DIRECTION('',(0.707106781187,-0.707106781187,0.));
#11529 = ORIENTED_EDGE('',*,*,#11530,.F.);
#11530 = EDGE_CURVE('',#11531,#11523,#11533,.T.);
#11531 = VERTEX_POINT('',#11532);
#11532 = CARTESIAN_POINT('',(43.652955,-15.221257,1.51));
#11533 = CIRCLE('',#11534,2.579695535513);
#11534 = AXIS2_PLACEMENT_3D('',#11535,#11536,#11537);
#11535 = CARTESIAN_POINT('',(43.652936122328,-17.80095253544,1.51));
#11536 = DIRECTION('',(0.,0.,-1.));
#11537 = DIRECTION('',(7.317790669481E-06,0.999999999973,0.));
#11538 = ORIENTED_EDGE('',*,*,#11539,.F.);
#11539 = EDGE_CURVE('',#11540,#11531,#11542,.T.);
#11540 = VERTEX_POINT('',#11541);
#11541 = CARTESIAN_POINT('',(26.61495,-15.221257,1.51));
#11542 = LINE('',#11543,#11544);
#11543 = CARTESIAN_POINT('',(26.61495,-15.221257,1.51));
#11544 = VECTOR('',#11545,1.);
#11545 = DIRECTION('',(1.,0.,0.));
#11546 = ORIENTED_EDGE('',*,*,#11547,.F.);
#11547 = EDGE_CURVE('',#11548,#11540,#11550,.T.);
#11548 = VERTEX_POINT('',#11549);
#11549 = CARTESIAN_POINT('',(25.156575,-14.635896,1.51));
#11550 = CIRCLE('',#11551,2.109380271365);
#11551 = AXIS2_PLACEMENT_3D('',#11552,#11553,#11554);
#11552 = CARTESIAN_POINT('',(26.61494751405,-13.11187672863,1.51));
#11553 = DIRECTION('',(0.,0.,1.));
#11554 = DIRECTION('',(-0.691374871495,-0.722496219412,0.));
#11555 = ORIENTED_EDGE('',*,*,#11556,.F.);
#11556 = EDGE_CURVE('',#11557,#11548,#11559,.T.);
#11557 = VERTEX_POINT('',#11558);
#11558 = CARTESIAN_POINT('',(24.329998,-13.809321,1.51));
#11559 = LINE('',#11560,#11561);
#11560 = CARTESIAN_POINT('',(24.329998,-13.809321,1.51));
#11561 = VECTOR('',#11562,1.);
#11562 = DIRECTION('',(0.707107636651,-0.707105925721,0.));
#11563 = ORIENTED_EDGE('',*,*,#11564,.F.);
#11564 = EDGE_CURVE('',#11565,#11557,#11567,.T.);
#11565 = VERTEX_POINT('',#11566);
#11566 = CARTESIAN_POINT('',(22.6462,-17.874369,1.51));
#11567 = CIRCLE('',#11568,2.381249705834);
#11568 = AXIS2_PLACEMENT_3D('',#11569,#11570,#11571);
#11569 = CARTESIAN_POINT('',(22.646200664779,-15.49311929416,1.51));
#11570 = DIRECTION('',(0.,0.,-1.));
#11571 = DIRECTION('',(-2.791724782732E-07,-1.,-0.));
#11572 = ORIENTED_EDGE('',*,*,#11573,.F.);
#11573 = EDGE_CURVE('',#11574,#11565,#11576,.T.);
#11574 = VERTEX_POINT('',#11575);
#11575 = CARTESIAN_POINT('',(42.49,-17.874375,1.51));
#11576 = LINE('',#11577,#11578);
#11577 = CARTESIAN_POINT('',(42.49,-17.874375,1.51));
#11578 = VECTOR('',#11579,1.);
#11579 = DIRECTION('',(-1.,3.023614428215E-07,0.));
#11580 = ORIENTED_EDGE('',*,*,#11581,.F.);
#11581 = EDGE_CURVE('',#11582,#11574,#11584,.T.);
#11582 = VERTEX_POINT('',#11583);
#11583 = CARTESIAN_POINT('',(42.49,-19.065,1.51));
#11584 = CIRCLE('',#11585,0.595312500002);
#11585 = AXIS2_PLACEMENT_3D('',#11586,#11587,#11588);
#11586 = CARTESIAN_POINT('',(42.4899985,-18.4696875,1.51));
#11587 = DIRECTION('',(0.,-0.,1.));
#11588 = DIRECTION('',(2.519685044936E-06,-0.999999999997,-0.));
#11589 = ORIENTED_EDGE('',*,*,#11590,.F.);
#11590 = EDGE_CURVE('',#11591,#11582,#11593,.T.);
#11591 = VERTEX_POINT('',#11592);
#11592 = CARTESIAN_POINT('',(16.915,-19.065,1.51));
#11593 = LINE('',#11594,#11595);
#11594 = CARTESIAN_POINT('',(16.915,-19.065,1.51));
#11595 = VECTOR('',#11596,1.);
#11596 = DIRECTION('',(1.,0.,0.));
#11597 = ORIENTED_EDGE('',*,*,#11598,.F.);
#11598 = EDGE_CURVE('',#11599,#11591,#11601,.T.);
#11599 = VERTEX_POINT('',#11600);
#11600 = CARTESIAN_POINT('',(13.915,-22.065,1.51));
#11601 = CIRCLE('',#11602,3.000001172987);
#11602 = AXIS2_PLACEMENT_3D('',#11603,#11604,#11605);
#11603 = CARTESIAN_POINT('',(16.915001172987,-22.06500117298,1.51));
#11604 = DIRECTION('',(0.,0.,-1.));
#11605 = DIRECTION('',(-1.,3.909953616065E-07,0.));
#11606 = ORIENTED_EDGE('',*,*,#11607,.F.);
#11607 = EDGE_CURVE('',#11608,#11599,#11610,.T.);
#11608 = VERTEX_POINT('',#11609);
#11609 = CARTESIAN_POINT('',(13.915,-92.265,1.51));
#11610 = LINE('',#11611,#11612);
#11611 = CARTESIAN_POINT('',(13.915,-92.265,1.51));
#11612 = VECTOR('',#11613,1.);
#11613 = DIRECTION('',(0.,1.,0.));
#11614 = ORIENTED_EDGE('',*,*,#11615,.F.);
#11615 = EDGE_CURVE('',#11616,#11608,#11618,.T.);
#11616 = VERTEX_POINT('',#11617);
#11617 = CARTESIAN_POINT('',(16.915,-95.265,1.51));
#11618 = CIRCLE('',#11619,3.000001172987);
#11619 = AXIS2_PLACEMENT_3D('',#11620,#11621,#11622);
#11620 = CARTESIAN_POINT('',(16.915001172987,-92.26499882701,1.51));
#11621 = DIRECTION('',(0.,0.,-1.));
#11622 = DIRECTION('',(-3.909953639749E-07,-1.,-0.));
#11623 = ORIENTED_EDGE('',*,*,#11624,.F.);
#11624 = EDGE_CURVE('',#11625,#11616,#11627,.T.);
#11625 = VERTEX_POINT('',#11626);
#11626 = CARTESIAN_POINT('',(42.63375,-95.265,1.51));
#11627 = LINE('',#11628,#11629);
#11628 = CARTESIAN_POINT('',(42.63375,-95.265,1.51));
#11629 = VECTOR('',#11630,1.);
#11630 = DIRECTION('',(-1.,0.,0.));
#11631 = ORIENTED_EDGE('',*,*,#11632,.F.);
#11632 = EDGE_CURVE('',#11633,#11625,#11635,.T.);
#11633 = VERTEX_POINT('',#11634);
#11634 = CARTESIAN_POINT('',(42.63375,-96.455622,1.51));
#11635 = CIRCLE('',#11636,0.595311);
#11636 = AXIS2_PLACEMENT_3D('',#11637,#11638,#11639);
#11637 = CARTESIAN_POINT('',(42.63375,-95.860311,1.51));
#11638 = DIRECTION('',(0.,0.,1.));
#11639 = DIRECTION('',(-0.,-1.,0.));
#11640 = ORIENTED_EDGE('',*,*,#11641,.F.);
#11641 = EDGE_CURVE('',#11642,#11633,#11644,.T.);
#11642 = VERTEX_POINT('',#11643);
#11643 = CARTESIAN_POINT('',(22.78995,-96.455628,1.51));
#11644 = LINE('',#11645,#11646);
#11645 = CARTESIAN_POINT('',(22.78995,-96.455628,1.51));
#11646 = VECTOR('',#11647,1.);
#11647 = DIRECTION('',(1.,3.023614428215E-07,0.));
#11648 = ORIENTED_EDGE('',*,*,#11649,.F.);
#11649 = EDGE_CURVE('',#11650,#11642,#11652,.T.);
#11650 = VERTEX_POINT('',#11651);
#11651 = CARTESIAN_POINT('',(24.473748,-100.520676,1.51));
#11652 = CIRCLE('',#11653,2.381249450133);
#11653 = AXIS2_PLACEMENT_3D('',#11654,#11655,#11656);
#11654 = CARTESIAN_POINT('',(22.789951282096,-98.83687745013,1.51));
#11655 = DIRECTION('',(0.,0.,-1.));
#11656 = DIRECTION('',(0.707106396522,-0.707107165851,0.));
#11657 = ORIENTED_EDGE('',*,*,#11658,.F.);
#11658 = EDGE_CURVE('',#11659,#11650,#11661,.T.);
#11659 = VERTEX_POINT('',#11660);
#11660 = CARTESIAN_POINT('',(25.300325,-99.694101,1.51));
#11661 = LINE('',#11662,#11663);
#11662 = CARTESIAN_POINT('',(25.300325,-99.694101,1.51));
#11663 = VECTOR('',#11664,1.);
#11664 = DIRECTION('',(-0.707107636651,-0.707105925721,0.));
#11665 = ORIENTED_EDGE('',*,*,#11666,.F.);
#11666 = EDGE_CURVE('',#11667,#11659,#11669,.T.);
#11667 = VERTEX_POINT('',#11668);
#11668 = CARTESIAN_POINT('',(26.75871,-99.10874,1.51));
#11669 = CIRCLE('',#11670,2.109380271612);
#11670 = AXIS2_PLACEMENT_3D('',#11671,#11672,#11673);
#11671 = CARTESIAN_POINT('',(26.758697514186,-101.2181202715,1.51));
#11672 = DIRECTION('',(0.,0.,1.));
#11673 = DIRECTION('',(5.919185899973E-06,0.999999999982,-0.));
#11674 = ORIENTED_EDGE('',*,*,#11675,.F.);
#11675 = EDGE_CURVE('',#11676,#11667,#11678,.T.);
#11676 = VERTEX_POINT('',#11677);
#11677 = CARTESIAN_POINT('',(43.796705,-99.10874,1.51));
#11678 = LINE('',#11679,#11680);
#11679 = CARTESIAN_POINT('',(43.796705,-99.10874,1.51));
#11680 = VECTOR('',#11681,1.);
#11681 = DIRECTION('',(-1.,0.,0.));
#11682 = ORIENTED_EDGE('',*,*,#11683,.F.);
#11683 = EDGE_CURVE('',#11684,#11676,#11686,.T.);
#11684 = VERTEX_POINT('',#11685);
#11685 = CARTESIAN_POINT('',(45.620806,-98.353165,1.51));
#11686 = CIRCLE('',#11687,2.579706748972);
#11687 = AXIS2_PLACEMENT_3D('',#11688,#11689,#11690);
#11688 = CARTESIAN_POINT('',(43.79668147753,-96.52903325113,1.51));
#11689 = DIRECTION('',(0.,0.,-1.));
#11690 = DIRECTION('',(0.707105380562,-0.707108181809,0.));
#11691 = ORIENTED_EDGE('',*,*,#11692,.F.);
#11692 = EDGE_CURVE('',#11693,#11684,#11695,.T.);
#11693 = VERTEX_POINT('',#11694);
#11694 = CARTESIAN_POINT('',(47.953399,-96.020572,1.51));
#11695 = LINE('',#11696,#11697);
#11696 = CARTESIAN_POINT('',(47.953399,-96.020572,1.51));
#11697 = VECTOR('',#11698,1.);
#11698 = DIRECTION('',(-0.707106781187,-0.707106781187,0.));
#11699 = ORIENTED_EDGE('',*,*,#11700,.F.);
#11700 = EDGE_CURVE('',#11701,#11693,#11703,.T.);
#11701 = VERTEX_POINT('',#11702);
#11702 = CARTESIAN_POINT('',(49.786912,-95.264997,1.51));
#11703 = CIRCLE('',#11704,2.579817465435);
#11704 = AXIS2_PLACEMENT_3D('',#11705,#11706,#11707);
#11705 = CARTESIAN_POINT('',(49.777586238295,-97.84479760956,1.51));
#11706 = DIRECTION('',(0.,0.,1.));
#11707 = DIRECTION('',(3.614892072898E-03,0.999993466256,-0.));
#11708 = ORIENTED_EDGE('',*,*,#11709,.F.);
#11709 = EDGE_CURVE('',#11710,#11701,#11712,.T.);
#11710 = VERTEX_POINT('',#11711);
#11711 = CARTESIAN_POINT('',(99.64,-95.265,1.51));
#11712 = LINE('',#11713,#11714);
#11713 = CARTESIAN_POINT('',(99.64,-95.265,1.51));
#11714 = VECTOR('',#11715,1.);
#11715 = DIRECTION('',(-1.,6.017681405486E-08,0.));
#11716 = ORIENTED_EDGE('',*,*,#11717,.F.);
#11717 = EDGE_CURVE('',#11718,#11710,#11720,.T.);
#11718 = VERTEX_POINT('',#11719);
#11719 = CARTESIAN_POINT('',(99.64,-96.455622,1.51));
#11720 = CIRCLE('',#11721,0.595311);
#11721 = AXIS2_PLACEMENT_3D('',#11722,#11723,#11724);
#11722 = CARTESIAN_POINT('',(99.64,-95.860311,1.51));
#11723 = DIRECTION('',(0.,0.,1.));
#11724 = DIRECTION('',(-0.,-1.,0.));
#11725 = ORIENTED_EDGE('',*,*,#11726,.F.);
#11726 = EDGE_CURVE('',#11727,#11718,#11729,.T.);
#11727 = VERTEX_POINT('',#11728);
#11728 = CARTESIAN_POINT('',(79.7962,-96.455628,1.51));
#11729 = LINE('',#11730,#11731);
#11730 = CARTESIAN_POINT('',(79.7962,-96.455628,1.51));
#11731 = VECTOR('',#11732,1.);
#11732 = DIRECTION('',(1.,3.023614428215E-07,0.));
#11733 = ORIENTED_EDGE('',*,*,#11734,.F.);
#11734 = EDGE_CURVE('',#11735,#11727,#11737,.T.);
#11735 = VERTEX_POINT('',#11736);
#11736 = CARTESIAN_POINT('',(81.479998,-100.520676,1.51));
#11737 = CIRCLE('',#11738,2.381249450133);
#11738 = AXIS2_PLACEMENT_3D('',#11739,#11740,#11741);
#11739 = CARTESIAN_POINT('',(79.796201282096,-98.83687745013,1.51));
#11740 = DIRECTION('',(0.,0.,-1.));
#11741 = DIRECTION('',(0.707106396522,-0.707107165851,0.));
#11742 = ORIENTED_EDGE('',*,*,#11743,.F.);
#11743 = EDGE_CURVE('',#11744,#11735,#11746,.T.);
#11744 = VERTEX_POINT('',#11745);
#11745 = CARTESIAN_POINT('',(82.306575,-99.694101,1.51));
#11746 = LINE('',#11747,#11748);
#11747 = CARTESIAN_POINT('',(82.306575,-99.694101,1.51));
#11748 = VECTOR('',#11749,1.);
#11749 = DIRECTION('',(-0.707107636651,-0.707105925721,0.));
#11750 = ORIENTED_EDGE('',*,*,#11751,.F.);
#11751 = EDGE_CURVE('',#11752,#11744,#11754,.T.);
#11752 = VERTEX_POINT('',#11753);
#11753 = CARTESIAN_POINT('',(83.76496,-99.10874,1.51));
#11754 = CIRCLE('',#11755,2.109380271612);
#11755 = AXIS2_PLACEMENT_3D('',#11756,#11757,#11758);
#11756 = CARTESIAN_POINT('',(83.764947514186,-101.2181202715,1.51));
#11757 = DIRECTION('',(0.,0.,1.));
#11758 = DIRECTION('',(5.919185896605E-06,0.999999999982,-0.));
#11759 = ORIENTED_EDGE('',*,*,#11760,.F.);
#11760 = EDGE_CURVE('',#11761,#11752,#11763,.T.);
#11761 = VERTEX_POINT('',#11762);
#11762 = CARTESIAN_POINT('',(100.802955,-99.10874,1.51));
#11763 = LINE('',#11764,#11765);
#11764 = CARTESIAN_POINT('',(100.802955,-99.10874,1.51));
#11765 = VECTOR('',#11766,1.);
#11766 = DIRECTION('',(-1.,0.,0.));
#11767 = ORIENTED_EDGE('',*,*,#11768,.F.);
#11768 = EDGE_CURVE('',#11769,#11761,#11771,.T.);
#11769 = VERTEX_POINT('',#11770);
#11770 = CARTESIAN_POINT('',(102.627056,-98.353165,1.51));
#11771 = CIRCLE('',#11772,2.579706748972);
#11772 = AXIS2_PLACEMENT_3D('',#11773,#11774,#11775);
#11773 = CARTESIAN_POINT('',(100.80293147753,-96.52903325113,1.51));
#11774 = DIRECTION('',(0.,0.,-1.));
#11775 = DIRECTION('',(0.707105380562,-0.707108181809,0.));
#11776 = ORIENTED_EDGE('',*,*,#11777,.F.);
#11777 = EDGE_CURVE('',#11778,#11769,#11780,.T.);
#11778 = VERTEX_POINT('',#11779);
#11779 = CARTESIAN_POINT('',(104.959649,-96.020572,1.51));
#11780 = LINE('',#11781,#11782);
#11781 = CARTESIAN_POINT('',(104.959649,-96.020572,1.51));
#11782 = VECTOR('',#11783,1.);
#11783 = DIRECTION('',(-0.707106781187,-0.707106781187,0.));
#11784 = ORIENTED_EDGE('',*,*,#11785,.F.);
#11785 = EDGE_CURVE('',#11786,#11778,#11788,.T.);
#11786 = VERTEX_POINT('',#11787);
#11787 = CARTESIAN_POINT('',(106.78375,-95.264997,1.51));
#11788 = CIRCLE('',#11789,2.579706748972);
#11789 = AXIS2_PLACEMENT_3D('',#11790,#11791,#11792);
#11790 = CARTESIAN_POINT('',(106.78377352247,-97.84470374886,1.51));
#11791 = DIRECTION('',(0.,0.,1.));
#11792 = DIRECTION('',(-9.118272813815E-06,0.999999999958,0.));
#11793 = ORIENTED_EDGE('',*,*,#11794,.F.);
#11794 = EDGE_CURVE('',#11795,#11786,#11797,.T.);
#11795 = VERTEX_POINT('',#11796);
#11796 = CARTESIAN_POINT('',(149.64625,-95.265,1.51));
#11797 = LINE('',#11798,#11799);
#11798 = CARTESIAN_POINT('',(149.64625,-95.265,1.51));
#11799 = VECTOR('',#11800,1.);
#11800 = DIRECTION('',(-1.,6.999125124845E-08,0.));
#11801 = ORIENTED_EDGE('',*,*,#11802,.F.);
#11802 = EDGE_CURVE('',#11803,#11795,#11805,.T.);
#11803 = VERTEX_POINT('',#11804);
#11804 = CARTESIAN_POINT('',(151.470351,-96.020575,1.51));
#11805 = CIRCLE('',#11806,2.579695535513);
#11806 = AXIS2_PLACEMENT_3D('',#11807,#11808,#11809);
#11807 = CARTESIAN_POINT('',(149.64623112232,-97.84469553544,1.51));
#11808 = DIRECTION('',(0.,0.,1.));
#11809 = DIRECTION('',(0.707106653696,0.707106908677,-0.));
#11810 = ORIENTED_EDGE('',*,*,#11811,.F.);
#11811 = EDGE_CURVE('',#11812,#11803,#11814,.T.);
#11812 = VERTEX_POINT('',#11813);
#11813 = CARTESIAN_POINT('',(153.802944,-98.353168,1.51));
#11814 = LINE('',#11815,#11816);
#11815 = CARTESIAN_POINT('',(153.802944,-98.353168,1.51));
#11816 = VECTOR('',#11817,1.);
#11817 = DIRECTION('',(-0.707106781187,0.707106781187,0.));
#11818 = ORIENTED_EDGE('',*,*,#11819,.F.);
#11819 = EDGE_CURVE('',#11820,#11812,#11822,.T.);
#11820 = VERTEX_POINT('',#11821);
#11821 = CARTESIAN_POINT('',(155.627045,-99.108743,1.51));
#11822 = CIRCLE('',#11823,2.579695535513);
#11823 = AXIS2_PLACEMENT_3D('',#11824,#11825,#11826);
#11824 = CARTESIAN_POINT('',(155.62706387767,-96.52904746455,1.51));
#11825 = DIRECTION('',(0.,0.,-1.));
#11826 = DIRECTION('',(-7.317790658464E-06,-0.999999999973,-0.));
#11827 = ORIENTED_EDGE('',*,*,#11828,.F.);
#11828 = EDGE_CURVE('',#11829,#11820,#11831,.T.);
#11829 = VERTEX_POINT('',#11830);
#11830 = CARTESIAN_POINT('',(172.66505,-99.108743,1.51));
#11831 = LINE('',#11832,#11833);
#11832 = CARTESIAN_POINT('',(172.66505,-99.108743,1.51));
#11833 = VECTOR('',#11834,1.);
#11834 = DIRECTION('',(-1.,0.,0.));
#11835 = ORIENTED_EDGE('',*,*,#11836,.F.);
#11836 = EDGE_CURVE('',#11837,#11829,#11839,.T.);
#11837 = VERTEX_POINT('',#11838);
#11838 = CARTESIAN_POINT('',(174.123426,-99.694103,1.51));
#11839 = CIRCLE('',#11840,2.109390094638);
#11840 = AXIS2_PLACEMENT_3D('',#11841,#11842,#11843);
#11841 = CARTESIAN_POINT('',(172.66505058811,-101.2181330946,1.51));
#11842 = DIRECTION('',(0.,0.,1.));
#11843 = DIRECTION('',(0.691373025593,0.722497985798,-0.));
#11844 = ORIENTED_EDGE('',*,*,#11845,.F.);
#11845 = EDGE_CURVE('',#11846,#11837,#11848,.T.);
#11846 = VERTEX_POINT('',#11847);
#11847 = CARTESIAN_POINT('',(174.950002,-100.520679,1.51));
#11848 = LINE('',#11849,#11850);
#11849 = CARTESIAN_POINT('',(174.950002,-100.520679,1.51));
#11850 = VECTOR('',#11851,1.);
#11851 = DIRECTION('',(-0.707106781187,0.707106781187,0.));
#11852 = ORIENTED_EDGE('',*,*,#11853,.F.);
#11853 = EDGE_CURVE('',#11854,#11846,#11856,.T.);
#11854 = VERTEX_POINT('',#11855);
#11855 = CARTESIAN_POINT('',(176.6338,-96.455631,1.51));
#11856 = CIRCLE('',#11857,2.381249705834);
#11857 = AXIS2_PLACEMENT_3D('',#11858,#11859,#11860);
#11858 = CARTESIAN_POINT('',(176.63379933522,-98.83688070583,1.51));
#11859 = DIRECTION('',(0.,0.,-1.));
#11860 = DIRECTION('',(2.791724767812E-07,1.,0.));
#11861 = ORIENTED_EDGE('',*,*,#11862,.F.);
#11862 = EDGE_CURVE('',#11863,#11854,#11865,.T.);
#11863 = VERTEX_POINT('',#11864);
#11864 = CARTESIAN_POINT('',(156.79,-96.455625,1.51));
#11865 = LINE('',#11866,#11867);
#11866 = CARTESIAN_POINT('',(156.79,-96.455625,1.51));
#11867 = VECTOR('',#11868,1.);
#11868 = DIRECTION('',(1.,-3.023614428215E-07,0.));
#11869 = ORIENTED_EDGE('',*,*,#11870,.F.);
#11870 = EDGE_CURVE('',#11871,#11863,#11873,.T.);
#11871 = VERTEX_POINT('',#11872);
#11872 = CARTESIAN_POINT('',(156.79,-95.264976,1.51));
#11873 = CIRCLE('',#11874,0.595324500153);
#11874 = AXIS2_PLACEMENT_3D('',#11875,#11876,#11877);
#11875 = CARTESIAN_POINT('',(156.7900135,-95.8603005,1.51));
#11876 = DIRECTION('',(0.,0.,1.));
#11877 = DIRECTION('',(-2.267670828143E-05,0.999999999743,0.));
#11878 = ORIENTED_EDGE('',*,*,#11879,.F.);
#11879 = EDGE_CURVE('',#11880,#11871,#11882,.T.);
#11880 = VERTEX_POINT('',#11881);
#11881 = CARTESIAN_POINT('',(206.79625,-95.265,1.51));
#11882 = LINE('',#11883,#11884);
#11883 = CARTESIAN_POINT('',(206.79625,-95.265,1.51));
#11884 = VECTOR('',#11885,1.);
#11885 = DIRECTION('',(-1.,4.79940007424E-07,0.));
#11886 = ORIENTED_EDGE('',*,*,#11887,.F.);
#11887 = EDGE_CURVE('',#11888,#11880,#11890,.T.);
#11888 = VERTEX_POINT('',#11889);
#11889 = CARTESIAN_POINT('',(208.620351,-96.020575,1.51));
#11890 = CIRCLE('',#11891,2.579695535513);
#11891 = AXIS2_PLACEMENT_3D('',#11892,#11893,#11894);
#11892 = CARTESIAN_POINT('',(206.79623112232,-97.84469553544,1.51));
#11893 = DIRECTION('',(0.,0.,1.));
#11894 = DIRECTION('',(0.707106653696,0.707106908677,-0.));
#11895 = ORIENTED_EDGE('',*,*,#11896,.F.);
#11896 = EDGE_CURVE('',#11897,#11888,#11899,.T.);
#11897 = VERTEX_POINT('',#11898);
#11898 = CARTESIAN_POINT('',(210.952944,-98.353168,1.51));
#11899 = LINE('',#11900,#11901);
#11900 = CARTESIAN_POINT('',(210.952944,-98.353168,1.51));
#11901 = VECTOR('',#11902,1.);
#11902 = DIRECTION('',(-0.707106781187,0.707106781187,0.));
#11903 = ORIENTED_EDGE('',*,*,#11904,.F.);
#11904 = EDGE_CURVE('',#11905,#11897,#11907,.T.);
#11905 = VERTEX_POINT('',#11906);
#11906 = CARTESIAN_POINT('',(212.777045,-99.108743,1.51));
#11907 = CIRCLE('',#11908,2.579695535513);
#11908 = AXIS2_PLACEMENT_3D('',#11909,#11910,#11911);
#11909 = CARTESIAN_POINT('',(212.77706387767,-96.52904746455,1.51));
#11910 = DIRECTION('',(0.,0.,-1.));
#11911 = DIRECTION('',(-7.317790669481E-06,-0.999999999973,-0.));
#11912 = ORIENTED_EDGE('',*,*,#11913,.F.);
#11913 = EDGE_CURVE('',#11914,#11905,#11916,.T.);
#11914 = VERTEX_POINT('',#11915);
#11915 = CARTESIAN_POINT('',(229.81505,-99.108743,1.51));
#11916 = LINE('',#11917,#11918);
#11917 = CARTESIAN_POINT('',(229.81505,-99.108743,1.51));
#11918 = VECTOR('',#11919,1.);
#11919 = DIRECTION('',(-1.,0.,0.));
#11920 = ORIENTED_EDGE('',*,*,#11921,.F.);
#11921 = EDGE_CURVE('',#11922,#11914,#11924,.T.);
#11922 = VERTEX_POINT('',#11923);
#11923 = CARTESIAN_POINT('',(231.273426,-99.694103,1.51));
#11924 = CIRCLE('',#11925,2.109390094638);
#11925 = AXIS2_PLACEMENT_3D('',#11926,#11927,#11928);
#11926 = CARTESIAN_POINT('',(229.81505058811,-101.2181330946,1.51));
#11927 = DIRECTION('',(0.,0.,1.));
#11928 = DIRECTION('',(0.691373025593,0.722497985798,-0.));
#11929 = ORIENTED_EDGE('',*,*,#11930,.F.);
#11930 = EDGE_CURVE('',#11931,#11922,#11933,.T.);
#11931 = VERTEX_POINT('',#11932);
#11932 = CARTESIAN_POINT('',(232.100002,-100.520679,1.51));
#11933 = LINE('',#11934,#11935);
#11934 = CARTESIAN_POINT('',(232.100002,-100.520679,1.51));
#11935 = VECTOR('',#11936,1.);
#11936 = DIRECTION('',(-0.707106781187,0.707106781187,0.));
#11937 = ORIENTED_EDGE('',*,*,#11938,.F.);
#11938 = EDGE_CURVE('',#11939,#11931,#11941,.T.);
#11939 = VERTEX_POINT('',#11940);
#11940 = CARTESIAN_POINT('',(233.7838,-96.455631,1.51));
#11941 = CIRCLE('',#11942,2.381249705834);
#11942 = AXIS2_PLACEMENT_3D('',#11943,#11944,#11945);
#11943 = CARTESIAN_POINT('',(233.78379933522,-98.83688070583,1.51));
#11944 = DIRECTION('',(0.,0.,-1.));
#11945 = DIRECTION('',(2.791724767812E-07,1.,0.));
#11946 = ORIENTED_EDGE('',*,*,#11947,.F.);
#11947 = EDGE_CURVE('',#11948,#11939,#11950,.T.);
#11948 = VERTEX_POINT('',#11949);
#11949 = CARTESIAN_POINT('',(213.94,-96.455625,1.51));
#11950 = LINE('',#11951,#11952);
#11951 = CARTESIAN_POINT('',(213.94,-96.455625,1.51));
#11952 = VECTOR('',#11953,1.);
#11953 = DIRECTION('',(1.,-3.023614428215E-07,0.));
#11954 = ORIENTED_EDGE('',*,*,#11955,.F.);
#11955 = EDGE_CURVE('',#11956,#11948,#11958,.T.);
#11956 = VERTEX_POINT('',#11957);
#11957 = CARTESIAN_POINT('',(213.94582,-95.265003,1.51));
#11958 = CIRCLE('',#11959,0.595325155639);
#11959 = AXIS2_PLACEMENT_3D('',#11960,#11961,#11962);
#11960 = CARTESIAN_POINT('',(213.94001415547,-95.86029984452,1.51));
#11961 = DIRECTION('',(0.,0.,1.));
#11962 = DIRECTION('',(9.752392409515E-03,0.99995244429,-0.));
#11963 = ORIENTED_EDGE('',*,*,#11964,.F.);
#11964 = EDGE_CURVE('',#11965,#11956,#11967,.T.);
#11965 = VERTEX_POINT('',#11966);
#11966 = CARTESIAN_POINT('',(239.515,-95.265,1.51));
#11967 = LINE('',#11968,#11969);
#11968 = CARTESIAN_POINT('',(239.515,-95.265,1.51));
#11969 = VECTOR('',#11970,1.);
#11970 = DIRECTION('',(-1.,-1.173287525226E-07,0.));
#11971 = ORIENTED_EDGE('',*,*,#11972,.F.);
#11972 = EDGE_CURVE('',#11973,#11965,#11975,.T.);
#11973 = VERTEX_POINT('',#11974);
#11974 = CARTESIAN_POINT('',(242.515,-92.265,1.51));
#11975 = CIRCLE('',#11976,3.000001172987);
#11976 = AXIS2_PLACEMENT_3D('',#11977,#11978,#11979);
#11977 = CARTESIAN_POINT('',(239.51499882701,-92.26499882701,1.51));
#11978 = DIRECTION('',(0.,0.,-1.));
#11979 = DIRECTION('',(1.,-3.909953473956E-07,0.));
#11980 = ORIENTED_EDGE('',*,*,#11981,.F.);
#11981 = EDGE_CURVE('',#11982,#11973,#11984,.T.);
#11982 = VERTEX_POINT('',#11983);
#11983 = CARTESIAN_POINT('',(242.515,-22.065,1.51));
#11984 = LINE('',#11985,#11986);
#11985 = CARTESIAN_POINT('',(242.515,-22.065,1.51));
#11986 = VECTOR('',#11987,1.);
#11987 = DIRECTION('',(0.,-1.,0.));
#11988 = ORIENTED_EDGE('',*,*,#11989,.F.);
#11989 = EDGE_CURVE('',#11990,#11982,#11992,.T.);
#11990 = VERTEX_POINT('',#11991);
#11991 = CARTESIAN_POINT('',(239.515,-19.065,1.51));
#11992 = CIRCLE('',#11993,3.000001172987);
#11993 = AXIS2_PLACEMENT_3D('',#11994,#11995,#11996);
#11994 = CARTESIAN_POINT('',(239.51499882701,-22.06500117298,1.51));
#11995 = DIRECTION('',(0.,0.,-1.));
#11996 = DIRECTION('',(3.909953521326E-07,1.,0.));
#11997 = ORIENTED_EDGE('',*,*,#11998,.F.);
#11998 = EDGE_CURVE('',#11999,#11990,#12001,.T.);
#11999 = VERTEX_POINT('',#12000);
#12000 = CARTESIAN_POINT('',(213.94,-19.065,1.51));
#12001 = LINE('',#12002,#12003);
#12002 = CARTESIAN_POINT('',(213.94,-19.065,1.51));
#12003 = VECTOR('',#12004,1.);
#12004 = DIRECTION('',(1.,0.,0.));
#12005 = ORIENTED_EDGE('',*,*,#12006,.F.);
#12006 = EDGE_CURVE('',#7433,#11999,#12007,.T.);
#12007 = CIRCLE('',#12008,0.595311);
#12008 = AXIS2_PLACEMENT_3D('',#12009,#12010,#12011);
#12009 = CARTESIAN_POINT('',(213.94,-18.469689,1.51));
#12010 = DIRECTION('',(0.,0.,1.));
#12011 = DIRECTION('',(4.774262432645E-14,1.,-0.));
#12012 = ORIENTED_EDGE('',*,*,#7432,.F.);
#12013 = FACE_BOUND('',#12014,.T.);
#12014 = EDGE_LOOP('',(#12015));
#12015 = ORIENTED_EDGE('',*,*,#12016,.T.);
#12016 = EDGE_CURVE('',#12017,#12017,#12019,.T.);
#12017 = VERTEX_POINT('',#12018);
#12018 = CARTESIAN_POINT('',(22.78995,-100.341878,1.51));
#12019 = CIRCLE('',#12020,1.505);
#12020 = AXIS2_PLACEMENT_3D('',#12021,#12022,#12023);
#12021 = CARTESIAN_POINT('',(22.78995,-98.836878,1.51));
#12022 = DIRECTION('',(-0.,0.,-1.));
#12023 = DIRECTION('',(2.360607095548E-15,-1.,-0.));
#12024 = FACE_BOUND('',#12025,.T.);
#12025 = EDGE_LOOP('',(#12026));
#12026 = ORIENTED_EDGE('',*,*,#12027,.T.);
#12027 = EDGE_CURVE('',#12028,#12028,#12030,.T.);
#12028 = VERTEX_POINT('',#12029);
#12029 = CARTESIAN_POINT('',(59.15755,-94.249,1.51));
#12030 = CIRCLE('',#12031,1.524);
#12031 = AXIS2_PLACEMENT_3D('',#12032,#12033,#12034);
#12032 = CARTESIAN_POINT('',(59.15755,-92.725,1.51));
#12033 = DIRECTION('',(-0.,0.,-1.));
#12034 = DIRECTION('',(-0.,-1.,0.));
#12035 = FACE_BOUND('',#12036,.T.);
#12036 = EDGE_LOOP('',(#12037));
#12037 = ORIENTED_EDGE('',*,*,#12038,.T.);
#12038 = EDGE_CURVE('',#12039,#12039,#12041,.T.);
#12039 = VERTEX_POINT('',#12040);
#12040 = CARTESIAN_POINT('',(71.065,-94.2488,1.51));
#12041 = CIRCLE('',#12042,1.524);
#12042 = AXIS2_PLACEMENT_3D('',#12043,#12044,#12045);
#12043 = CARTESIAN_POINT('',(71.065,-92.7248,1.51));
#12044 = DIRECTION('',(-0.,0.,-1.));
#12045 = DIRECTION('',(-0.,-1.,0.));
#12046 = FACE_BOUND('',#12047,.T.);
#12047 = EDGE_LOOP('',(#12048));
#12048 = ORIENTED_EDGE('',*,*,#12049,.T.);
#12049 = EDGE_CURVE('',#12050,#12050,#12052,.T.);
#12050 = VERTEX_POINT('',#12051);
#12051 = CARTESIAN_POINT('',(18.36,-86.615,1.51));
#12052 = CIRCLE('',#12053,0.875);
#12053 = AXIS2_PLACEMENT_3D('',#12054,#12055,#12056);
#12054 = CARTESIAN_POINT('',(18.36,-85.74,1.51));
#12055 = DIRECTION('',(-0.,0.,-1.));
#12056 = DIRECTION('',(-0.,-1.,0.));
#12057 = FACE_BOUND('',#12058,.T.);
#12058 = EDGE_LOOP('',(#12059,#12070,#12079,#12088,#12097,#12106,#12115,
    #12124,#12133,#12142));
#12059 = ORIENTED_EDGE('',*,*,#12060,.T.);
#12060 = EDGE_CURVE('',#12061,#12063,#12065,.T.);
#12061 = VERTEX_POINT('',#12062);
#12062 = CARTESIAN_POINT('',(27.765347039833,-86.18285879206,1.51));
#12063 = VERTEX_POINT('',#12064);
#12064 = CARTESIAN_POINT('',(25.82125,-87.7339,1.51));
#12065 = CIRCLE('',#12066,1.9939);
#12066 = AXIS2_PLACEMENT_3D('',#12067,#12068,#12069);
#12067 = CARTESIAN_POINT('',(25.82125,-85.74,1.51));
#12068 = DIRECTION('',(-0.,0.,-1.));
#12069 = DIRECTION('',(-0.,-1.,0.));
#12070 = ORIENTED_EDGE('',*,*,#12071,.T.);
#12071 = EDGE_CURVE('',#12063,#12072,#12074,.T.);
#12072 = VERTEX_POINT('',#12073);
#12073 = CARTESIAN_POINT('',(24.630625,-87.33939029613,1.51));
#12074 = CIRCLE('',#12075,1.9939);
#12075 = AXIS2_PLACEMENT_3D('',#12076,#12077,#12078);
#12076 = CARTESIAN_POINT('',(25.82125,-85.74,1.51));
#12077 = DIRECTION('',(-0.,0.,-1.));
#12078 = DIRECTION('',(-0.,-1.,0.));
#12079 = ORIENTED_EDGE('',*,*,#12080,.T.);
#12080 = EDGE_CURVE('',#12072,#12081,#12083,.T.);
#12081 = VERTEX_POINT('',#12082);
#12082 = CARTESIAN_POINT('',(23.44,-87.7339,1.51));
#12083 = CIRCLE('',#12084,1.9939);
#12084 = AXIS2_PLACEMENT_3D('',#12085,#12086,#12087);
#12085 = CARTESIAN_POINT('',(23.44,-85.74,1.51));
#12086 = DIRECTION('',(-0.,0.,-1.));
#12087 = DIRECTION('',(-0.,-1.,0.));
#12088 = ORIENTED_EDGE('',*,*,#12089,.T.);
#12089 = EDGE_CURVE('',#12081,#12090,#12092,.T.);
#12090 = VERTEX_POINT('',#12091);
#12091 = CARTESIAN_POINT('',(21.495902960167,-86.18285879206,1.51));
#12092 = CIRCLE('',#12093,1.9939);
#12093 = AXIS2_PLACEMENT_3D('',#12094,#12095,#12096);
#12094 = CARTESIAN_POINT('',(23.44,-85.74,1.51));
#12095 = DIRECTION('',(-0.,0.,-1.));
#12096 = DIRECTION('',(-0.,-1.,0.));
#12097 = ORIENTED_EDGE('',*,*,#12098,.T.);
#12098 = EDGE_CURVE('',#12090,#12099,#12101,.T.);
#12099 = VERTEX_POINT('',#12100);
#12100 = CARTESIAN_POINT('',(20.74125,-86.615,1.51));
#12101 = CIRCLE('',#12102,0.875);
#12102 = AXIS2_PLACEMENT_3D('',#12103,#12104,#12105);
#12103 = CARTESIAN_POINT('',(20.74125,-85.74,1.51));
#12104 = DIRECTION('',(-0.,0.,-1.));
#12105 = DIRECTION('',(-0.,-1.,0.));
#12106 = ORIENTED_EDGE('',*,*,#12107,.T.);
#12107 = EDGE_CURVE('',#12099,#12108,#12110,.T.);
#12108 = VERTEX_POINT('',#12109);
#12109 = CARTESIAN_POINT('',(21.495902960167,-85.29714120793,1.51));
#12110 = CIRCLE('',#12111,0.875);
#12111 = AXIS2_PLACEMENT_3D('',#12112,#12113,#12114);
#12112 = CARTESIAN_POINT('',(20.74125,-85.74,1.51));
#12113 = DIRECTION('',(-0.,0.,-1.));
#12114 = DIRECTION('',(-0.,-1.,0.));
#12115 = ORIENTED_EDGE('',*,*,#12116,.T.);
#12116 = EDGE_CURVE('',#12108,#12117,#12119,.T.);
#12117 = VERTEX_POINT('',#12118);
#12118 = CARTESIAN_POINT('',(24.630625,-84.14060970386,1.51));
#12119 = CIRCLE('',#12120,1.9939);
#12120 = AXIS2_PLACEMENT_3D('',#12121,#12122,#12123);
#12121 = CARTESIAN_POINT('',(23.44,-85.74,1.51));
#12122 = DIRECTION('',(-0.,0.,-1.));
#12123 = DIRECTION('',(-0.,-1.,0.));
#12124 = ORIENTED_EDGE('',*,*,#12125,.T.);
#12125 = EDGE_CURVE('',#12117,#12126,#12128,.T.);
#12126 = VERTEX_POINT('',#12127);
#12127 = CARTESIAN_POINT('',(27.765347039833,-85.29714120793,1.51));
#12128 = CIRCLE('',#12129,1.9939);
#12129 = AXIS2_PLACEMENT_3D('',#12130,#12131,#12132);
#12130 = CARTESIAN_POINT('',(25.82125,-85.74,1.51));
#12131 = DIRECTION('',(-0.,0.,-1.));
#12132 = DIRECTION('',(-0.,-1.,0.));
#12133 = ORIENTED_EDGE('',*,*,#12134,.T.);
#12134 = EDGE_CURVE('',#12126,#12135,#12137,.T.);
#12135 = VERTEX_POINT('',#12136);
#12136 = CARTESIAN_POINT('',(28.52,-86.615,1.51));
#12137 = CIRCLE('',#12138,0.875);
#12138 = AXIS2_PLACEMENT_3D('',#12139,#12140,#12141);
#12139 = CARTESIAN_POINT('',(28.52,-85.74,1.51));
#12140 = DIRECTION('',(-0.,0.,-1.));
#12141 = DIRECTION('',(-0.,-1.,0.));
#12142 = ORIENTED_EDGE('',*,*,#12143,.T.);
#12143 = EDGE_CURVE('',#12135,#12061,#12144,.T.);
#12144 = CIRCLE('',#12145,0.875);
#12145 = AXIS2_PLACEMENT_3D('',#12146,#12147,#12148);
#12146 = CARTESIAN_POINT('',(28.52,-85.74,1.51));
#12147 = DIRECTION('',(-0.,0.,-1.));
#12148 = DIRECTION('',(-0.,-1.,0.));
#12149 = FACE_BOUND('',#12150,.T.);
#12150 = EDGE_LOOP('',(#12151));
#12151 = ORIENTED_EDGE('',*,*,#12152,.T.);
#12152 = EDGE_CURVE('',#12153,#12153,#12155,.T.);
#12153 = VERTEX_POINT('',#12154);
#12154 = CARTESIAN_POINT('',(30.90125,-86.615,1.51));
#12155 = CIRCLE('',#12156,0.875);
#12156 = AXIS2_PLACEMENT_3D('',#12157,#12158,#12159);
#12157 = CARTESIAN_POINT('',(30.90125,-85.74,1.51));
#12158 = DIRECTION('',(-0.,0.,-1.));
#12159 = DIRECTION('',(-0.,-1.,0.));
#12160 = FACE_BOUND('',#12161,.T.);
#12161 = EDGE_LOOP('',(#12162));
#12162 = ORIENTED_EDGE('',*,*,#12163,.T.);
#12163 = EDGE_CURVE('',#12164,#12164,#12166,.T.);
#12164 = VERTEX_POINT('',#12165);
#12165 = CARTESIAN_POINT('',(37.41,-86.615,1.51));
#12166 = CIRCLE('',#12167,0.875);
#12167 = AXIS2_PLACEMENT_3D('',#12168,#12169,#12170);
#12168 = CARTESIAN_POINT('',(37.41,-85.74,1.51));
#12169 = DIRECTION('',(-0.,0.,-1.));
#12170 = DIRECTION('',(-0.,-1.,0.));
#12171 = FACE_BOUND('',#12172,.T.);
#12172 = EDGE_LOOP('',(#12173,#12184,#12193,#12202));
#12173 = ORIENTED_EDGE('',*,*,#12174,.T.);
#12174 = EDGE_CURVE('',#12175,#12177,#12179,.T.);
#12175 = VERTEX_POINT('',#12176);
#12176 = CARTESIAN_POINT('',(44.299588436705,-86.5772734916,1.51));
#12177 = VERTEX_POINT('',#12178);
#12178 = CARTESIAN_POINT('',(42.49,-87.7339,1.51));
#12179 = CIRCLE('',#12180,1.9939);
#12180 = AXIS2_PLACEMENT_3D('',#12181,#12182,#12183);
#12181 = CARTESIAN_POINT('',(42.49,-85.74,1.51));
#12182 = DIRECTION('',(-0.,0.,-1.));
#12183 = DIRECTION('',(3.563582605748E-15,-1.,-0.));
#12184 = ORIENTED_EDGE('',*,*,#12185,.T.);
#12185 = EDGE_CURVE('',#12177,#12186,#12188,.T.);
#12186 = VERTEX_POINT('',#12187);
#12187 = CARTESIAN_POINT('',(44.299588436705,-84.90272650839,1.51));
#12188 = CIRCLE('',#12189,1.9939);
#12189 = AXIS2_PLACEMENT_3D('',#12190,#12191,#12192);
#12190 = CARTESIAN_POINT('',(42.49,-85.74,1.51));
#12191 = DIRECTION('',(-0.,0.,-1.));
#12192 = DIRECTION('',(3.563582605748E-15,-1.,-0.));
#12193 = ORIENTED_EDGE('',*,*,#12194,.T.);
#12194 = EDGE_CURVE('',#12186,#12195,#12197,.T.);
#12195 = VERTEX_POINT('',#12196);
#12196 = CARTESIAN_POINT('',(44.55375,-86.615,1.51));
#12197 = CIRCLE('',#12198,0.875);
#12198 = AXIS2_PLACEMENT_3D('',#12199,#12200,#12201);
#12199 = CARTESIAN_POINT('',(44.55375,-85.74,1.51));
#12200 = DIRECTION('',(-0.,0.,-1.));
#12201 = DIRECTION('',(-0.,-1.,0.));
#12202 = ORIENTED_EDGE('',*,*,#12203,.T.);
#12203 = EDGE_CURVE('',#12195,#12175,#12204,.T.);
#12204 = CIRCLE('',#12205,0.875);
#12205 = AXIS2_PLACEMENT_3D('',#12206,#12207,#12208);
#12206 = CARTESIAN_POINT('',(44.55375,-85.74,1.51));
#12207 = DIRECTION('',(-0.,0.,-1.));
#12208 = DIRECTION('',(-0.,-1.,0.));
#12209 = FACE_BOUND('',#12210,.T.);
#12210 = EDGE_LOOP('',(#12211));
#12211 = ORIENTED_EDGE('',*,*,#12212,.T.);
#12212 = EDGE_CURVE('',#12213,#12213,#12215,.T.);
#12213 = VERTEX_POINT('',#12214);
#12214 = CARTESIAN_POINT('',(19.63,-83.935,1.51));
#12215 = CIRCLE('',#12216,0.735);
#12216 = AXIS2_PLACEMENT_3D('',#12217,#12218,#12219);
#12217 = CARTESIAN_POINT('',(19.63,-83.2,1.51));
#12218 = DIRECTION('',(-0.,0.,-1.));
#12219 = DIRECTION('',(-0.,-1.,0.));
#12220 = FACE_BOUND('',#12221,.T.);
#12221 = EDGE_LOOP('',(#12222));
#12222 = ORIENTED_EDGE('',*,*,#12223,.T.);
#12223 = EDGE_CURVE('',#12224,#12224,#12226,.T.);
#12224 = VERTEX_POINT('',#12225);
#12225 = CARTESIAN_POINT('',(22.01125,-83.935,1.51));
#12226 = CIRCLE('',#12227,0.735);
#12227 = AXIS2_PLACEMENT_3D('',#12228,#12229,#12230);
#12228 = CARTESIAN_POINT('',(22.01125,-83.2,1.51));
#12229 = DIRECTION('',(-0.,0.,-1.));
#12230 = DIRECTION('',(-0.,-1.,0.));
#12231 = FACE_BOUND('',#12232,.T.);
#12232 = EDGE_LOOP('',(#12233));
#12233 = ORIENTED_EDGE('',*,*,#12234,.T.);
#12234 = EDGE_CURVE('',#12235,#12235,#12237,.T.);
#12235 = VERTEX_POINT('',#12236);
#12236 = CARTESIAN_POINT('',(25.98,-81.395,1.51));
#12237 = CIRCLE('',#12238,0.735);
#12238 = AXIS2_PLACEMENT_3D('',#12239,#12240,#12241);
#12239 = CARTESIAN_POINT('',(25.98,-80.66,1.51));
#12240 = DIRECTION('',(-0.,0.,-1.));
#12241 = DIRECTION('',(-0.,-1.,0.));
#12242 = FACE_BOUND('',#12243,.T.);
#12243 = EDGE_LOOP('',(#12244));
#12244 = ORIENTED_EDGE('',*,*,#12245,.T.);
#12245 = EDGE_CURVE('',#12246,#12246,#12248,.T.);
#12246 = VERTEX_POINT('',#12247);
#12247 = CARTESIAN_POINT('',(28.36125,-81.395,1.51));
#12248 = CIRCLE('',#12249,0.735);
#12249 = AXIS2_PLACEMENT_3D('',#12250,#12251,#12252);
#12250 = CARTESIAN_POINT('',(28.36125,-80.66,1.51));
#12251 = DIRECTION('',(-0.,0.,-1.));
#12252 = DIRECTION('',(-0.,-1.,0.));
#12253 = FACE_BOUND('',#12254,.T.);
#12254 = EDGE_LOOP('',(#12255));
#12255 = ORIENTED_EDGE('',*,*,#12256,.T.);
#12256 = EDGE_CURVE('',#12257,#12257,#12259,.T.);
#12257 = VERTEX_POINT('',#12258);
#12258 = CARTESIAN_POINT('',(38.68,-83.935,1.51));
#12259 = CIRCLE('',#12260,0.735);
#12260 = AXIS2_PLACEMENT_3D('',#12261,#12262,#12263);
#12261 = CARTESIAN_POINT('',(38.68,-83.2,1.51));
#12262 = DIRECTION('',(-0.,0.,-1.));
#12263 = DIRECTION('',(-0.,-1.,0.));
#12264 = FACE_BOUND('',#12265,.T.);
#12265 = EDGE_LOOP('',(#12266));
#12266 = ORIENTED_EDGE('',*,*,#12267,.T.);
#12267 = EDGE_CURVE('',#12268,#12268,#12270,.T.);
#12268 = VERTEX_POINT('',#12269);
#12269 = CARTESIAN_POINT('',(45.03,-81.395,1.51));
#12270 = CIRCLE('',#12271,0.735);
#12271 = AXIS2_PLACEMENT_3D('',#12272,#12273,#12274);
#12272 = CARTESIAN_POINT('',(45.03,-80.66,1.51));
#12273 = DIRECTION('',(-0.,0.,-1.));
#12274 = DIRECTION('',(-0.,-1.,0.));
#12275 = FACE_BOUND('',#12276,.T.);
#12276 = EDGE_LOOP('',(#12277,#12288,#12297,#12306));
#12277 = ORIENTED_EDGE('',*,*,#12278,.T.);
#12278 = EDGE_CURVE('',#12279,#12281,#12283,.T.);
#12279 = VERTEX_POINT('',#12280);
#12280 = CARTESIAN_POINT('',(47.824161563295,-86.5772734916,1.51));
#12281 = VERTEX_POINT('',#12282);
#12282 = CARTESIAN_POINT('',(47.57,-86.615,1.51));
#12283 = CIRCLE('',#12284,0.875);
#12284 = AXIS2_PLACEMENT_3D('',#12285,#12286,#12287);
#12285 = CARTESIAN_POINT('',(47.57,-85.74,1.51));
#12286 = DIRECTION('',(-0.,0.,-1.));
#12287 = DIRECTION('',(-0.,-1.,0.));
#12288 = ORIENTED_EDGE('',*,*,#12289,.T.);
#12289 = EDGE_CURVE('',#12281,#12290,#12292,.T.);
#12290 = VERTEX_POINT('',#12291);
#12291 = CARTESIAN_POINT('',(47.824161563295,-84.90272650839,1.51));
#12292 = CIRCLE('',#12293,0.875);
#12293 = AXIS2_PLACEMENT_3D('',#12294,#12295,#12296);
#12294 = CARTESIAN_POINT('',(47.57,-85.74,1.51));
#12295 = DIRECTION('',(-0.,0.,-1.));
#12296 = DIRECTION('',(-0.,-1.,0.));
#12297 = ORIENTED_EDGE('',*,*,#12298,.T.);
#12298 = EDGE_CURVE('',#12290,#12299,#12301,.T.);
#12299 = VERTEX_POINT('',#12300);
#12300 = CARTESIAN_POINT('',(49.63375,-87.7339,1.51));
#12301 = CIRCLE('',#12302,1.9939);
#12302 = AXIS2_PLACEMENT_3D('',#12303,#12304,#12305);
#12303 = CARTESIAN_POINT('',(49.63375,-85.74,1.51));
#12304 = DIRECTION('',(-0.,0.,-1.));
#12305 = DIRECTION('',(-3.563582605748E-15,-1.,0.));
#12306 = ORIENTED_EDGE('',*,*,#12307,.T.);
#12307 = EDGE_CURVE('',#12299,#12279,#12308,.T.);
#12308 = CIRCLE('',#12309,1.9939);
#12309 = AXIS2_PLACEMENT_3D('',#12310,#12311,#12312);
#12310 = CARTESIAN_POINT('',(49.63375,-85.74,1.51));
#12311 = DIRECTION('',(-0.,0.,-1.));
#12312 = DIRECTION('',(-3.563582605748E-15,-1.,0.));
#12313 = FACE_BOUND('',#12314,.T.);
#12314 = EDGE_LOOP('',(#12315,#12326,#12335,#12344));
#12315 = ORIENTED_EDGE('',*,*,#12316,.T.);
#12316 = EDGE_CURVE('',#12317,#12319,#12321,.T.);
#12317 = VERTEX_POINT('',#12318);
#12318 = CARTESIAN_POINT('',(55.586875,-85.79725150107,1.51));
#12319 = VERTEX_POINT('',#12320);
#12320 = CARTESIAN_POINT('',(54.71375,-86.615,1.51));
#12321 = CIRCLE('',#12322,0.875);
#12322 = AXIS2_PLACEMENT_3D('',#12323,#12324,#12325);
#12323 = CARTESIAN_POINT('',(54.71375,-85.74,1.51));
#12324 = DIRECTION('',(-0.,0.,-1.));
#12325 = DIRECTION('',(-0.,-1.,0.));
#12326 = ORIENTED_EDGE('',*,*,#12327,.T.);
#12327 = EDGE_CURVE('',#12319,#12328,#12330,.T.);
#12328 = VERTEX_POINT('',#12329);
#12329 = CARTESIAN_POINT('',(55.586875,-85.68274849892,1.51));
#12330 = CIRCLE('',#12331,0.875);
#12331 = AXIS2_PLACEMENT_3D('',#12332,#12333,#12334);
#12332 = CARTESIAN_POINT('',(54.71375,-85.74,1.51));
#12333 = DIRECTION('',(-0.,0.,-1.));
#12334 = DIRECTION('',(-0.,-1.,0.));
#12335 = ORIENTED_EDGE('',*,*,#12336,.T.);
#12336 = EDGE_CURVE('',#12328,#12337,#12339,.T.);
#12337 = VERTEX_POINT('',#12338);
#12338 = CARTESIAN_POINT('',(56.46,-86.615,1.51));
#12339 = CIRCLE('',#12340,0.875);
#12340 = AXIS2_PLACEMENT_3D('',#12341,#12342,#12343);
#12341 = CARTESIAN_POINT('',(56.46,-85.74,1.51));
#12342 = DIRECTION('',(-0.,0.,-1.));
#12343 = DIRECTION('',(-0.,-1.,0.));
#12344 = ORIENTED_EDGE('',*,*,#12345,.T.);
#12345 = EDGE_CURVE('',#12337,#12317,#12346,.T.);
#12346 = CIRCLE('',#12347,0.875);
#12347 = AXIS2_PLACEMENT_3D('',#12348,#12349,#12350);
#12348 = CARTESIAN_POINT('',(56.46,-85.74,1.51));
#12349 = DIRECTION('',(-0.,0.,-1.));
#12350 = DIRECTION('',(-0.,-1.,0.));
#12351 = FACE_BOUND('',#12352,.T.);
#12352 = EDGE_LOOP('',(#12353));
#12353 = ORIENTED_EDGE('',*,*,#12354,.T.);
#12354 = EDGE_CURVE('',#12355,#12355,#12357,.T.);
#12355 = VERTEX_POINT('',#12356);
#12356 = CARTESIAN_POINT('',(61.54,-87.7339,1.51));
#12357 = CIRCLE('',#12358,1.9939);
#12358 = AXIS2_PLACEMENT_3D('',#12359,#12360,#12361);
#12359 = CARTESIAN_POINT('',(61.54,-85.74,1.51));
#12360 = DIRECTION('',(-0.,0.,-1.));
#12361 = DIRECTION('',(-3.563582605748E-15,-1.,0.));
#12362 = FACE_BOUND('',#12363,.T.);
#12363 = EDGE_LOOP('',(#12364));
#12364 = ORIENTED_EDGE('',*,*,#12365,.T.);
#12365 = EDGE_CURVE('',#12366,#12366,#12368,.T.);
#12366 = VERTEX_POINT('',#12367);
#12367 = CARTESIAN_POINT('',(66.62,-86.615,1.51));
#12368 = CIRCLE('',#12369,0.875);
#12369 = AXIS2_PLACEMENT_3D('',#12370,#12371,#12372);
#12370 = CARTESIAN_POINT('',(66.62,-85.74,1.51));
#12371 = DIRECTION('',(-0.,0.,-1.));
#12372 = DIRECTION('',(-0.,-1.,0.));
#12373 = FACE_BOUND('',#12374,.T.);
#12374 = EDGE_LOOP('',(#12375));
#12375 = ORIENTED_EDGE('',*,*,#12376,.T.);
#12376 = EDGE_CURVE('',#12377,#12377,#12379,.T.);
#12377 = VERTEX_POINT('',#12378);
#12378 = CARTESIAN_POINT('',(45.82375,-83.935,1.51));
#12379 = CIRCLE('',#12380,0.735);
#12380 = AXIS2_PLACEMENT_3D('',#12381,#12382,#12383);
#12381 = CARTESIAN_POINT('',(45.82375,-83.2,1.51));
#12382 = DIRECTION('',(-0.,0.,-1.));
#12383 = DIRECTION('',(-9.66724810558E-15,-1.,0.));
#12384 = FACE_BOUND('',#12385,.T.);
#12385 = EDGE_LOOP('',(#12386));
#12386 = ORIENTED_EDGE('',*,*,#12387,.T.);
#12387 = EDGE_CURVE('',#12388,#12388,#12390,.T.);
#12388 = VERTEX_POINT('',#12389);
#12389 = CARTESIAN_POINT('',(57.73,-83.935,1.51));
#12390 = CIRCLE('',#12391,0.735);
#12391 = AXIS2_PLACEMENT_3D('',#12392,#12393,#12394);
#12392 = CARTESIAN_POINT('',(57.73,-83.2,1.51));
#12393 = DIRECTION('',(-0.,0.,-1.));
#12394 = DIRECTION('',(-9.66724810558E-15,-1.,0.));
#12395 = FACE_BOUND('',#12396,.T.);
#12396 = EDGE_LOOP('',(#12397));
#12397 = ORIENTED_EDGE('',*,*,#12398,.T.);
#12398 = EDGE_CURVE('',#12399,#12399,#12401,.T.);
#12399 = VERTEX_POINT('',#12400);
#12400 = CARTESIAN_POINT('',(52.17375,-81.395,1.51));
#12401 = CIRCLE('',#12402,0.735);
#12402 = AXIS2_PLACEMENT_3D('',#12403,#12404,#12405);
#12403 = CARTESIAN_POINT('',(52.17375,-80.66,1.51));
#12404 = DIRECTION('',(-0.,0.,-1.));
#12405 = DIRECTION('',(-0.,-1.,0.));
#12406 = FACE_BOUND('',#12407,.T.);
#12407 = EDGE_LOOP('',(#12408));
#12408 = ORIENTED_EDGE('',*,*,#12409,.T.);
#12409 = EDGE_CURVE('',#12410,#12410,#12412,.T.);
#12410 = VERTEX_POINT('',#12411);
#12411 = CARTESIAN_POINT('',(64.08,-81.395,1.51));
#12412 = CIRCLE('',#12413,0.735);
#12413 = AXIS2_PLACEMENT_3D('',#12414,#12415,#12416);
#12414 = CARTESIAN_POINT('',(64.08,-80.66,1.51));
#12415 = DIRECTION('',(-0.,0.,-1.));
#12416 = DIRECTION('',(-0.,-1.,0.));
#12417 = FACE_BOUND('',#12418,.T.);
#12418 = EDGE_LOOP('',(#12419));
#12419 = ORIENTED_EDGE('',*,*,#12420,.T.);
#12420 = EDGE_CURVE('',#12421,#12421,#12423,.T.);
#12421 = VERTEX_POINT('',#12422);
#12422 = CARTESIAN_POINT('',(79.7962,-100.341878,1.51));
#12423 = CIRCLE('',#12424,1.505);
#12424 = AXIS2_PLACEMENT_3D('',#12425,#12426,#12427);
#12425 = CARTESIAN_POINT('',(79.7962,-98.836878,1.51));
#12426 = DIRECTION('',(-0.,0.,-1.));
#12427 = DIRECTION('',(-0.,-1.,0.));
#12428 = FACE_BOUND('',#12429,.T.);
#12429 = EDGE_LOOP('',(#12430));
#12430 = ORIENTED_EDGE('',*,*,#12431,.T.);
#12431 = EDGE_CURVE('',#12432,#12432,#12434,.T.);
#12432 = VERTEX_POINT('',#12433);
#12433 = CARTESIAN_POINT('',(80.59,-94.249,1.51));
#12434 = CIRCLE('',#12435,1.524);
#12435 = AXIS2_PLACEMENT_3D('',#12436,#12437,#12438);
#12436 = CARTESIAN_POINT('',(80.59,-92.725,1.51));
#12437 = DIRECTION('',(-0.,0.,-1.));
#12438 = DIRECTION('',(-0.,-1.,0.));
#12439 = FACE_BOUND('',#12440,.T.);
#12440 = EDGE_LOOP('',(#12441));
#12441 = ORIENTED_EDGE('',*,*,#12442,.T.);
#12442 = EDGE_CURVE('',#12443,#12443,#12445,.T.);
#12443 = VERTEX_POINT('',#12444);
#12444 = CARTESIAN_POINT('',(118.69,-94.249,1.51));
#12445 = CIRCLE('',#12446,1.524);
#12446 = AXIS2_PLACEMENT_3D('',#12447,#12448,#12449);
#12447 = CARTESIAN_POINT('',(118.69,-92.725,1.51));
#12448 = DIRECTION('',(-0.,0.,-1.));
#12449 = DIRECTION('',(-0.,-1.,0.));
#12450 = FACE_BOUND('',#12451,.T.);
#12451 = EDGE_LOOP('',(#12452));
#12452 = ORIENTED_EDGE('',*,*,#12453,.T.);
#12453 = EDGE_CURVE('',#12454,#12454,#12456,.T.);
#12454 = VERTEX_POINT('',#12455);
#12455 = CARTESIAN_POINT('',(94.56,-86.615,1.51));
#12456 = CIRCLE('',#12457,0.875);
#12457 = AXIS2_PLACEMENT_3D('',#12458,#12459,#12460);
#12458 = CARTESIAN_POINT('',(94.56,-85.74,1.51));
#12459 = DIRECTION('',(-0.,0.,-1.));
#12460 = DIRECTION('',(-0.,-1.,0.));
#12461 = FACE_BOUND('',#12462,.T.);
#12462 = EDGE_LOOP('',(#12463));
#12463 = ORIENTED_EDGE('',*,*,#12464,.T.);
#12464 = EDGE_CURVE('',#12465,#12465,#12467,.T.);
#12465 = VERTEX_POINT('',#12466);
#12466 = CARTESIAN_POINT('',(99.64,-87.7339,1.51));
#12467 = CIRCLE('',#12468,1.9939);
#12468 = AXIS2_PLACEMENT_3D('',#12469,#12470,#12471);
#12469 = CARTESIAN_POINT('',(99.64,-85.74,1.51));
#12470 = DIRECTION('',(-0.,0.,-1.));
#12471 = DIRECTION('',(-0.,-1.,0.));
#12472 = FACE_BOUND('',#12473,.T.);
#12473 = EDGE_LOOP('',(#12474));
#12474 = ORIENTED_EDGE('',*,*,#12475,.T.);
#12475 = EDGE_CURVE('',#12476,#12476,#12478,.T.);
#12476 = VERTEX_POINT('',#12477);
#12477 = CARTESIAN_POINT('',(95.83,-83.935,1.51));
#12478 = CIRCLE('',#12479,0.735);
#12479 = AXIS2_PLACEMENT_3D('',#12480,#12481,#12482);
#12480 = CARTESIAN_POINT('',(95.83,-83.2,1.51));
#12481 = DIRECTION('',(-0.,0.,-1.));
#12482 = DIRECTION('',(-0.,-1.,0.));
#12483 = FACE_BOUND('',#12484,.T.);
#12484 = EDGE_LOOP('',(#12485));
#12485 = ORIENTED_EDGE('',*,*,#12486,.T.);
#12486 = EDGE_CURVE('',#12487,#12487,#12489,.T.);
#12487 = VERTEX_POINT('',#12488);
#12488 = CARTESIAN_POINT('',(104.72,-86.615,1.51));
#12489 = CIRCLE('',#12490,0.875);
#12490 = AXIS2_PLACEMENT_3D('',#12491,#12492,#12493);
#12491 = CARTESIAN_POINT('',(104.72,-85.74,1.51));
#12492 = DIRECTION('',(-0.,0.,-1.));
#12493 = DIRECTION('',(-0.,-1.,0.));
#12494 = FACE_BOUND('',#12495,.T.);
#12495 = EDGE_LOOP('',(#12496));
#12496 = ORIENTED_EDGE('',*,*,#12497,.T.);
#12497 = EDGE_CURVE('',#12498,#12498,#12500,.T.);
#12498 = VERTEX_POINT('',#12499);
#12499 = CARTESIAN_POINT('',(123.135,-86.615,1.51));
#12500 = CIRCLE('',#12501,0.875);
#12501 = AXIS2_PLACEMENT_3D('',#12502,#12503,#12504);
#12502 = CARTESIAN_POINT('',(123.135,-85.74,1.51));
#12503 = DIRECTION('',(-0.,0.,-1.));
#12504 = DIRECTION('',(-0.,-1.,0.));
#12505 = FACE_BOUND('',#12506,.T.);
#12506 = EDGE_LOOP('',(#12507));
#12507 = ORIENTED_EDGE('',*,*,#12508,.T.);
#12508 = EDGE_CURVE('',#12509,#12509,#12511,.T.);
#12509 = VERTEX_POINT('',#12510);
#12510 = CARTESIAN_POINT('',(102.18,-81.395,1.51));
#12511 = CIRCLE('',#12512,0.735);
#12512 = AXIS2_PLACEMENT_3D('',#12513,#12514,#12515);
#12513 = CARTESIAN_POINT('',(102.18,-80.66,1.51));
#12514 = DIRECTION('',(-0.,0.,-1.));
#12515 = DIRECTION('',(-0.,-1.,0.));
#12516 = FACE_BOUND('',#12517,.T.);
#12517 = EDGE_LOOP('',(#12518));
#12518 = ORIENTED_EDGE('',*,*,#12519,.T.);
#12519 = EDGE_CURVE('',#12520,#12520,#12522,.T.);
#12520 = VERTEX_POINT('',#12521);
#12521 = CARTESIAN_POINT('',(124.405,-83.935,1.51));
#12522 = CIRCLE('',#12523,0.735);
#12523 = AXIS2_PLACEMENT_3D('',#12524,#12525,#12526);
#12524 = CARTESIAN_POINT('',(124.405,-83.2,1.51));
#12525 = DIRECTION('',(-0.,0.,-1.));
#12526 = DIRECTION('',(-0.,-1.,0.));
#12527 = FACE_BOUND('',#12528,.T.);
#12528 = EDGE_LOOP('',(#12529));
#12529 = ORIENTED_EDGE('',*,*,#12530,.T.);
#12530 = EDGE_CURVE('',#12531,#12531,#12533,.T.);
#12531 = VERTEX_POINT('',#12532);
#12532 = CARTESIAN_POINT('',(59.15755,-79.4789,1.51));
#12533 = CIRCLE('',#12534,1.9939);
#12534 = AXIS2_PLACEMENT_3D('',#12535,#12536,#12537);
#12535 = CARTESIAN_POINT('',(59.15755,-77.485,1.51));
#12536 = DIRECTION('',(-0.,0.,-1.));
#12537 = DIRECTION('',(-0.,-1.,0.));
#12538 = FACE_BOUND('',#12539,.T.);
#12539 = EDGE_LOOP('',(#12540));
#12540 = ORIENTED_EDGE('',*,*,#12541,.T.);
#12541 = EDGE_CURVE('',#12542,#12542,#12544,.T.);
#12542 = VERTEX_POINT('',#12543);
#12543 = CARTESIAN_POINT('',(71.065,-79.4787,1.51));
#12544 = CIRCLE('',#12545,1.9939);
#12545 = AXIS2_PLACEMENT_3D('',#12546,#12547,#12548);
#12546 = CARTESIAN_POINT('',(71.065,-77.4848,1.51));
#12547 = DIRECTION('',(-0.,0.,-1.));
#12548 = DIRECTION('',(-0.,-1.,0.));
#12549 = FACE_BOUND('',#12550,.T.);
#12550 = EDGE_LOOP('',(#12551));
#12551 = ORIENTED_EDGE('',*,*,#12552,.T.);
#12552 = EDGE_CURVE('',#12553,#12553,#12555,.T.);
#12553 = VERTEX_POINT('',#12554);
#12554 = CARTESIAN_POINT('',(23.1225,-67.565,1.51));
#12555 = CIRCLE('',#12556,0.875);
#12556 = AXIS2_PLACEMENT_3D('',#12557,#12558,#12559);
#12557 = CARTESIAN_POINT('',(23.1225,-66.69,1.51));
#12558 = DIRECTION('',(-0.,0.,-1.));
#12559 = DIRECTION('',(-0.,-1.,0.));
#12560 = FACE_BOUND('',#12561,.T.);
#12561 = EDGE_LOOP('',(#12562));
#12562 = ORIENTED_EDGE('',*,*,#12563,.T.);
#12563 = EDGE_CURVE('',#12564,#12564,#12566,.T.);
#12564 = VERTEX_POINT('',#12565);
#12565 = CARTESIAN_POINT('',(28.2025,-68.6839,1.51));
#12566 = CIRCLE('',#12567,1.9939);
#12567 = AXIS2_PLACEMENT_3D('',#12568,#12569,#12570);
#12568 = CARTESIAN_POINT('',(28.2025,-66.69,1.51));
#12569 = DIRECTION('',(-0.,0.,-1.));
#12570 = DIRECTION('',(-0.,-1.,0.));
#12571 = FACE_BOUND('',#12572,.T.);
#12572 = EDGE_LOOP('',(#12573));
#12573 = ORIENTED_EDGE('',*,*,#12574,.T.);
#12574 = EDGE_CURVE('',#12575,#12575,#12577,.T.);
#12575 = VERTEX_POINT('',#12576);
#12576 = CARTESIAN_POINT('',(24.3925,-64.885,1.51));
#12577 = CIRCLE('',#12578,0.735);
#12578 = AXIS2_PLACEMENT_3D('',#12579,#12580,#12581);
#12579 = CARTESIAN_POINT('',(24.3925,-64.15,1.51));
#12580 = DIRECTION('',(-0.,0.,-1.));
#12581 = DIRECTION('',(-0.,-1.,0.));
#12582 = FACE_BOUND('',#12583,.T.);
#12583 = EDGE_LOOP('',(#12584));
#12584 = ORIENTED_EDGE('',*,*,#12585,.T.);
#12585 = EDGE_CURVE('',#12586,#12586,#12588,.T.);
#12586 = VERTEX_POINT('',#12587);
#12587 = CARTESIAN_POINT('',(33.2825,-67.565,1.51));
#12588 = CIRCLE('',#12589,0.875);
#12589 = AXIS2_PLACEMENT_3D('',#12590,#12591,#12592);
#12590 = CARTESIAN_POINT('',(33.2825,-66.69,1.51));
#12591 = DIRECTION('',(-0.,0.,-1.));
#12592 = DIRECTION('',(-0.,-1.,0.));
#12593 = FACE_BOUND('',#12594,.T.);
#12594 = EDGE_LOOP('',(#12595));
#12595 = ORIENTED_EDGE('',*,*,#12596,.T.);
#12596 = EDGE_CURVE('',#12597,#12597,#12599,.T.);
#12597 = VERTEX_POINT('',#12598);
#12598 = CARTESIAN_POINT('',(30.7425,-62.345,1.51));
#12599 = CIRCLE('',#12600,0.735);
#12600 = AXIS2_PLACEMENT_3D('',#12601,#12602,#12603);
#12601 = CARTESIAN_POINT('',(30.7425,-61.61,1.51));
#12602 = DIRECTION('',(-0.,0.,-1.));
#12603 = DIRECTION('',(-0.,-1.,0.));
#12604 = FACE_BOUND('',#12605,.T.);
#12605 = EDGE_LOOP('',(#12606));
#12606 = ORIENTED_EDGE('',*,*,#12607,.T.);
#12607 = EDGE_CURVE('',#12608,#12608,#12610,.T.);
#12608 = VERTEX_POINT('',#12609);
#12609 = CARTESIAN_POINT('',(46.935,-67.565,1.51));
#12610 = CIRCLE('',#12611,0.875);
#12611 = AXIS2_PLACEMENT_3D('',#12612,#12613,#12614);
#12612 = CARTESIAN_POINT('',(46.935,-66.69,1.51));
#12613 = DIRECTION('',(-0.,0.,-1.));
#12614 = DIRECTION('',(-0.,-1.,0.));
#12615 = FACE_BOUND('',#12616,.T.);
#12616 = EDGE_LOOP('',(#12617));
#12617 = ORIENTED_EDGE('',*,*,#12618,.T.);
#12618 = EDGE_CURVE('',#12619,#12619,#12621,.T.);
#12619 = VERTEX_POINT('',#12620);
#12620 = CARTESIAN_POINT('',(52.015,-68.6839,1.51));
#12621 = CIRCLE('',#12622,1.9939);
#12622 = AXIS2_PLACEMENT_3D('',#12623,#12624,#12625);
#12623 = CARTESIAN_POINT('',(52.015,-66.69,1.51));
#12624 = DIRECTION('',(-0.,0.,-1.));
#12625 = DIRECTION('',(-0.,-1.,0.));
#12626 = FACE_BOUND('',#12627,.T.);
#12627 = EDGE_LOOP('',(#12628));
#12628 = ORIENTED_EDGE('',*,*,#12629,.T.);
#12629 = EDGE_CURVE('',#12630,#12630,#12632,.T.);
#12630 = VERTEX_POINT('',#12631);
#12631 = CARTESIAN_POINT('',(57.095,-67.565,1.51));
#12632 = CIRCLE('',#12633,0.875);
#12633 = AXIS2_PLACEMENT_3D('',#12634,#12635,#12636);
#12634 = CARTESIAN_POINT('',(57.095,-66.69,1.51));
#12635 = DIRECTION('',(-0.,0.,-1.));
#12636 = DIRECTION('',(-0.,-1.,0.));
#12637 = FACE_BOUND('',#12638,.T.);
#12638 = EDGE_LOOP('',(#12639));
#12639 = ORIENTED_EDGE('',*,*,#12640,.T.);
#12640 = EDGE_CURVE('',#12641,#12641,#12643,.T.);
#12641 = VERTEX_POINT('',#12642);
#12642 = CARTESIAN_POINT('',(48.205,-64.885,1.51));
#12643 = CIRCLE('',#12644,0.735);
#12644 = AXIS2_PLACEMENT_3D('',#12645,#12646,#12647);
#12645 = CARTESIAN_POINT('',(48.205,-64.15,1.51));
#12646 = DIRECTION('',(-0.,0.,-1.));
#12647 = DIRECTION('',(-0.,-1.,0.));
#12648 = FACE_BOUND('',#12649,.T.);
#12649 = EDGE_LOOP('',(#12650));
#12650 = ORIENTED_EDGE('',*,*,#12651,.T.);
#12651 = EDGE_CURVE('',#12652,#12652,#12654,.T.);
#12652 = VERTEX_POINT('',#12653);
#12653 = CARTESIAN_POINT('',(65.985,-67.565,1.51));
#12654 = CIRCLE('',#12655,0.875);
#12655 = AXIS2_PLACEMENT_3D('',#12656,#12657,#12658);
#12656 = CARTESIAN_POINT('',(65.985,-66.69,1.51));
#12657 = DIRECTION('',(-0.,0.,-1.));
#12658 = DIRECTION('',(-0.,-1.,0.));
#12659 = FACE_BOUND('',#12660,.T.);
#12660 = EDGE_LOOP('',(#12661));
#12661 = ORIENTED_EDGE('',*,*,#12662,.T.);
#12662 = EDGE_CURVE('',#12663,#12663,#12665,.T.);
#12663 = VERTEX_POINT('',#12664);
#12664 = CARTESIAN_POINT('',(71.065,-68.6839,1.51));
#12665 = CIRCLE('',#12666,1.9939);
#12666 = AXIS2_PLACEMENT_3D('',#12667,#12668,#12669);
#12667 = CARTESIAN_POINT('',(71.065,-66.69,1.51));
#12668 = DIRECTION('',(-0.,0.,-1.));
#12669 = DIRECTION('',(-0.,-1.,0.));
#12670 = FACE_BOUND('',#12671,.T.);
#12671 = EDGE_LOOP('',(#12672));
#12672 = ORIENTED_EDGE('',*,*,#12673,.T.);
#12673 = EDGE_CURVE('',#12674,#12674,#12676,.T.);
#12674 = VERTEX_POINT('',#12675);
#12675 = CARTESIAN_POINT('',(67.255,-64.885,1.51));
#12676 = CIRCLE('',#12677,0.735);
#12677 = AXIS2_PLACEMENT_3D('',#12678,#12679,#12680);
#12678 = CARTESIAN_POINT('',(67.255,-64.15,1.51));
#12679 = DIRECTION('',(-0.,0.,-1.));
#12680 = DIRECTION('',(-0.,-1.,0.));
#12681 = FACE_BOUND('',#12682,.T.);
#12682 = EDGE_LOOP('',(#12683));
#12683 = ORIENTED_EDGE('',*,*,#12684,.T.);
#12684 = EDGE_CURVE('',#12685,#12685,#12687,.T.);
#12685 = VERTEX_POINT('',#12686);
#12686 = CARTESIAN_POINT('',(54.555,-62.345,1.51));
#12687 = CIRCLE('',#12688,0.735);
#12688 = AXIS2_PLACEMENT_3D('',#12689,#12690,#12691);
#12689 = CARTESIAN_POINT('',(54.555,-61.61,1.51));
#12690 = DIRECTION('',(-0.,0.,-1.));
#12691 = DIRECTION('',(-0.,-1.,0.));
#12692 = FACE_BOUND('',#12693,.T.);
#12693 = EDGE_LOOP('',(#12694));
#12694 = ORIENTED_EDGE('',*,*,#12695,.T.);
#12695 = EDGE_CURVE('',#12696,#12696,#12698,.T.);
#12696 = VERTEX_POINT('',#12697);
#12697 = CARTESIAN_POINT('',(80.59,-79.4789,1.51));
#12698 = CIRCLE('',#12699,1.9939);
#12699 = AXIS2_PLACEMENT_3D('',#12700,#12701,#12702);
#12700 = CARTESIAN_POINT('',(80.59,-77.485,1.51));
#12701 = DIRECTION('',(-0.,0.,-1.));
#12702 = DIRECTION('',(-0.,-1.,0.));
#12703 = FACE_BOUND('',#12704,.T.);
#12704 = EDGE_LOOP('',(#12705));
#12705 = ORIENTED_EDGE('',*,*,#12706,.T.);
#12706 = EDGE_CURVE('',#12707,#12707,#12709,.T.);
#12707 = VERTEX_POINT('',#12708);
#12708 = CARTESIAN_POINT('',(118.69,-79.4789,1.51));
#12709 = CIRCLE('',#12710,1.9939);
#12710 = AXIS2_PLACEMENT_3D('',#12711,#12712,#12713);
#12711 = CARTESIAN_POINT('',(118.69,-77.485,1.51));
#12712 = DIRECTION('',(-0.,0.,-1.));
#12713 = DIRECTION('',(-0.,-1.,0.));
#12714 = FACE_BOUND('',#12715,.T.);
#12715 = EDGE_LOOP('',(#12716));
#12716 = ORIENTED_EDGE('',*,*,#12717,.T.);
#12717 = EDGE_CURVE('',#12718,#12718,#12720,.T.);
#12718 = VERTEX_POINT('',#12719);
#12719 = CARTESIAN_POINT('',(76.145,-67.565,1.51));
#12720 = CIRCLE('',#12721,0.875);
#12721 = AXIS2_PLACEMENT_3D('',#12722,#12723,#12724);
#12722 = CARTESIAN_POINT('',(76.145,-66.69,1.51));
#12723 = DIRECTION('',(-0.,0.,-1.));
#12724 = DIRECTION('',(-0.,-1.,0.));
#12725 = FACE_BOUND('',#12726,.T.);
#12726 = EDGE_LOOP('',(#12727));
#12727 = ORIENTED_EDGE('',*,*,#12728,.T.);
#12728 = EDGE_CURVE('',#12729,#12729,#12731,.T.);
#12729 = VERTEX_POINT('',#12730);
#12730 = CARTESIAN_POINT('',(85.035,-67.565,1.51));
#12731 = CIRCLE('',#12732,0.875);
#12732 = AXIS2_PLACEMENT_3D('',#12733,#12734,#12735);
#12733 = CARTESIAN_POINT('',(85.035,-66.69,1.51));
#12734 = DIRECTION('',(-0.,0.,-1.));
#12735 = DIRECTION('',(-0.,-1.,0.));
#12736 = FACE_BOUND('',#12737,.T.);
#12737 = EDGE_LOOP('',(#12738));
#12738 = ORIENTED_EDGE('',*,*,#12739,.T.);
#12739 = EDGE_CURVE('',#12740,#12740,#12742,.T.);
#12740 = VERTEX_POINT('',#12741);
#12741 = CARTESIAN_POINT('',(86.305,-64.885,1.51));
#12742 = CIRCLE('',#12743,0.735);
#12743 = AXIS2_PLACEMENT_3D('',#12744,#12745,#12746);
#12744 = CARTESIAN_POINT('',(86.305,-64.15,1.51));
#12745 = DIRECTION('',(-0.,0.,-1.));
#12746 = DIRECTION('',(-0.,-1.,0.));
#12747 = FACE_BOUND('',#12748,.T.);
#12748 = EDGE_LOOP('',(#12749));
#12749 = ORIENTED_EDGE('',*,*,#12750,.T.);
#12750 = EDGE_CURVE('',#12751,#12751,#12753,.T.);
#12751 = VERTEX_POINT('',#12752);
#12752 = CARTESIAN_POINT('',(90.115,-68.6839,1.51));
#12753 = CIRCLE('',#12754,1.9939);
#12754 = AXIS2_PLACEMENT_3D('',#12755,#12756,#12757);
#12755 = CARTESIAN_POINT('',(90.115,-66.69,1.51));
#12756 = DIRECTION('',(-0.,0.,-1.));
#12757 = DIRECTION('',(-7.127165211496E-15,-1.,0.));
#12758 = FACE_BOUND('',#12759,.T.);
#12759 = EDGE_LOOP('',(#12760));
#12760 = ORIENTED_EDGE('',*,*,#12761,.T.);
#12761 = EDGE_CURVE('',#12762,#12762,#12764,.T.);
#12762 = VERTEX_POINT('',#12763);
#12763 = CARTESIAN_POINT('',(95.195,-67.565,1.51));
#12764 = CIRCLE('',#12765,0.875);
#12765 = AXIS2_PLACEMENT_3D('',#12766,#12767,#12768);
#12766 = CARTESIAN_POINT('',(95.195,-66.69,1.51));
#12767 = DIRECTION('',(-0.,0.,-1.));
#12768 = DIRECTION('',(-0.,-1.,0.));
#12769 = FACE_BOUND('',#12770,.T.);
#12770 = EDGE_LOOP('',(#12771));
#12771 = ORIENTED_EDGE('',*,*,#12772,.T.);
#12772 = EDGE_CURVE('',#12773,#12773,#12775,.T.);
#12773 = VERTEX_POINT('',#12774);
#12774 = CARTESIAN_POINT('',(73.605,-62.345,1.51));
#12775 = CIRCLE('',#12776,0.735);
#12776 = AXIS2_PLACEMENT_3D('',#12777,#12778,#12779);
#12777 = CARTESIAN_POINT('',(73.605,-61.61,1.51));
#12778 = DIRECTION('',(-0.,0.,-1.));
#12779 = DIRECTION('',(-0.,-1.,0.));
#12780 = FACE_BOUND('',#12781,.T.);
#12781 = EDGE_LOOP('',(#12782));
#12782 = ORIENTED_EDGE('',*,*,#12783,.T.);
#12783 = EDGE_CURVE('',#12784,#12784,#12786,.T.);
#12784 = VERTEX_POINT('',#12785);
#12785 = CARTESIAN_POINT('',(92.655,-62.345,1.51));
#12786 = CIRCLE('',#12787,0.735);
#12787 = AXIS2_PLACEMENT_3D('',#12788,#12789,#12790);
#12788 = CARTESIAN_POINT('',(92.655,-61.61,1.51));
#12789 = DIRECTION('',(-0.,0.,-1.));
#12790 = DIRECTION('',(-0.,-1.,0.));
#12791 = FACE_BOUND('',#12792,.T.);
#12792 = EDGE_LOOP('',(#12793));
#12793 = ORIENTED_EDGE('',*,*,#12794,.T.);
#12794 = EDGE_CURVE('',#12795,#12795,#12797,.T.);
#12795 = VERTEX_POINT('',#12796);
#12796 = CARTESIAN_POINT('',(104.085,-67.565,1.51));
#12797 = CIRCLE('',#12798,0.875);
#12798 = AXIS2_PLACEMENT_3D('',#12799,#12800,#12801);
#12799 = CARTESIAN_POINT('',(104.085,-66.69,1.51));
#12800 = DIRECTION('',(-0.,0.,-1.));
#12801 = DIRECTION('',(-0.,-1.,0.));
#12802 = FACE_BOUND('',#12803,.T.);
#12803 = EDGE_LOOP('',(#12804));
#12804 = ORIENTED_EDGE('',*,*,#12805,.T.);
#12805 = EDGE_CURVE('',#12806,#12806,#12808,.T.);
#12806 = VERTEX_POINT('',#12807);
#12807 = CARTESIAN_POINT('',(109.165,-68.6839,1.51));
#12808 = CIRCLE('',#12809,1.9939);
#12809 = AXIS2_PLACEMENT_3D('',#12810,#12811,#12812);
#12810 = CARTESIAN_POINT('',(109.165,-66.69,1.51));
#12811 = DIRECTION('',(-0.,0.,-1.));
#12812 = DIRECTION('',(7.127165211496E-15,-1.,-0.));
#12813 = FACE_BOUND('',#12814,.T.);
#12814 = EDGE_LOOP('',(#12815));
#12815 = ORIENTED_EDGE('',*,*,#12816,.T.);
#12816 = EDGE_CURVE('',#12817,#12817,#12819,.T.);
#12817 = VERTEX_POINT('',#12818);
#12818 = CARTESIAN_POINT('',(114.245,-67.565,1.51));
#12819 = CIRCLE('',#12820,0.875);
#12820 = AXIS2_PLACEMENT_3D('',#12821,#12822,#12823);
#12821 = CARTESIAN_POINT('',(114.245,-66.69,1.51));
#12822 = DIRECTION('',(-0.,0.,-1.));
#12823 = DIRECTION('',(-0.,-1.,0.));
#12824 = FACE_BOUND('',#12825,.T.);
#12825 = EDGE_LOOP('',(#12826));
#12826 = ORIENTED_EDGE('',*,*,#12827,.T.);
#12827 = EDGE_CURVE('',#12828,#12828,#12830,.T.);
#12828 = VERTEX_POINT('',#12829);
#12829 = CARTESIAN_POINT('',(105.355,-64.885,1.51));
#12830 = CIRCLE('',#12831,0.735);
#12831 = AXIS2_PLACEMENT_3D('',#12832,#12833,#12834);
#12832 = CARTESIAN_POINT('',(105.355,-64.15,1.51));
#12833 = DIRECTION('',(-0.,0.,-1.));
#12834 = DIRECTION('',(-0.,-1.,0.));
#12835 = FACE_BOUND('',#12836,.T.);
#12836 = EDGE_LOOP('',(#12837));
#12837 = ORIENTED_EDGE('',*,*,#12838,.T.);
#12838 = EDGE_CURVE('',#12839,#12839,#12841,.T.);
#12839 = VERTEX_POINT('',#12840);
#12840 = CARTESIAN_POINT('',(123.135,-67.565,1.51));
#12841 = CIRCLE('',#12842,0.875);
#12842 = AXIS2_PLACEMENT_3D('',#12843,#12844,#12845);
#12843 = CARTESIAN_POINT('',(123.135,-66.69,1.51));
#12844 = DIRECTION('',(-0.,0.,-1.));
#12845 = DIRECTION('',(-0.,-1.,0.));
#12846 = FACE_BOUND('',#12847,.T.);
#12847 = EDGE_LOOP('',(#12848));
#12848 = ORIENTED_EDGE('',*,*,#12849,.T.);
#12849 = EDGE_CURVE('',#12850,#12850,#12852,.T.);
#12850 = VERTEX_POINT('',#12851);
#12851 = CARTESIAN_POINT('',(124.405,-64.885,1.51));
#12852 = CIRCLE('',#12853,0.735);
#12853 = AXIS2_PLACEMENT_3D('',#12854,#12855,#12856);
#12854 = CARTESIAN_POINT('',(124.405,-64.15,1.51));
#12855 = DIRECTION('',(-0.,0.,-1.));
#12856 = DIRECTION('',(-0.,-1.,0.));
#12857 = FACE_BOUND('',#12858,.T.);
#12858 = EDGE_LOOP('',(#12859));
#12859 = ORIENTED_EDGE('',*,*,#12860,.T.);
#12860 = EDGE_CURVE('',#12861,#12861,#12863,.T.);
#12861 = VERTEX_POINT('',#12862);
#12862 = CARTESIAN_POINT('',(111.705,-62.345,1.51));
#12863 = CIRCLE('',#12864,0.735);
#12864 = AXIS2_PLACEMENT_3D('',#12865,#12866,#12867);
#12865 = CARTESIAN_POINT('',(111.705,-61.61,1.51));
#12866 = DIRECTION('',(-0.,0.,-1.));
#12867 = DIRECTION('',(-0.,-1.,0.));
#12868 = FACE_BOUND('',#12869,.T.);
#12869 = EDGE_LOOP('',(#12870));
#12870 = ORIENTED_EDGE('',*,*,#12871,.T.);
#12871 = EDGE_CURVE('',#12872,#12872,#12874,.T.);
#12872 = VERTEX_POINT('',#12873);
#12873 = CARTESIAN_POINT('',(137.74,-94.249,1.51));
#12874 = CIRCLE('',#12875,1.524);
#12875 = AXIS2_PLACEMENT_3D('',#12876,#12877,#12878);
#12876 = CARTESIAN_POINT('',(137.74,-92.725,1.51));
#12877 = DIRECTION('',(-0.,0.,-1.));
#12878 = DIRECTION('',(-0.,-1.,0.));
#12879 = FACE_BOUND('',#12880,.T.);
#12880 = EDGE_LOOP('',(#12881));
#12881 = ORIENTED_EDGE('',*,*,#12882,.T.);
#12882 = EDGE_CURVE('',#12883,#12883,#12885,.T.);
#12883 = VERTEX_POINT('',#12884);
#12884 = CARTESIAN_POINT('',(176.6338,-100.341881,1.51));
#12885 = CIRCLE('',#12886,1.505);
#12886 = AXIS2_PLACEMENT_3D('',#12887,#12888,#12889);
#12887 = CARTESIAN_POINT('',(176.6338,-98.836881,1.51));
#12888 = DIRECTION('',(-0.,0.,-1.));
#12889 = DIRECTION('',(-0.,-1.,0.));
#12890 = FACE_BOUND('',#12891,.T.);
#12891 = EDGE_LOOP('',(#12892));
#12892 = ORIENTED_EDGE('',*,*,#12893,.T.);
#12893 = EDGE_CURVE('',#12894,#12894,#12896,.T.);
#12894 = VERTEX_POINT('',#12895);
#12895 = CARTESIAN_POINT('',(175.84,-94.249,1.51));
#12896 = CIRCLE('',#12897,1.524);
#12897 = AXIS2_PLACEMENT_3D('',#12898,#12899,#12900);
#12898 = CARTESIAN_POINT('',(175.84,-92.725,1.51));
#12899 = DIRECTION('',(-0.,0.,-1.));
#12900 = DIRECTION('',(-0.,-1.,0.));
#12901 = FACE_BOUND('',#12902,.T.);
#12902 = EDGE_LOOP('',(#12903));
#12903 = ORIENTED_EDGE('',*,*,#12904,.T.);
#12904 = EDGE_CURVE('',#12905,#12905,#12907,.T.);
#12905 = VERTEX_POINT('',#12906);
#12906 = CARTESIAN_POINT('',(128.215,-87.7339,1.51));
#12907 = CIRCLE('',#12908,1.9939);
#12908 = AXIS2_PLACEMENT_3D('',#12909,#12910,#12911);
#12909 = CARTESIAN_POINT('',(128.215,-85.74,1.51));
#12910 = DIRECTION('',(-0.,0.,-1.));
#12911 = DIRECTION('',(-0.,-1.,0.));
#12912 = FACE_BOUND('',#12913,.T.);
#12913 = EDGE_LOOP('',(#12914));
#12914 = ORIENTED_EDGE('',*,*,#12915,.T.);
#12915 = EDGE_CURVE('',#12916,#12916,#12918,.T.);
#12916 = VERTEX_POINT('',#12917);
#12917 = CARTESIAN_POINT('',(133.295,-86.615,1.51));
#12918 = CIRCLE('',#12919,0.875);
#12919 = AXIS2_PLACEMENT_3D('',#12920,#12921,#12922);
#12920 = CARTESIAN_POINT('',(133.295,-85.74,1.51));
#12921 = DIRECTION('',(-0.,0.,-1.));
#12922 = DIRECTION('',(-0.,-1.,0.));
#12923 = FACE_BOUND('',#12924,.T.);
#12924 = EDGE_LOOP('',(#12925));
#12925 = ORIENTED_EDGE('',*,*,#12926,.T.);
#12926 = EDGE_CURVE('',#12927,#12927,#12929,.T.);
#12927 = VERTEX_POINT('',#12928);
#12928 = CARTESIAN_POINT('',(151.71,-86.615,1.51));
#12929 = CIRCLE('',#12930,0.875);
#12930 = AXIS2_PLACEMENT_3D('',#12931,#12932,#12933);
#12931 = CARTESIAN_POINT('',(151.71,-85.74,1.51));
#12932 = DIRECTION('',(-0.,0.,-1.));
#12933 = DIRECTION('',(-0.,-1.,0.));
#12934 = FACE_BOUND('',#12935,.T.);
#12935 = EDGE_LOOP('',(#12936));
#12936 = ORIENTED_EDGE('',*,*,#12937,.T.);
#12937 = EDGE_CURVE('',#12938,#12938,#12940,.T.);
#12938 = VERTEX_POINT('',#12939);
#12939 = CARTESIAN_POINT('',(130.755,-81.395,1.51));
#12940 = CIRCLE('',#12941,0.735);
#12941 = AXIS2_PLACEMENT_3D('',#12942,#12943,#12944);
#12942 = CARTESIAN_POINT('',(130.755,-80.66,1.51));
#12943 = DIRECTION('',(-0.,0.,-1.));
#12944 = DIRECTION('',(-0.,-1.,0.));
#12945 = FACE_BOUND('',#12946,.T.);
#12946 = EDGE_LOOP('',(#12947));
#12947 = ORIENTED_EDGE('',*,*,#12948,.T.);
#12948 = EDGE_CURVE('',#12949,#12949,#12951,.T.);
#12949 = VERTEX_POINT('',#12950);
#12950 = CARTESIAN_POINT('',(152.98,-83.935,1.51));
#12951 = CIRCLE('',#12952,0.735);
#12952 = AXIS2_PLACEMENT_3D('',#12953,#12954,#12955);
#12953 = CARTESIAN_POINT('',(152.98,-83.2,1.51));
#12954 = DIRECTION('',(-0.,0.,-1.));
#12955 = DIRECTION('',(-3.866899242232E-14,-1.,0.));
#12956 = FACE_BOUND('',#12957,.T.);
#12957 = EDGE_LOOP('',(#12958));
#12958 = ORIENTED_EDGE('',*,*,#12959,.T.);
#12959 = EDGE_CURVE('',#12960,#12960,#12962,.T.);
#12960 = VERTEX_POINT('',#12961);
#12961 = CARTESIAN_POINT('',(156.79,-87.7339,1.51));
#12962 = CIRCLE('',#12963,1.9939);
#12963 = AXIS2_PLACEMENT_3D('',#12964,#12965,#12966);
#12964 = CARTESIAN_POINT('',(156.79,-85.74,1.51));
#12965 = DIRECTION('',(-0.,0.,-1.));
#12966 = DIRECTION('',(-0.,-1.,0.));
#12967 = FACE_BOUND('',#12968,.T.);
#12968 = EDGE_LOOP('',(#12969));
#12969 = ORIENTED_EDGE('',*,*,#12970,.T.);
#12970 = EDGE_CURVE('',#12971,#12971,#12973,.T.);
#12971 = VERTEX_POINT('',#12972);
#12972 = CARTESIAN_POINT('',(161.87,-86.615,1.51));
#12973 = CIRCLE('',#12974,0.875);
#12974 = AXIS2_PLACEMENT_3D('',#12975,#12976,#12977);
#12975 = CARTESIAN_POINT('',(161.87,-85.74,1.51));
#12976 = DIRECTION('',(-0.,0.,-1.));
#12977 = DIRECTION('',(-0.,-1.,0.));
#12978 = FACE_BOUND('',#12979,.T.);
#12979 = EDGE_LOOP('',(#12980));
#12980 = ORIENTED_EDGE('',*,*,#12981,.T.);
#12981 = EDGE_CURVE('',#12982,#12982,#12984,.T.);
#12982 = VERTEX_POINT('',#12983);
#12983 = CARTESIAN_POINT('',(159.33,-81.395,1.51));
#12984 = CIRCLE('',#12985,0.735);
#12985 = AXIS2_PLACEMENT_3D('',#12986,#12987,#12988);
#12986 = CARTESIAN_POINT('',(159.33,-80.66,1.51));
#12987 = DIRECTION('',(-0.,0.,-1.));
#12988 = DIRECTION('',(3.866899242232E-14,-1.,-0.));
#12989 = FACE_BOUND('',#12990,.T.);
#12990 = EDGE_LOOP('',(#12991));
#12991 = ORIENTED_EDGE('',*,*,#12992,.T.);
#12992 = EDGE_CURVE('',#12993,#12993,#12995,.T.);
#12993 = VERTEX_POINT('',#12994);
#12994 = CARTESIAN_POINT('',(185.365,-94.2488,1.51));
#12995 = CIRCLE('',#12996,1.524);
#12996 = AXIS2_PLACEMENT_3D('',#12997,#12998,#12999);
#12997 = CARTESIAN_POINT('',(185.365,-92.7248,1.51));
#12998 = DIRECTION('',(-0.,0.,-1.));
#12999 = DIRECTION('',(-0.,-1.,0.));
#13000 = FACE_BOUND('',#13001,.T.);
#13001 = EDGE_LOOP('',(#13002));
#13002 = ORIENTED_EDGE('',*,*,#13003,.T.);
#13003 = EDGE_CURVE('',#13004,#13004,#13006,.T.);
#13004 = VERTEX_POINT('',#13005);
#13005 = CARTESIAN_POINT('',(197.27245,-94.2488,1.51));
#13006 = CIRCLE('',#13007,1.524);
#13007 = AXIS2_PLACEMENT_3D('',#13008,#13009,#13010);
#13008 = CARTESIAN_POINT('',(197.27245,-92.7248,1.51));
#13009 = DIRECTION('',(-0.,0.,-1.));
#13010 = DIRECTION('',(-0.,-1.,0.));
#13011 = FACE_BOUND('',#13012,.T.);
#13012 = EDGE_LOOP('',(#13013));
#13013 = ORIENTED_EDGE('',*,*,#13014,.T.);
#13014 = EDGE_CURVE('',#13015,#13015,#13017,.T.);
#13015 = VERTEX_POINT('',#13016);
#13016 = CARTESIAN_POINT('',(233.7838,-100.341881,1.51));
#13017 = CIRCLE('',#13018,1.505);
#13018 = AXIS2_PLACEMENT_3D('',#13019,#13020,#13021);
#13019 = CARTESIAN_POINT('',(233.7838,-98.836881,1.51));
#13020 = DIRECTION('',(-0.,0.,-1.));
#13021 = DIRECTION('',(1.888485676439E-14,-1.,-0.));
#13022 = FACE_BOUND('',#13023,.T.);
#13023 = EDGE_LOOP('',(#13024));
#13024 = ORIENTED_EDGE('',*,*,#13025,.T.);
#13025 = EDGE_CURVE('',#13026,#13026,#13028,.T.);
#13026 = VERTEX_POINT('',#13027);
#13027 = CARTESIAN_POINT('',(189.81,-86.615,1.51));
#13028 = CIRCLE('',#13029,0.875);
#13029 = AXIS2_PLACEMENT_3D('',#13030,#13031,#13032);
#13030 = CARTESIAN_POINT('',(189.81,-85.74,1.51));
#13031 = DIRECTION('',(-0.,0.,-1.));
#13032 = DIRECTION('',(-0.,-1.,0.));
#13033 = FACE_BOUND('',#13034,.T.);
#13034 = EDGE_LOOP('',(#13035));
#13035 = ORIENTED_EDGE('',*,*,#13036,.T.);
#13036 = EDGE_CURVE('',#13037,#13037,#13039,.T.);
#13037 = VERTEX_POINT('',#13038);
#13038 = CARTESIAN_POINT('',(194.89,-87.7339,1.51));
#13039 = CIRCLE('',#13040,1.9939);
#13040 = AXIS2_PLACEMENT_3D('',#13041,#13042,#13043);
#13041 = CARTESIAN_POINT('',(194.89,-85.74,1.51));
#13042 = DIRECTION('',(-0.,0.,-1.));
#13043 = DIRECTION('',(-0.,-1.,0.));
#13044 = FACE_BOUND('',#13045,.T.);
#13045 = EDGE_LOOP('',(#13046,#13057,#13066,#13075));
#13046 = ORIENTED_EDGE('',*,*,#13047,.T.);
#13047 = EDGE_CURVE('',#13048,#13050,#13052,.T.);
#13048 = VERTEX_POINT('',#13049);
#13049 = CARTESIAN_POINT('',(200.843125,-85.79725150107,1.51));
#13050 = VERTEX_POINT('',#13051);
#13051 = CARTESIAN_POINT('',(199.97,-86.615,1.51));
#13052 = CIRCLE('',#13053,0.875);
#13053 = AXIS2_PLACEMENT_3D('',#13054,#13055,#13056);
#13054 = CARTESIAN_POINT('',(199.97,-85.74,1.51));
#13055 = DIRECTION('',(-0.,0.,-1.));
#13056 = DIRECTION('',(-0.,-1.,0.));
#13057 = ORIENTED_EDGE('',*,*,#13058,.T.);
#13058 = EDGE_CURVE('',#13050,#13059,#13061,.T.);
#13059 = VERTEX_POINT('',#13060);
#13060 = CARTESIAN_POINT('',(200.843125,-85.68274849892,1.51));
#13061 = CIRCLE('',#13062,0.875);
#13062 = AXIS2_PLACEMENT_3D('',#13063,#13064,#13065);
#13063 = CARTESIAN_POINT('',(199.97,-85.74,1.51));
#13064 = DIRECTION('',(-0.,0.,-1.));
#13065 = DIRECTION('',(-0.,-1.,0.));
#13066 = ORIENTED_EDGE('',*,*,#13067,.T.);
#13067 = EDGE_CURVE('',#13059,#13068,#13070,.T.);
#13068 = VERTEX_POINT('',#13069);
#13069 = CARTESIAN_POINT('',(201.71625,-86.615,1.51));
#13070 = CIRCLE('',#13071,0.875);
#13071 = AXIS2_PLACEMENT_3D('',#13072,#13073,#13074);
#13072 = CARTESIAN_POINT('',(201.71625,-85.74,1.51));
#13073 = DIRECTION('',(-0.,0.,-1.));
#13074 = DIRECTION('',(-0.,-1.,0.));
#13075 = ORIENTED_EDGE('',*,*,#13076,.T.);
#13076 = EDGE_CURVE('',#13068,#13048,#13077,.T.);
#13077 = CIRCLE('',#13078,0.875);
#13078 = AXIS2_PLACEMENT_3D('',#13079,#13080,#13081);
#13079 = CARTESIAN_POINT('',(201.71625,-85.74,1.51));
#13080 = DIRECTION('',(-0.,0.,-1.));
#13081 = DIRECTION('',(-0.,-1.,0.));
#13082 = FACE_BOUND('',#13083,.T.);
#13083 = EDGE_LOOP('',(#13084,#13095,#13104,#13113));
#13084 = ORIENTED_EDGE('',*,*,#13085,.T.);
#13085 = EDGE_CURVE('',#13086,#13088,#13090,.T.);
#13086 = VERTEX_POINT('',#13087);
#13087 = CARTESIAN_POINT('',(208.6058384367,-86.5772734916,1.51));
#13088 = VERTEX_POINT('',#13089);
#13089 = CARTESIAN_POINT('',(206.79625,-87.7339,1.51));
#13090 = CIRCLE('',#13091,1.9939);
#13091 = AXIS2_PLACEMENT_3D('',#13092,#13093,#13094);
#13092 = CARTESIAN_POINT('',(206.79625,-85.74,1.51));
#13093 = DIRECTION('',(-0.,0.,-1.));
#13094 = DIRECTION('',(-0.,-1.,0.));
#13095 = ORIENTED_EDGE('',*,*,#13096,.T.);
#13096 = EDGE_CURVE('',#13088,#13097,#13099,.T.);
#13097 = VERTEX_POINT('',#13098);
#13098 = CARTESIAN_POINT('',(208.6058384367,-84.90272650839,1.51));
#13099 = CIRCLE('',#13100,1.9939);
#13100 = AXIS2_PLACEMENT_3D('',#13101,#13102,#13103);
#13101 = CARTESIAN_POINT('',(206.79625,-85.74,1.51));
#13102 = DIRECTION('',(-0.,0.,-1.));
#13103 = DIRECTION('',(-0.,-1.,0.));
#13104 = ORIENTED_EDGE('',*,*,#13105,.T.);
#13105 = EDGE_CURVE('',#13097,#13106,#13108,.T.);
#13106 = VERTEX_POINT('',#13107);
#13107 = CARTESIAN_POINT('',(208.86,-86.615,1.51));
#13108 = CIRCLE('',#13109,0.875);
#13109 = AXIS2_PLACEMENT_3D('',#13110,#13111,#13112);
#13110 = CARTESIAN_POINT('',(208.86,-85.74,1.51));
#13111 = DIRECTION('',(-0.,0.,-1.));
#13112 = DIRECTION('',(-0.,-1.,0.));
#13113 = ORIENTED_EDGE('',*,*,#13114,.T.);
#13114 = EDGE_CURVE('',#13106,#13086,#13115,.T.);
#13115 = CIRCLE('',#13116,0.875);
#13116 = AXIS2_PLACEMENT_3D('',#13117,#13118,#13119);
#13117 = CARTESIAN_POINT('',(208.86,-85.74,1.51));
#13118 = DIRECTION('',(-0.,0.,-1.));
#13119 = DIRECTION('',(-0.,-1.,0.));
#13120 = FACE_BOUND('',#13121,.T.);
#13121 = EDGE_LOOP('',(#13122));
#13122 = ORIENTED_EDGE('',*,*,#13123,.T.);
#13123 = EDGE_CURVE('',#13124,#13124,#13126,.T.);
#13124 = VERTEX_POINT('',#13125);
#13125 = CARTESIAN_POINT('',(191.08,-83.935,1.51));
#13126 = CIRCLE('',#13127,0.735);
#13127 = AXIS2_PLACEMENT_3D('',#13128,#13129,#13130);
#13128 = CARTESIAN_POINT('',(191.08,-83.2,1.51));
#13129 = DIRECTION('',(-0.,0.,-1.));
#13130 = DIRECTION('',(3.866899242232E-14,-1.,-0.));
#13131 = FACE_BOUND('',#13132,.T.);
#13132 = EDGE_LOOP('',(#13133));
#13133 = ORIENTED_EDGE('',*,*,#13134,.T.);
#13134 = EDGE_CURVE('',#13135,#13135,#13137,.T.);
#13135 = VERTEX_POINT('',#13136);
#13136 = CARTESIAN_POINT('',(202.98625,-83.935,1.51));
#13137 = CIRCLE('',#13138,0.735);
#13138 = AXIS2_PLACEMENT_3D('',#13139,#13140,#13141);
#13139 = CARTESIAN_POINT('',(202.98625,-83.2,1.51));
#13140 = DIRECTION('',(-0.,0.,-1.));
#13141 = DIRECTION('',(3.866899242232E-14,-1.,-0.));
#13142 = FACE_BOUND('',#13143,.T.);
#13143 = EDGE_LOOP('',(#13144));
#13144 = ORIENTED_EDGE('',*,*,#13145,.T.);
#13145 = EDGE_CURVE('',#13146,#13146,#13148,.T.);
#13146 = VERTEX_POINT('',#13147);
#13147 = CARTESIAN_POINT('',(210.13,-83.935,1.51));
#13148 = CIRCLE('',#13149,0.735);
#13149 = AXIS2_PLACEMENT_3D('',#13150,#13151,#13152);
#13150 = CARTESIAN_POINT('',(210.13,-83.2,1.51));
#13151 = DIRECTION('',(-0.,0.,-1.));
#13152 = DIRECTION('',(-0.,-1.,0.));
#13153 = FACE_BOUND('',#13154,.T.);
#13154 = EDGE_LOOP('',(#13155));
#13155 = ORIENTED_EDGE('',*,*,#13156,.T.);
#13156 = EDGE_CURVE('',#13157,#13157,#13159,.T.);
#13157 = VERTEX_POINT('',#13158);
#13158 = CARTESIAN_POINT('',(197.43,-81.395,1.51));
#13159 = CIRCLE('',#13160,0.735);
#13160 = AXIS2_PLACEMENT_3D('',#13161,#13162,#13163);
#13161 = CARTESIAN_POINT('',(197.43,-80.66,1.51));
#13162 = DIRECTION('',(-0.,0.,-1.));
#13163 = DIRECTION('',(-0.,-1.,0.));
#13164 = FACE_BOUND('',#13165,.T.);
#13165 = EDGE_LOOP('',(#13166));
#13166 = ORIENTED_EDGE('',*,*,#13167,.T.);
#13167 = EDGE_CURVE('',#13168,#13168,#13170,.T.);
#13168 = VERTEX_POINT('',#13169);
#13169 = CARTESIAN_POINT('',(209.33625,-81.395,1.51));
#13170 = CIRCLE('',#13171,0.735);
#13171 = AXIS2_PLACEMENT_3D('',#13172,#13173,#13174);
#13172 = CARTESIAN_POINT('',(209.33625,-80.66,1.51));
#13173 = DIRECTION('',(-0.,0.,-1.));
#13174 = DIRECTION('',(-0.,-1.,0.));
#13175 = FACE_BOUND('',#13176,.T.);
#13176 = EDGE_LOOP('',(#13177,#13188,#13197,#13206));
#13177 = ORIENTED_EDGE('',*,*,#13178,.T.);
#13178 = EDGE_CURVE('',#13179,#13181,#13183,.T.);
#13179 = VERTEX_POINT('',#13180);
#13180 = CARTESIAN_POINT('',(212.13041156329,-86.5772734916,1.51));
#13181 = VERTEX_POINT('',#13182);
#13182 = CARTESIAN_POINT('',(211.87625,-86.615,1.51));
#13183 = CIRCLE('',#13184,0.875);
#13184 = AXIS2_PLACEMENT_3D('',#13185,#13186,#13187);
#13185 = CARTESIAN_POINT('',(211.87625,-85.74,1.51));
#13186 = DIRECTION('',(-0.,0.,-1.));
#13187 = DIRECTION('',(-0.,-1.,0.));
#13188 = ORIENTED_EDGE('',*,*,#13189,.T.);
#13189 = EDGE_CURVE('',#13181,#13190,#13192,.T.);
#13190 = VERTEX_POINT('',#13191);
#13191 = CARTESIAN_POINT('',(212.13041156329,-84.90272650839,1.51));
#13192 = CIRCLE('',#13193,0.875);
#13193 = AXIS2_PLACEMENT_3D('',#13194,#13195,#13196);
#13194 = CARTESIAN_POINT('',(211.87625,-85.74,1.51));
#13195 = DIRECTION('',(-0.,0.,-1.));
#13196 = DIRECTION('',(-0.,-1.,0.));
#13197 = ORIENTED_EDGE('',*,*,#13198,.T.);
#13198 = EDGE_CURVE('',#13190,#13199,#13201,.T.);
#13199 = VERTEX_POINT('',#13200);
#13200 = CARTESIAN_POINT('',(213.94,-87.7339,1.51));
#13201 = CIRCLE('',#13202,1.9939);
#13202 = AXIS2_PLACEMENT_3D('',#13203,#13204,#13205);
#13203 = CARTESIAN_POINT('',(213.94,-85.74,1.51));
#13204 = DIRECTION('',(-0.,0.,-1.));
#13205 = DIRECTION('',(-0.,-1.,0.));
#13206 = ORIENTED_EDGE('',*,*,#13207,.T.);
#13207 = EDGE_CURVE('',#13199,#13179,#13208,.T.);
#13208 = CIRCLE('',#13209,1.9939);
#13209 = AXIS2_PLACEMENT_3D('',#13210,#13211,#13212);
#13210 = CARTESIAN_POINT('',(213.94,-85.74,1.51));
#13211 = DIRECTION('',(-0.,0.,-1.));
#13212 = DIRECTION('',(-0.,-1.,0.));
#13213 = FACE_BOUND('',#13214,.T.);
#13214 = EDGE_LOOP('',(#13215));
#13215 = ORIENTED_EDGE('',*,*,#13216,.T.);
#13216 = EDGE_CURVE('',#13217,#13217,#13219,.T.);
#13217 = VERTEX_POINT('',#13218);
#13218 = CARTESIAN_POINT('',(219.02,-86.615,1.51));
#13219 = CIRCLE('',#13220,0.875);
#13220 = AXIS2_PLACEMENT_3D('',#13221,#13222,#13223);
#13221 = CARTESIAN_POINT('',(219.02,-85.74,1.51));
#13222 = DIRECTION('',(-0.,0.,-1.));
#13223 = DIRECTION('',(-0.,-1.,0.));
#13224 = FACE_BOUND('',#13225,.T.);
#13225 = EDGE_LOOP('',(#13226));
#13226 = ORIENTED_EDGE('',*,*,#13227,.T.);
#13227 = EDGE_CURVE('',#13228,#13228,#13230,.T.);
#13228 = VERTEX_POINT('',#13229);
#13229 = CARTESIAN_POINT('',(225.52875,-86.615,1.51));
#13230 = CIRCLE('',#13231,0.875);
#13231 = AXIS2_PLACEMENT_3D('',#13232,#13233,#13234);
#13232 = CARTESIAN_POINT('',(225.52875,-85.74,1.51));
#13233 = DIRECTION('',(-0.,0.,-1.));
#13234 = DIRECTION('',(-0.,-1.,0.));
#13235 = FACE_BOUND('',#13236,.T.);
#13236 = EDGE_LOOP('',(#13237,#13248,#13257,#13266,#13275,#13284,#13293,
    #13302,#13311,#13320));
#13237 = ORIENTED_EDGE('',*,*,#13238,.T.);
#13238 = EDGE_CURVE('',#13239,#13241,#13243,.T.);
#13239 = VERTEX_POINT('',#13240);
#13240 = CARTESIAN_POINT('',(228.66465296016,-86.18285879206,1.51));
#13241 = VERTEX_POINT('',#13242);
#13242 = CARTESIAN_POINT('',(227.91,-86.615,1.51));
#13243 = CIRCLE('',#13244,0.875);
#13244 = AXIS2_PLACEMENT_3D('',#13245,#13246,#13247);
#13245 = CARTESIAN_POINT('',(227.91,-85.74,1.51));
#13246 = DIRECTION('',(-0.,0.,-1.));
#13247 = DIRECTION('',(-0.,-1.,0.));
#13248 = ORIENTED_EDGE('',*,*,#13249,.T.);
#13249 = EDGE_CURVE('',#13241,#13250,#13252,.T.);
#13250 = VERTEX_POINT('',#13251);
#13251 = CARTESIAN_POINT('',(228.66465296016,-85.29714120793,1.51));
#13252 = CIRCLE('',#13253,0.875);
#13253 = AXIS2_PLACEMENT_3D('',#13254,#13255,#13256);
#13254 = CARTESIAN_POINT('',(227.91,-85.74,1.51));
#13255 = DIRECTION('',(-0.,0.,-1.));
#13256 = DIRECTION('',(-0.,-1.,0.));
#13257 = ORIENTED_EDGE('',*,*,#13258,.T.);
#13258 = EDGE_CURVE('',#13250,#13259,#13261,.T.);
#13259 = VERTEX_POINT('',#13260);
#13260 = CARTESIAN_POINT('',(231.799375,-84.14060970386,1.51));
#13261 = CIRCLE('',#13262,1.9939);
#13262 = AXIS2_PLACEMENT_3D('',#13263,#13264,#13265);
#13263 = CARTESIAN_POINT('',(230.60875,-85.74,1.51));
#13264 = DIRECTION('',(-0.,0.,-1.));
#13265 = DIRECTION('',(-0.,-1.,0.));
#13266 = ORIENTED_EDGE('',*,*,#13267,.T.);
#13267 = EDGE_CURVE('',#13259,#13268,#13270,.T.);
#13268 = VERTEX_POINT('',#13269);
#13269 = CARTESIAN_POINT('',(234.93409703983,-85.29714120793,1.51));
#13270 = CIRCLE('',#13271,1.9939);
#13271 = AXIS2_PLACEMENT_3D('',#13272,#13273,#13274);
#13272 = CARTESIAN_POINT('',(232.99,-85.74,1.51));
#13273 = DIRECTION('',(-0.,0.,-1.));
#13274 = DIRECTION('',(-0.,-1.,0.));
#13275 = ORIENTED_EDGE('',*,*,#13276,.T.);
#13276 = EDGE_CURVE('',#13268,#13277,#13279,.T.);
#13277 = VERTEX_POINT('',#13278);
#13278 = CARTESIAN_POINT('',(235.68875,-86.615,1.51));
#13279 = CIRCLE('',#13280,0.875);
#13280 = AXIS2_PLACEMENT_3D('',#13281,#13282,#13283);
#13281 = CARTESIAN_POINT('',(235.68875,-85.74,1.51));
#13282 = DIRECTION('',(-0.,0.,-1.));
#13283 = DIRECTION('',(-0.,-1.,0.));
#13284 = ORIENTED_EDGE('',*,*,#13285,.T.);
#13285 = EDGE_CURVE('',#13277,#13286,#13288,.T.);
#13286 = VERTEX_POINT('',#13287);
#13287 = CARTESIAN_POINT('',(234.93409703983,-86.18285879206,1.51));
#13288 = CIRCLE('',#13289,0.875);
#13289 = AXIS2_PLACEMENT_3D('',#13290,#13291,#13292);
#13290 = CARTESIAN_POINT('',(235.68875,-85.74,1.51));
#13291 = DIRECTION('',(-0.,0.,-1.));
#13292 = DIRECTION('',(-0.,-1.,0.));
#13293 = ORIENTED_EDGE('',*,*,#13294,.T.);
#13294 = EDGE_CURVE('',#13286,#13295,#13297,.T.);
#13295 = VERTEX_POINT('',#13296);
#13296 = CARTESIAN_POINT('',(232.99,-87.7339,1.51));
#13297 = CIRCLE('',#13298,1.9939);
#13298 = AXIS2_PLACEMENT_3D('',#13299,#13300,#13301);
#13299 = CARTESIAN_POINT('',(232.99,-85.74,1.51));
#13300 = DIRECTION('',(-0.,0.,-1.));
#13301 = DIRECTION('',(-0.,-1.,0.));
#13302 = ORIENTED_EDGE('',*,*,#13303,.T.);
#13303 = EDGE_CURVE('',#13295,#13304,#13306,.T.);
#13304 = VERTEX_POINT('',#13305);
#13305 = CARTESIAN_POINT('',(231.799375,-87.33939029613,1.51));
#13306 = CIRCLE('',#13307,1.9939);
#13307 = AXIS2_PLACEMENT_3D('',#13308,#13309,#13310);
#13308 = CARTESIAN_POINT('',(232.99,-85.74,1.51));
#13309 = DIRECTION('',(-0.,0.,-1.));
#13310 = DIRECTION('',(-0.,-1.,0.));
#13311 = ORIENTED_EDGE('',*,*,#13312,.T.);
#13312 = EDGE_CURVE('',#13304,#13313,#13315,.T.);
#13313 = VERTEX_POINT('',#13314);
#13314 = CARTESIAN_POINT('',(230.60875,-87.7339,1.51));
#13315 = CIRCLE('',#13316,1.9939);
#13316 = AXIS2_PLACEMENT_3D('',#13317,#13318,#13319);
#13317 = CARTESIAN_POINT('',(230.60875,-85.74,1.51));
#13318 = DIRECTION('',(-0.,0.,-1.));
#13319 = DIRECTION('',(-0.,-1.,0.));
#13320 = ORIENTED_EDGE('',*,*,#13321,.T.);
#13321 = EDGE_CURVE('',#13313,#13239,#13322,.T.);
#13322 = CIRCLE('',#13323,1.9939);
#13323 = AXIS2_PLACEMENT_3D('',#13324,#13325,#13326);
#13324 = CARTESIAN_POINT('',(230.60875,-85.74,1.51));
#13325 = DIRECTION('',(-0.,0.,-1.));
#13326 = DIRECTION('',(-0.,-1.,0.));
#13327 = FACE_BOUND('',#13328,.T.);
#13328 = EDGE_LOOP('',(#13329));
#13329 = ORIENTED_EDGE('',*,*,#13330,.T.);
#13330 = EDGE_CURVE('',#13331,#13331,#13333,.T.);
#13331 = VERTEX_POINT('',#13332);
#13332 = CARTESIAN_POINT('',(238.07,-86.615,1.51));
#13333 = CIRCLE('',#13334,0.875);
#13334 = AXIS2_PLACEMENT_3D('',#13335,#13336,#13337);
#13335 = CARTESIAN_POINT('',(238.07,-85.74,1.51));
#13336 = DIRECTION('',(-0.,0.,-1.));
#13337 = DIRECTION('',(-0.,-1.,0.));
#13338 = FACE_BOUND('',#13339,.T.);
#13339 = EDGE_LOOP('',(#13340));
#13340 = ORIENTED_EDGE('',*,*,#13341,.T.);
#13341 = EDGE_CURVE('',#13342,#13342,#13344,.T.);
#13342 = VERTEX_POINT('',#13343);
#13343 = CARTESIAN_POINT('',(216.48,-81.395,1.51));
#13344 = CIRCLE('',#13345,0.735);
#13345 = AXIS2_PLACEMENT_3D('',#13346,#13347,#13348);
#13346 = CARTESIAN_POINT('',(216.48,-80.66,1.51));
#13347 = DIRECTION('',(-0.,0.,-1.));
#13348 = DIRECTION('',(-3.866899242232E-14,-1.,0.));
#13349 = FACE_BOUND('',#13350,.T.);
#13350 = EDGE_LOOP('',(#13351));
#13351 = ORIENTED_EDGE('',*,*,#13352,.T.);
#13352 = EDGE_CURVE('',#13353,#13353,#13355,.T.);
#13353 = VERTEX_POINT('',#13354);
#13354 = CARTESIAN_POINT('',(226.79875,-83.935,1.51));
#13355 = CIRCLE('',#13356,0.735);
#13356 = AXIS2_PLACEMENT_3D('',#13357,#13358,#13359);
#13357 = CARTESIAN_POINT('',(226.79875,-83.2,1.51));
#13358 = DIRECTION('',(-0.,0.,-1.));
#13359 = DIRECTION('',(3.866899242232E-14,-1.,-0.));
#13360 = FACE_BOUND('',#13361,.T.);
#13361 = EDGE_LOOP('',(#13362));
#13362 = ORIENTED_EDGE('',*,*,#13363,.T.);
#13363 = EDGE_CURVE('',#13364,#13364,#13366,.T.);
#13364 = VERTEX_POINT('',#13365);
#13365 = CARTESIAN_POINT('',(229.18,-83.935,1.51));
#13366 = CIRCLE('',#13367,0.735);
#13367 = AXIS2_PLACEMENT_3D('',#13368,#13369,#13370);
#13368 = CARTESIAN_POINT('',(229.18,-83.2,1.51));
#13369 = DIRECTION('',(-0.,0.,-1.));
#13370 = DIRECTION('',(-0.,-1.,0.));
#13371 = FACE_BOUND('',#13372,.T.);
#13372 = EDGE_LOOP('',(#13373));
#13373 = ORIENTED_EDGE('',*,*,#13374,.T.);
#13374 = EDGE_CURVE('',#13375,#13375,#13377,.T.);
#13375 = VERTEX_POINT('',#13376);
#13376 = CARTESIAN_POINT('',(233.14875,-81.395,1.51));
#13377 = CIRCLE('',#13378,0.735);
#13378 = AXIS2_PLACEMENT_3D('',#13379,#13380,#13381);
#13379 = CARTESIAN_POINT('',(233.14875,-80.66,1.51));
#13380 = DIRECTION('',(-0.,0.,-1.));
#13381 = DIRECTION('',(-0.,-1.,0.));
#13382 = FACE_BOUND('',#13383,.T.);
#13383 = EDGE_LOOP('',(#13384));
#13384 = ORIENTED_EDGE('',*,*,#13385,.T.);
#13385 = EDGE_CURVE('',#13386,#13386,#13388,.T.);
#13386 = VERTEX_POINT('',#13387);
#13387 = CARTESIAN_POINT('',(235.53,-81.395,1.51));
#13388 = CIRCLE('',#13389,0.735);
#13389 = AXIS2_PLACEMENT_3D('',#13390,#13391,#13392);
#13390 = CARTESIAN_POINT('',(235.53,-80.66,1.51));
#13391 = DIRECTION('',(-0.,0.,-1.));
#13392 = DIRECTION('',(3.866899242232E-14,-1.,-0.));
#13393 = FACE_BOUND('',#13394,.T.);
#13394 = EDGE_LOOP('',(#13395));
#13395 = ORIENTED_EDGE('',*,*,#13396,.T.);
#13396 = EDGE_CURVE('',#13397,#13397,#13399,.T.);
#13397 = VERTEX_POINT('',#13398);
#13398 = CARTESIAN_POINT('',(137.74,-79.4789,1.51));
#13399 = CIRCLE('',#13400,1.9939);
#13400 = AXIS2_PLACEMENT_3D('',#13401,#13402,#13403);
#13401 = CARTESIAN_POINT('',(137.74,-77.485,1.51));
#13402 = DIRECTION('',(-0.,0.,-1.));
#13403 = DIRECTION('',(-0.,-1.,0.));
#13404 = FACE_BOUND('',#13405,.T.);
#13405 = EDGE_LOOP('',(#13406));
#13406 = ORIENTED_EDGE('',*,*,#13407,.T.);
#13407 = EDGE_CURVE('',#13408,#13408,#13410,.T.);
#13408 = VERTEX_POINT('',#13409);
#13409 = CARTESIAN_POINT('',(175.84,-79.4789,1.51));
#13410 = CIRCLE('',#13411,1.9939);
#13411 = AXIS2_PLACEMENT_3D('',#13412,#13413,#13414);
#13412 = CARTESIAN_POINT('',(175.84,-77.485,1.51));
#13413 = DIRECTION('',(-0.,0.,-1.));
#13414 = DIRECTION('',(-0.,-1.,0.));
#13415 = FACE_BOUND('',#13416,.T.);
#13416 = EDGE_LOOP('',(#13417));
#13417 = ORIENTED_EDGE('',*,*,#13418,.T.);
#13418 = EDGE_CURVE('',#13419,#13419,#13421,.T.);
#13419 = VERTEX_POINT('',#13420);
#13420 = CARTESIAN_POINT('',(128.215,-68.6839,1.51));
#13421 = CIRCLE('',#13422,1.9939);
#13422 = AXIS2_PLACEMENT_3D('',#13423,#13424,#13425);
#13423 = CARTESIAN_POINT('',(128.215,-66.69,1.51));
#13424 = DIRECTION('',(-0.,0.,-1.));
#13425 = DIRECTION('',(-0.,-1.,0.));
#13426 = FACE_BOUND('',#13427,.T.);
#13427 = EDGE_LOOP('',(#13428));
#13428 = ORIENTED_EDGE('',*,*,#13429,.T.);
#13429 = EDGE_CURVE('',#13430,#13430,#13432,.T.);
#13430 = VERTEX_POINT('',#13431);
#13431 = CARTESIAN_POINT('',(133.295,-67.565,1.51));
#13432 = CIRCLE('',#13433,0.875);
#13433 = AXIS2_PLACEMENT_3D('',#13434,#13435,#13436);
#13434 = CARTESIAN_POINT('',(133.295,-66.69,1.51));
#13435 = DIRECTION('',(-0.,0.,-1.));
#13436 = DIRECTION('',(-0.,-1.,0.));
#13437 = FACE_BOUND('',#13438,.T.);
#13438 = EDGE_LOOP('',(#13439));
#13439 = ORIENTED_EDGE('',*,*,#13440,.T.);
#13440 = EDGE_CURVE('',#13441,#13441,#13443,.T.);
#13441 = VERTEX_POINT('',#13442);
#13442 = CARTESIAN_POINT('',(142.185,-67.565,1.51));
#13443 = CIRCLE('',#13444,0.875);
#13444 = AXIS2_PLACEMENT_3D('',#13445,#13446,#13447);
#13445 = CARTESIAN_POINT('',(142.185,-66.69,1.51));
#13446 = DIRECTION('',(-0.,0.,-1.));
#13447 = DIRECTION('',(-0.,-1.,0.));
#13448 = FACE_BOUND('',#13449,.T.);
#13449 = EDGE_LOOP('',(#13450));
#13450 = ORIENTED_EDGE('',*,*,#13451,.T.);
#13451 = EDGE_CURVE('',#13452,#13452,#13454,.T.);
#13452 = VERTEX_POINT('',#13453);
#13453 = CARTESIAN_POINT('',(147.265,-68.6839,1.51));
#13454 = CIRCLE('',#13455,1.9939);
#13455 = AXIS2_PLACEMENT_3D('',#13456,#13457,#13458);
#13456 = CARTESIAN_POINT('',(147.265,-66.69,1.51));
#13457 = DIRECTION('',(-0.,0.,-1.));
#13458 = DIRECTION('',(-0.,-1.,0.));
#13459 = FACE_BOUND('',#13460,.T.);
#13460 = EDGE_LOOP('',(#13461));
#13461 = ORIENTED_EDGE('',*,*,#13462,.T.);
#13462 = EDGE_CURVE('',#13463,#13463,#13465,.T.);
#13463 = VERTEX_POINT('',#13464);
#13464 = CARTESIAN_POINT('',(152.345,-67.565,1.51));
#13465 = CIRCLE('',#13466,0.875);
#13466 = AXIS2_PLACEMENT_3D('',#13467,#13468,#13469);
#13467 = CARTESIAN_POINT('',(152.345,-66.69,1.51));
#13468 = DIRECTION('',(-0.,0.,-1.));
#13469 = DIRECTION('',(-0.,-1.,0.));
#13470 = FACE_BOUND('',#13471,.T.);
#13471 = EDGE_LOOP('',(#13472));
#13472 = ORIENTED_EDGE('',*,*,#13473,.T.);
#13473 = EDGE_CURVE('',#13474,#13474,#13476,.T.);
#13474 = VERTEX_POINT('',#13475);
#13475 = CARTESIAN_POINT('',(143.455,-64.885,1.51));
#13476 = CIRCLE('',#13477,0.735);
#13477 = AXIS2_PLACEMENT_3D('',#13478,#13479,#13480);
#13478 = CARTESIAN_POINT('',(143.455,-64.15,1.51));
#13479 = DIRECTION('',(-0.,0.,-1.));
#13480 = DIRECTION('',(3.866899242232E-14,-1.,-0.));
#13481 = FACE_BOUND('',#13482,.T.);
#13482 = EDGE_LOOP('',(#13483));
#13483 = ORIENTED_EDGE('',*,*,#13484,.T.);
#13484 = EDGE_CURVE('',#13485,#13485,#13487,.T.);
#13485 = VERTEX_POINT('',#13486);
#13486 = CARTESIAN_POINT('',(130.755,-62.345,1.51));
#13487 = CIRCLE('',#13488,0.735);
#13488 = AXIS2_PLACEMENT_3D('',#13489,#13490,#13491);
#13489 = CARTESIAN_POINT('',(130.755,-61.61,1.51));
#13490 = DIRECTION('',(-0.,0.,-1.));
#13491 = DIRECTION('',(-0.,-1.,0.));
#13492 = FACE_BOUND('',#13493,.T.);
#13493 = EDGE_LOOP('',(#13494));
#13494 = ORIENTED_EDGE('',*,*,#13495,.T.);
#13495 = EDGE_CURVE('',#13496,#13496,#13498,.T.);
#13496 = VERTEX_POINT('',#13497);
#13497 = CARTESIAN_POINT('',(149.805,-62.345,1.51));
#13498 = CIRCLE('',#13499,0.735);
#13499 = AXIS2_PLACEMENT_3D('',#13500,#13501,#13502);
#13500 = CARTESIAN_POINT('',(149.805,-61.61,1.51));
#13501 = DIRECTION('',(-0.,0.,-1.));
#13502 = DIRECTION('',(-0.,-1.,0.));
#13503 = FACE_BOUND('',#13504,.T.);
#13504 = EDGE_LOOP('',(#13505));
#13505 = ORIENTED_EDGE('',*,*,#13506,.T.);
#13506 = EDGE_CURVE('',#13507,#13507,#13509,.T.);
#13507 = VERTEX_POINT('',#13508);
#13508 = CARTESIAN_POINT('',(161.235,-67.565,1.51));
#13509 = CIRCLE('',#13510,0.875);
#13510 = AXIS2_PLACEMENT_3D('',#13511,#13512,#13513);
#13511 = CARTESIAN_POINT('',(161.235,-66.69,1.51));
#13512 = DIRECTION('',(-0.,0.,-1.));
#13513 = DIRECTION('',(-0.,-1.,0.));
#13514 = FACE_BOUND('',#13515,.T.);
#13515 = EDGE_LOOP('',(#13516));
#13516 = ORIENTED_EDGE('',*,*,#13517,.T.);
#13517 = EDGE_CURVE('',#13518,#13518,#13520,.T.);
#13518 = VERTEX_POINT('',#13519);
#13519 = CARTESIAN_POINT('',(166.315,-68.6839,1.51));
#13520 = CIRCLE('',#13521,1.9939);
#13521 = AXIS2_PLACEMENT_3D('',#13522,#13523,#13524);
#13522 = CARTESIAN_POINT('',(166.315,-66.69,1.51));
#13523 = DIRECTION('',(-0.,0.,-1.));
#13524 = DIRECTION('',(-0.,-1.,0.));
#13525 = FACE_BOUND('',#13526,.T.);
#13526 = EDGE_LOOP('',(#13527));
#13527 = ORIENTED_EDGE('',*,*,#13528,.T.);
#13528 = EDGE_CURVE('',#13529,#13529,#13531,.T.);
#13529 = VERTEX_POINT('',#13530);
#13530 = CARTESIAN_POINT('',(162.505,-64.885,1.51));
#13531 = CIRCLE('',#13532,0.735);
#13532 = AXIS2_PLACEMENT_3D('',#13533,#13534,#13535);
#13533 = CARTESIAN_POINT('',(162.505,-64.15,1.51));
#13534 = DIRECTION('',(-0.,0.,-1.));
#13535 = DIRECTION('',(-0.,-1.,0.));
#13536 = FACE_BOUND('',#13537,.T.);
#13537 = EDGE_LOOP('',(#13538));
#13538 = ORIENTED_EDGE('',*,*,#13539,.T.);
#13539 = EDGE_CURVE('',#13540,#13540,#13542,.T.);
#13540 = VERTEX_POINT('',#13541);
#13541 = CARTESIAN_POINT('',(171.395,-67.565,1.51));
#13542 = CIRCLE('',#13543,0.875);
#13543 = AXIS2_PLACEMENT_3D('',#13544,#13545,#13546);
#13544 = CARTESIAN_POINT('',(171.395,-66.69,1.51));
#13545 = DIRECTION('',(-0.,0.,-1.));
#13546 = DIRECTION('',(-0.,-1.,0.));
#13547 = FACE_BOUND('',#13548,.T.);
#13548 = EDGE_LOOP('',(#13549));
#13549 = ORIENTED_EDGE('',*,*,#13550,.T.);
#13550 = EDGE_CURVE('',#13551,#13551,#13553,.T.);
#13551 = VERTEX_POINT('',#13552);
#13552 = CARTESIAN_POINT('',(180.285,-67.565,1.51));
#13553 = CIRCLE('',#13554,0.875);
#13554 = AXIS2_PLACEMENT_3D('',#13555,#13556,#13557);
#13555 = CARTESIAN_POINT('',(180.285,-66.69,1.51));
#13556 = DIRECTION('',(-0.,0.,-1.));
#13557 = DIRECTION('',(-0.,-1.,0.));
#13558 = FACE_BOUND('',#13559,.T.);
#13559 = EDGE_LOOP('',(#13560));
#13560 = ORIENTED_EDGE('',*,*,#13561,.T.);
#13561 = EDGE_CURVE('',#13562,#13562,#13564,.T.);
#13562 = VERTEX_POINT('',#13563);
#13563 = CARTESIAN_POINT('',(181.555,-64.885,1.51));
#13564 = CIRCLE('',#13565,0.735);
#13565 = AXIS2_PLACEMENT_3D('',#13566,#13567,#13568);
#13566 = CARTESIAN_POINT('',(181.555,-64.15,1.51));
#13567 = DIRECTION('',(-0.,0.,-1.));
#13568 = DIRECTION('',(-0.,-1.,0.));
#13569 = FACE_BOUND('',#13570,.T.);
#13570 = EDGE_LOOP('',(#13571));
#13571 = ORIENTED_EDGE('',*,*,#13572,.T.);
#13572 = EDGE_CURVE('',#13573,#13573,#13575,.T.);
#13573 = VERTEX_POINT('',#13574);
#13574 = CARTESIAN_POINT('',(168.855,-62.345,1.51));
#13575 = CIRCLE('',#13576,0.735);
#13576 = AXIS2_PLACEMENT_3D('',#13577,#13578,#13579);
#13577 = CARTESIAN_POINT('',(168.855,-61.61,1.51));
#13578 = DIRECTION('',(-0.,0.,-1.));
#13579 = DIRECTION('',(-3.866899242232E-14,-1.,0.));
#13580 = FACE_BOUND('',#13581,.T.);
#13581 = EDGE_LOOP('',(#13582));
#13582 = ORIENTED_EDGE('',*,*,#13583,.T.);
#13583 = EDGE_CURVE('',#13584,#13584,#13586,.T.);
#13584 = VERTEX_POINT('',#13585);
#13585 = CARTESIAN_POINT('',(185.365,-79.4787,1.51));
#13586 = CIRCLE('',#13587,1.9939);
#13587 = AXIS2_PLACEMENT_3D('',#13588,#13589,#13590);
#13588 = CARTESIAN_POINT('',(185.365,-77.4848,1.51));
#13589 = DIRECTION('',(-0.,0.,-1.));
#13590 = DIRECTION('',(-0.,-1.,0.));
#13591 = FACE_BOUND('',#13592,.T.);
#13592 = EDGE_LOOP('',(#13593));
#13593 = ORIENTED_EDGE('',*,*,#13594,.T.);
#13594 = EDGE_CURVE('',#13595,#13595,#13597,.T.);
#13595 = VERTEX_POINT('',#13596);
#13596 = CARTESIAN_POINT('',(197.27245,-79.4787,1.51));
#13597 = CIRCLE('',#13598,1.9939);
#13598 = AXIS2_PLACEMENT_3D('',#13599,#13600,#13601);
#13599 = CARTESIAN_POINT('',(197.27245,-77.4848,1.51));
#13600 = DIRECTION('',(-0.,0.,-1.));
#13601 = DIRECTION('',(-0.,-1.,0.));
#13602 = FACE_BOUND('',#13603,.T.);
#13603 = EDGE_LOOP('',(#13604));
#13604 = ORIENTED_EDGE('',*,*,#13605,.T.);
#13605 = EDGE_CURVE('',#13606,#13606,#13608,.T.);
#13606 = VERTEX_POINT('',#13607);
#13607 = CARTESIAN_POINT('',(185.365,-68.6839,1.51));
#13608 = CIRCLE('',#13609,1.9939);
#13609 = AXIS2_PLACEMENT_3D('',#13610,#13611,#13612);
#13610 = CARTESIAN_POINT('',(185.365,-66.69,1.51));
#13611 = DIRECTION('',(-0.,0.,-1.));
#13612 = DIRECTION('',(-0.,-1.,0.));
#13613 = FACE_BOUND('',#13614,.T.);
#13614 = EDGE_LOOP('',(#13615));
#13615 = ORIENTED_EDGE('',*,*,#13616,.T.);
#13616 = EDGE_CURVE('',#13617,#13617,#13619,.T.);
#13617 = VERTEX_POINT('',#13618);
#13618 = CARTESIAN_POINT('',(190.445,-67.565,1.51));
#13619 = CIRCLE('',#13620,0.875);
#13620 = AXIS2_PLACEMENT_3D('',#13621,#13622,#13623);
#13621 = CARTESIAN_POINT('',(190.445,-66.69,1.51));
#13622 = DIRECTION('',(-0.,0.,-1.));
#13623 = DIRECTION('',(-0.,-1.,0.));
#13624 = FACE_BOUND('',#13625,.T.);
#13625 = EDGE_LOOP('',(#13626));
#13626 = ORIENTED_EDGE('',*,*,#13627,.T.);
#13627 = EDGE_CURVE('',#13628,#13628,#13630,.T.);
#13628 = VERTEX_POINT('',#13629);
#13629 = CARTESIAN_POINT('',(199.335,-67.565,1.51));
#13630 = CIRCLE('',#13631,0.875);
#13631 = AXIS2_PLACEMENT_3D('',#13632,#13633,#13634);
#13632 = CARTESIAN_POINT('',(199.335,-66.69,1.51));
#13633 = DIRECTION('',(-0.,0.,-1.));
#13634 = DIRECTION('',(-0.,-1.,0.));
#13635 = FACE_BOUND('',#13636,.T.);
#13636 = EDGE_LOOP('',(#13637));
#13637 = ORIENTED_EDGE('',*,*,#13638,.T.);
#13638 = EDGE_CURVE('',#13639,#13639,#13641,.T.);
#13639 = VERTEX_POINT('',#13640);
#13640 = CARTESIAN_POINT('',(204.415,-68.6839,1.51));
#13641 = CIRCLE('',#13642,1.9939);
#13642 = AXIS2_PLACEMENT_3D('',#13643,#13644,#13645);
#13643 = CARTESIAN_POINT('',(204.415,-66.69,1.51));
#13644 = DIRECTION('',(-0.,0.,-1.));
#13645 = DIRECTION('',(-0.,-1.,0.));
#13646 = FACE_BOUND('',#13647,.T.);
#13647 = EDGE_LOOP('',(#13648));
#13648 = ORIENTED_EDGE('',*,*,#13649,.T.);
#13649 = EDGE_CURVE('',#13650,#13650,#13652,.T.);
#13650 = VERTEX_POINT('',#13651);
#13651 = CARTESIAN_POINT('',(209.495,-67.565,1.51));
#13652 = CIRCLE('',#13653,0.875);
#13653 = AXIS2_PLACEMENT_3D('',#13654,#13655,#13656);
#13654 = CARTESIAN_POINT('',(209.495,-66.69,1.51));
#13655 = DIRECTION('',(-0.,0.,-1.));
#13656 = DIRECTION('',(-0.,-1.,0.));
#13657 = FACE_BOUND('',#13658,.T.);
#13658 = EDGE_LOOP('',(#13659));
#13659 = ORIENTED_EDGE('',*,*,#13660,.T.);
#13660 = EDGE_CURVE('',#13661,#13661,#13663,.T.);
#13661 = VERTEX_POINT('',#13662);
#13662 = CARTESIAN_POINT('',(200.605,-64.885,1.51));
#13663 = CIRCLE('',#13664,0.735);
#13664 = AXIS2_PLACEMENT_3D('',#13665,#13666,#13667);
#13665 = CARTESIAN_POINT('',(200.605,-64.15,1.51));
#13666 = DIRECTION('',(-0.,0.,-1.));
#13667 = DIRECTION('',(-3.866899242232E-14,-1.,0.));
#13668 = FACE_BOUND('',#13669,.T.);
#13669 = EDGE_LOOP('',(#13670));
#13670 = ORIENTED_EDGE('',*,*,#13671,.T.);
#13671 = EDGE_CURVE('',#13672,#13672,#13674,.T.);
#13672 = VERTEX_POINT('',#13673);
#13673 = CARTESIAN_POINT('',(187.905,-62.345,1.51));
#13674 = CIRCLE('',#13675,0.735);
#13675 = AXIS2_PLACEMENT_3D('',#13676,#13677,#13678);
#13676 = CARTESIAN_POINT('',(187.905,-61.61,1.51));
#13677 = DIRECTION('',(-0.,0.,-1.));
#13678 = DIRECTION('',(3.866899242232E-14,-1.,-0.));
#13679 = FACE_BOUND('',#13680,.T.);
#13680 = EDGE_LOOP('',(#13681));
#13681 = ORIENTED_EDGE('',*,*,#13682,.T.);
#13682 = EDGE_CURVE('',#13683,#13683,#13685,.T.);
#13683 = VERTEX_POINT('',#13684);
#13684 = CARTESIAN_POINT('',(206.955,-62.345,1.51));
#13685 = CIRCLE('',#13686,0.735);
#13686 = AXIS2_PLACEMENT_3D('',#13687,#13688,#13689);
#13687 = CARTESIAN_POINT('',(206.955,-61.61,1.51));
#13688 = DIRECTION('',(-0.,0.,-1.));
#13689 = DIRECTION('',(3.866899242232E-14,-1.,-0.));
#13690 = FACE_BOUND('',#13691,.T.);
#13691 = EDGE_LOOP('',(#13692));
#13692 = ORIENTED_EDGE('',*,*,#13693,.T.);
#13693 = EDGE_CURVE('',#13694,#13694,#13696,.T.);
#13694 = VERTEX_POINT('',#13695);
#13695 = CARTESIAN_POINT('',(223.1475,-67.565,1.51));
#13696 = CIRCLE('',#13697,0.875);
#13697 = AXIS2_PLACEMENT_3D('',#13698,#13699,#13700);
#13698 = CARTESIAN_POINT('',(223.1475,-66.69,1.51));
#13699 = DIRECTION('',(-0.,0.,-1.));
#13700 = DIRECTION('',(-0.,-1.,0.));
#13701 = FACE_BOUND('',#13702,.T.);
#13702 = EDGE_LOOP('',(#13703));
#13703 = ORIENTED_EDGE('',*,*,#13704,.T.);
#13704 = EDGE_CURVE('',#13705,#13705,#13707,.T.);
#13705 = VERTEX_POINT('',#13706);
#13706 = CARTESIAN_POINT('',(224.4175,-64.885,1.51));
#13707 = CIRCLE('',#13708,0.735);
#13708 = AXIS2_PLACEMENT_3D('',#13709,#13710,#13711);
#13709 = CARTESIAN_POINT('',(224.4175,-64.15,1.51));
#13710 = DIRECTION('',(-0.,0.,-1.));
#13711 = DIRECTION('',(-3.866899242232E-14,-1.,0.));
#13712 = FACE_BOUND('',#13713,.T.);
#13713 = EDGE_LOOP('',(#13714));
#13714 = ORIENTED_EDGE('',*,*,#13715,.T.);
#13715 = EDGE_CURVE('',#13716,#13716,#13718,.T.);
#13716 = VERTEX_POINT('',#13717);
#13717 = CARTESIAN_POINT('',(228.2275,-68.6839,1.51));
#13718 = CIRCLE('',#13719,1.9939);
#13719 = AXIS2_PLACEMENT_3D('',#13720,#13721,#13722);
#13720 = CARTESIAN_POINT('',(228.2275,-66.69,1.51));
#13721 = DIRECTION('',(-0.,0.,-1.));
#13722 = DIRECTION('',(-0.,-1.,0.));
#13723 = FACE_BOUND('',#13724,.T.);
#13724 = EDGE_LOOP('',(#13725));
#13725 = ORIENTED_EDGE('',*,*,#13726,.T.);
#13726 = EDGE_CURVE('',#13727,#13727,#13729,.T.);
#13727 = VERTEX_POINT('',#13728);
#13728 = CARTESIAN_POINT('',(233.3075,-67.565,1.51));
#13729 = CIRCLE('',#13730,0.875);
#13730 = AXIS2_PLACEMENT_3D('',#13731,#13732,#13733);
#13731 = CARTESIAN_POINT('',(233.3075,-66.69,1.51));
#13732 = DIRECTION('',(-0.,0.,-1.));
#13733 = DIRECTION('',(-0.,-1.,0.));
#13734 = FACE_BOUND('',#13735,.T.);
#13735 = EDGE_LOOP('',(#13736));
#13736 = ORIENTED_EDGE('',*,*,#13737,.T.);
#13737 = EDGE_CURVE('',#13738,#13738,#13740,.T.);
#13738 = VERTEX_POINT('',#13739);
#13739 = CARTESIAN_POINT('',(230.7675,-62.345,1.51));
#13740 = CIRCLE('',#13741,0.735);
#13741 = AXIS2_PLACEMENT_3D('',#13742,#13743,#13744);
#13742 = CARTESIAN_POINT('',(230.7675,-61.61,1.51));
#13743 = DIRECTION('',(-0.,0.,-1.));
#13744 = DIRECTION('',(3.866899242232E-14,-1.,-0.));
#13745 = FACE_BOUND('',#13746,.T.);
#13746 = EDGE_LOOP('',(#13747));
#13747 = ORIENTED_EDGE('',*,*,#13748,.T.);
#13748 = EDGE_CURVE('',#13749,#13749,#13751,.T.);
#13749 = VERTEX_POINT('',#13750);
#13750 = CARTESIAN_POINT('',(18.36,-48.515,1.51));
#13751 = CIRCLE('',#13752,0.875);
#13752 = AXIS2_PLACEMENT_3D('',#13753,#13754,#13755);
#13753 = CARTESIAN_POINT('',(18.36,-47.64,1.51));
#13754 = DIRECTION('',(-0.,0.,-1.));
#13755 = DIRECTION('',(-0.,-1.,0.));
#13756 = FACE_BOUND('',#13757,.T.);
#13757 = EDGE_LOOP('',(#13758));
#13758 = ORIENTED_EDGE('',*,*,#13759,.T.);
#13759 = EDGE_CURVE('',#13760,#13760,#13762,.T.);
#13760 = VERTEX_POINT('',#13761);
#13761 = CARTESIAN_POINT('',(23.44,-49.6339,1.51));
#13762 = CIRCLE('',#13763,1.9939);
#13763 = AXIS2_PLACEMENT_3D('',#13764,#13765,#13766);
#13764 = CARTESIAN_POINT('',(23.44,-47.64,1.51));
#13765 = DIRECTION('',(-0.,0.,-1.));
#13766 = DIRECTION('',(-0.,-1.,0.));
#13767 = FACE_BOUND('',#13768,.T.);
#13768 = EDGE_LOOP('',(#13769));
#13769 = ORIENTED_EDGE('',*,*,#13770,.T.);
#13770 = EDGE_CURVE('',#13771,#13771,#13773,.T.);
#13771 = VERTEX_POINT('',#13772);
#13772 = CARTESIAN_POINT('',(28.52,-48.515,1.51));
#13773 = CIRCLE('',#13774,0.875);
#13774 = AXIS2_PLACEMENT_3D('',#13775,#13776,#13777);
#13775 = CARTESIAN_POINT('',(28.52,-47.64,1.51));
#13776 = DIRECTION('',(-0.,0.,-1.));
#13777 = DIRECTION('',(-0.,-1.,0.));
#13778 = FACE_BOUND('',#13779,.T.);
#13779 = EDGE_LOOP('',(#13780));
#13780 = ORIENTED_EDGE('',*,*,#13781,.T.);
#13781 = EDGE_CURVE('',#13782,#13782,#13784,.T.);
#13782 = VERTEX_POINT('',#13783);
#13783 = CARTESIAN_POINT('',(37.41,-48.515,1.51));
#13784 = CIRCLE('',#13785,0.875);
#13785 = AXIS2_PLACEMENT_3D('',#13786,#13787,#13788);
#13786 = CARTESIAN_POINT('',(37.41,-47.64,1.51));
#13787 = DIRECTION('',(-0.,0.,-1.));
#13788 = DIRECTION('',(-0.,-1.,0.));
#13789 = FACE_BOUND('',#13790,.T.);
#13790 = EDGE_LOOP('',(#13791));
#13791 = ORIENTED_EDGE('',*,*,#13792,.T.);
#13792 = EDGE_CURVE('',#13793,#13793,#13795,.T.);
#13793 = VERTEX_POINT('',#13794);
#13794 = CARTESIAN_POINT('',(42.49,-49.6339,1.51));
#13795 = CIRCLE('',#13796,1.9939);
#13796 = AXIS2_PLACEMENT_3D('',#13797,#13798,#13799);
#13797 = CARTESIAN_POINT('',(42.49,-47.64,1.51));
#13798 = DIRECTION('',(-0.,0.,-1.));
#13799 = DIRECTION('',(3.563582605748E-15,-1.,-0.));
#13800 = FACE_BOUND('',#13801,.T.);
#13801 = EDGE_LOOP('',(#13802));
#13802 = ORIENTED_EDGE('',*,*,#13803,.T.);
#13803 = EDGE_CURVE('',#13804,#13804,#13806,.T.);
#13804 = VERTEX_POINT('',#13805);
#13805 = CARTESIAN_POINT('',(47.57,-48.515,1.51));
#13806 = CIRCLE('',#13807,0.875);
#13807 = AXIS2_PLACEMENT_3D('',#13808,#13809,#13810);
#13808 = CARTESIAN_POINT('',(47.57,-47.64,1.51));
#13809 = DIRECTION('',(-0.,0.,-1.));
#13810 = DIRECTION('',(-0.,-1.,0.));
#13811 = FACE_BOUND('',#13812,.T.);
#13812 = EDGE_LOOP('',(#13813));
#13813 = ORIENTED_EDGE('',*,*,#13814,.T.);
#13814 = EDGE_CURVE('',#13815,#13815,#13817,.T.);
#13815 = VERTEX_POINT('',#13816);
#13816 = CARTESIAN_POINT('',(56.46,-48.515,1.51));
#13817 = CIRCLE('',#13818,0.875);
#13818 = AXIS2_PLACEMENT_3D('',#13819,#13820,#13821);
#13819 = CARTESIAN_POINT('',(56.46,-47.64,1.51));
#13820 = DIRECTION('',(-0.,0.,-1.));
#13821 = DIRECTION('',(-0.,-1.,0.));
#13822 = FACE_BOUND('',#13823,.T.);
#13823 = EDGE_LOOP('',(#13824));
#13824 = ORIENTED_EDGE('',*,*,#13825,.T.);
#13825 = EDGE_CURVE('',#13826,#13826,#13828,.T.);
#13826 = VERTEX_POINT('',#13827);
#13827 = CARTESIAN_POINT('',(61.54,-49.6339,1.51));
#13828 = CIRCLE('',#13829,1.9939);
#13829 = AXIS2_PLACEMENT_3D('',#13830,#13831,#13832);
#13830 = CARTESIAN_POINT('',(61.54,-47.64,1.51));
#13831 = DIRECTION('',(-0.,0.,-1.));
#13832 = DIRECTION('',(-3.563582605748E-15,-1.,0.));
#13833 = FACE_BOUND('',#13834,.T.);
#13834 = EDGE_LOOP('',(#13835));
#13835 = ORIENTED_EDGE('',*,*,#13836,.T.);
#13836 = EDGE_CURVE('',#13837,#13837,#13839,.T.);
#13837 = VERTEX_POINT('',#13838);
#13838 = CARTESIAN_POINT('',(66.62,-48.515,1.51));
#13839 = CIRCLE('',#13840,0.875);
#13840 = AXIS2_PLACEMENT_3D('',#13841,#13842,#13843);
#13841 = CARTESIAN_POINT('',(66.62,-47.64,1.51));
#13842 = DIRECTION('',(-0.,0.,-1.));
#13843 = DIRECTION('',(-0.,-1.,0.));
#13844 = FACE_BOUND('',#13845,.T.);
#13845 = EDGE_LOOP('',(#13846));
#13846 = ORIENTED_EDGE('',*,*,#13847,.T.);
#13847 = EDGE_CURVE('',#13848,#13848,#13850,.T.);
#13848 = VERTEX_POINT('',#13849);
#13849 = CARTESIAN_POINT('',(19.63,-45.835,1.51));
#13850 = CIRCLE('',#13851,0.735);
#13851 = AXIS2_PLACEMENT_3D('',#13852,#13853,#13854);
#13852 = CARTESIAN_POINT('',(19.63,-45.1,1.51));
#13853 = DIRECTION('',(-0.,0.,-1.));
#13854 = DIRECTION('',(-0.,-1.,0.));
#13855 = FACE_BOUND('',#13856,.T.);
#13856 = EDGE_LOOP('',(#13857));
#13857 = ORIENTED_EDGE('',*,*,#13858,.T.);
#13858 = EDGE_CURVE('',#13859,#13859,#13861,.T.);
#13859 = VERTEX_POINT('',#13860);
#13860 = CARTESIAN_POINT('',(25.98,-43.295,1.51));
#13861 = CIRCLE('',#13862,0.735);
#13862 = AXIS2_PLACEMENT_3D('',#13863,#13864,#13865);
#13863 = CARTESIAN_POINT('',(25.98,-42.56,1.51));
#13864 = DIRECTION('',(-0.,0.,-1.));
#13865 = DIRECTION('',(-0.,-1.,0.));
#13866 = FACE_BOUND('',#13867,.T.);
#13867 = EDGE_LOOP('',(#13868));
#13868 = ORIENTED_EDGE('',*,*,#13869,.T.);
#13869 = EDGE_CURVE('',#13870,#13870,#13872,.T.);
#13870 = VERTEX_POINT('',#13871);
#13871 = CARTESIAN_POINT('',(38.68,-45.835,1.51));
#13872 = CIRCLE('',#13873,0.735);
#13873 = AXIS2_PLACEMENT_3D('',#13874,#13875,#13876);
#13874 = CARTESIAN_POINT('',(38.68,-45.1,1.51));
#13875 = DIRECTION('',(-0.,0.,-1.));
#13876 = DIRECTION('',(-0.,-1.,0.));
#13877 = FACE_BOUND('',#13878,.T.);
#13878 = EDGE_LOOP('',(#13879));
#13879 = ORIENTED_EDGE('',*,*,#13880,.T.);
#13880 = EDGE_CURVE('',#13881,#13881,#13883,.T.);
#13881 = VERTEX_POINT('',#13882);
#13882 = CARTESIAN_POINT('',(45.03,-43.295,1.51));
#13883 = CIRCLE('',#13884,0.735);
#13884 = AXIS2_PLACEMENT_3D('',#13885,#13886,#13887);
#13885 = CARTESIAN_POINT('',(45.03,-42.56,1.51));
#13886 = DIRECTION('',(-0.,0.,-1.));
#13887 = DIRECTION('',(-0.,-1.,0.));
#13888 = FACE_BOUND('',#13889,.T.);
#13889 = EDGE_LOOP('',(#13890));
#13890 = ORIENTED_EDGE('',*,*,#13891,.T.);
#13891 = EDGE_CURVE('',#13892,#13892,#13894,.T.);
#13892 = VERTEX_POINT('',#13893);
#13893 = CARTESIAN_POINT('',(57.73,-45.835,1.51));
#13894 = CIRCLE('',#13895,0.735);
#13895 = AXIS2_PLACEMENT_3D('',#13896,#13897,#13898);
#13896 = CARTESIAN_POINT('',(57.73,-45.1,1.51));
#13897 = DIRECTION('',(-0.,0.,-1.));
#13898 = DIRECTION('',(-9.66724810558E-15,-1.,0.));
#13899 = FACE_BOUND('',#13900,.T.);
#13900 = EDGE_LOOP('',(#13901));
#13901 = ORIENTED_EDGE('',*,*,#13902,.T.);
#13902 = EDGE_CURVE('',#13903,#13903,#13905,.T.);
#13903 = VERTEX_POINT('',#13904);
#13904 = CARTESIAN_POINT('',(64.08,-43.295,1.51));
#13905 = CIRCLE('',#13906,0.735);
#13906 = AXIS2_PLACEMENT_3D('',#13907,#13908,#13909);
#13907 = CARTESIAN_POINT('',(64.08,-42.56,1.51));
#13908 = DIRECTION('',(-0.,0.,-1.));
#13909 = DIRECTION('',(-0.,-1.,0.));
#13910 = FACE_BOUND('',#13911,.T.);
#13911 = EDGE_LOOP('',(#13912));
#13912 = ORIENTED_EDGE('',*,*,#13913,.T.);
#13913 = EDGE_CURVE('',#13914,#13914,#13916,.T.);
#13914 = VERTEX_POINT('',#13915);
#13915 = CARTESIAN_POINT('',(75.51,-48.515,1.51));
#13916 = CIRCLE('',#13917,0.875);
#13917 = AXIS2_PLACEMENT_3D('',#13918,#13919,#13920);
#13918 = CARTESIAN_POINT('',(75.51,-47.64,1.51));
#13919 = DIRECTION('',(-0.,0.,-1.));
#13920 = DIRECTION('',(-0.,-1.,0.));
#13921 = FACE_BOUND('',#13922,.T.);
#13922 = EDGE_LOOP('',(#13923));
#13923 = ORIENTED_EDGE('',*,*,#13924,.T.);
#13924 = EDGE_CURVE('',#13925,#13925,#13927,.T.);
#13925 = VERTEX_POINT('',#13926);
#13926 = CARTESIAN_POINT('',(80.59,-49.6339,1.51));
#13927 = CIRCLE('',#13928,1.9939);
#13928 = AXIS2_PLACEMENT_3D('',#13929,#13930,#13931);
#13929 = CARTESIAN_POINT('',(80.59,-47.64,1.51));
#13930 = DIRECTION('',(-0.,0.,-1.));
#13931 = DIRECTION('',(-0.,-1.,0.));
#13932 = FACE_BOUND('',#13933,.T.);
#13933 = EDGE_LOOP('',(#13934));
#13934 = ORIENTED_EDGE('',*,*,#13935,.T.);
#13935 = EDGE_CURVE('',#13936,#13936,#13938,.T.);
#13936 = VERTEX_POINT('',#13937);
#13937 = CARTESIAN_POINT('',(85.67,-48.515,1.51));
#13938 = CIRCLE('',#13939,0.875);
#13939 = AXIS2_PLACEMENT_3D('',#13940,#13941,#13942);
#13940 = CARTESIAN_POINT('',(85.67,-47.64,1.51));
#13941 = DIRECTION('',(-0.,0.,-1.));
#13942 = DIRECTION('',(-0.,-1.,0.));
#13943 = FACE_BOUND('',#13944,.T.);
#13944 = EDGE_LOOP('',(#13945));
#13945 = ORIENTED_EDGE('',*,*,#13946,.T.);
#13946 = EDGE_CURVE('',#13947,#13947,#13949,.T.);
#13947 = VERTEX_POINT('',#13948);
#13948 = CARTESIAN_POINT('',(94.56,-48.515,1.51));
#13949 = CIRCLE('',#13950,0.875);
#13950 = AXIS2_PLACEMENT_3D('',#13951,#13952,#13953);
#13951 = CARTESIAN_POINT('',(94.56,-47.64,1.51));
#13952 = DIRECTION('',(-0.,0.,-1.));
#13953 = DIRECTION('',(-0.,-1.,0.));
#13954 = FACE_BOUND('',#13955,.T.);
#13955 = EDGE_LOOP('',(#13956));
#13956 = ORIENTED_EDGE('',*,*,#13957,.T.);
#13957 = EDGE_CURVE('',#13958,#13958,#13960,.T.);
#13958 = VERTEX_POINT('',#13959);
#13959 = CARTESIAN_POINT('',(99.64,-49.6339,1.51));
#13960 = CIRCLE('',#13961,1.9939);
#13961 = AXIS2_PLACEMENT_3D('',#13962,#13963,#13964);
#13962 = CARTESIAN_POINT('',(99.64,-47.64,1.51));
#13963 = DIRECTION('',(-0.,0.,-1.));
#13964 = DIRECTION('',(-0.,-1.,0.));
#13965 = FACE_BOUND('',#13966,.T.);
#13966 = EDGE_LOOP('',(#13967));
#13967 = ORIENTED_EDGE('',*,*,#13968,.T.);
#13968 = EDGE_CURVE('',#13969,#13969,#13971,.T.);
#13969 = VERTEX_POINT('',#13970);
#13970 = CARTESIAN_POINT('',(104.72,-48.515,1.51));
#13971 = CIRCLE('',#13972,0.875);
#13972 = AXIS2_PLACEMENT_3D('',#13973,#13974,#13975);
#13973 = CARTESIAN_POINT('',(104.72,-47.64,1.51));
#13974 = DIRECTION('',(-0.,0.,-1.));
#13975 = DIRECTION('',(-0.,-1.,0.));
#13976 = FACE_BOUND('',#13977,.T.);
#13977 = EDGE_LOOP('',(#13978));
#13978 = ORIENTED_EDGE('',*,*,#13979,.T.);
#13979 = EDGE_CURVE('',#13980,#13980,#13982,.T.);
#13980 = VERTEX_POINT('',#13981);
#13981 = CARTESIAN_POINT('',(113.61,-48.515,1.51));
#13982 = CIRCLE('',#13983,0.875);
#13983 = AXIS2_PLACEMENT_3D('',#13984,#13985,#13986);
#13984 = CARTESIAN_POINT('',(113.61,-47.64,1.51));
#13985 = DIRECTION('',(-0.,0.,-1.));
#13986 = DIRECTION('',(-0.,-1.,0.));
#13987 = FACE_BOUND('',#13988,.T.);
#13988 = EDGE_LOOP('',(#13989));
#13989 = ORIENTED_EDGE('',*,*,#13990,.T.);
#13990 = EDGE_CURVE('',#13991,#13991,#13993,.T.);
#13991 = VERTEX_POINT('',#13992);
#13992 = CARTESIAN_POINT('',(118.69,-49.6339,1.51));
#13993 = CIRCLE('',#13994,1.9939);
#13994 = AXIS2_PLACEMENT_3D('',#13995,#13996,#13997);
#13995 = CARTESIAN_POINT('',(118.69,-47.64,1.51));
#13996 = DIRECTION('',(-0.,0.,-1.));
#13997 = DIRECTION('',(-0.,-1.,0.));
#13998 = FACE_BOUND('',#13999,.T.);
#13999 = EDGE_LOOP('',(#14000));
#14000 = ORIENTED_EDGE('',*,*,#14001,.T.);
#14001 = EDGE_CURVE('',#14002,#14002,#14004,.T.);
#14002 = VERTEX_POINT('',#14003);
#14003 = CARTESIAN_POINT('',(123.77,-48.515,1.51));
#14004 = CIRCLE('',#14005,0.875);
#14005 = AXIS2_PLACEMENT_3D('',#14006,#14007,#14008);
#14006 = CARTESIAN_POINT('',(123.77,-47.64,1.51));
#14007 = DIRECTION('',(-0.,0.,-1.));
#14008 = DIRECTION('',(-0.,-1.,0.));
#14009 = FACE_BOUND('',#14010,.T.);
#14010 = EDGE_LOOP('',(#14011));
#14011 = ORIENTED_EDGE('',*,*,#14012,.T.);
#14012 = EDGE_CURVE('',#14013,#14013,#14015,.T.);
#14013 = VERTEX_POINT('',#14014);
#14014 = CARTESIAN_POINT('',(76.78,-45.835,1.51));
#14015 = CIRCLE('',#14016,0.735);
#14016 = AXIS2_PLACEMENT_3D('',#14017,#14018,#14019);
#14017 = CARTESIAN_POINT('',(76.78,-45.1,1.51));
#14018 = DIRECTION('',(-0.,0.,-1.));
#14019 = DIRECTION('',(-0.,-1.,0.));
#14020 = FACE_BOUND('',#14021,.T.);
#14021 = EDGE_LOOP('',(#14022));
#14022 = ORIENTED_EDGE('',*,*,#14023,.T.);
#14023 = EDGE_CURVE('',#14024,#14024,#14026,.T.);
#14024 = VERTEX_POINT('',#14025);
#14025 = CARTESIAN_POINT('',(83.13,-43.295,1.51));
#14026 = CIRCLE('',#14027,0.735);
#14027 = AXIS2_PLACEMENT_3D('',#14028,#14029,#14030);
#14028 = CARTESIAN_POINT('',(83.13,-42.56,1.51));
#14029 = DIRECTION('',(-0.,0.,-1.));
#14030 = DIRECTION('',(-0.,-1.,0.));
#14031 = FACE_BOUND('',#14032,.T.);
#14032 = EDGE_LOOP('',(#14033));
#14033 = ORIENTED_EDGE('',*,*,#14034,.T.);
#14034 = EDGE_CURVE('',#14035,#14035,#14037,.T.);
#14035 = VERTEX_POINT('',#14036);
#14036 = CARTESIAN_POINT('',(95.83,-45.835,1.51));
#14037 = CIRCLE('',#14038,0.735);
#14038 = AXIS2_PLACEMENT_3D('',#14039,#14040,#14041);
#14039 = CARTESIAN_POINT('',(95.83,-45.1,1.51));
#14040 = DIRECTION('',(-0.,0.,-1.));
#14041 = DIRECTION('',(-0.,-1.,0.));
#14042 = FACE_BOUND('',#14043,.T.);
#14043 = EDGE_LOOP('',(#14044));
#14044 = ORIENTED_EDGE('',*,*,#14045,.T.);
#14045 = EDGE_CURVE('',#14046,#14046,#14048,.T.);
#14046 = VERTEX_POINT('',#14047);
#14047 = CARTESIAN_POINT('',(102.18,-43.295,1.51));
#14048 = CIRCLE('',#14049,0.735);
#14049 = AXIS2_PLACEMENT_3D('',#14050,#14051,#14052);
#14050 = CARTESIAN_POINT('',(102.18,-42.56,1.51));
#14051 = DIRECTION('',(-0.,0.,-1.));
#14052 = DIRECTION('',(-0.,-1.,0.));
#14053 = FACE_BOUND('',#14054,.T.);
#14054 = EDGE_LOOP('',(#14055));
#14055 = ORIENTED_EDGE('',*,*,#14056,.T.);
#14056 = EDGE_CURVE('',#14057,#14057,#14059,.T.);
#14057 = VERTEX_POINT('',#14058);
#14058 = CARTESIAN_POINT('',(114.88,-45.835,1.51));
#14059 = CIRCLE('',#14060,0.735);
#14060 = AXIS2_PLACEMENT_3D('',#14061,#14062,#14063);
#14061 = CARTESIAN_POINT('',(114.88,-45.1,1.51));
#14062 = DIRECTION('',(-0.,0.,-1.));
#14063 = DIRECTION('',(-0.,-1.,0.));
#14064 = FACE_BOUND('',#14065,.T.);
#14065 = EDGE_LOOP('',(#14066));
#14066 = ORIENTED_EDGE('',*,*,#14067,.T.);
#14067 = EDGE_CURVE('',#14068,#14068,#14070,.T.);
#14068 = VERTEX_POINT('',#14069);
#14069 = CARTESIAN_POINT('',(121.23,-43.295,1.51));
#14070 = CIRCLE('',#14071,0.735);
#14071 = AXIS2_PLACEMENT_3D('',#14072,#14073,#14074);
#14072 = CARTESIAN_POINT('',(121.23,-42.56,1.51));
#14073 = DIRECTION('',(-0.,0.,-1.));
#14074 = DIRECTION('',(-0.,-1.,0.));
#14075 = FACE_BOUND('',#14076,.T.);
#14076 = EDGE_LOOP('',(#14077));
#14077 = ORIENTED_EDGE('',*,*,#14078,.T.);
#14078 = EDGE_CURVE('',#14079,#14079,#14081,.T.);
#14079 = VERTEX_POINT('',#14080);
#14080 = CARTESIAN_POINT('',(18.36,-29.465,1.51));
#14081 = CIRCLE('',#14082,0.875);
#14082 = AXIS2_PLACEMENT_3D('',#14083,#14084,#14085);
#14083 = CARTESIAN_POINT('',(18.36,-28.59,1.51));
#14084 = DIRECTION('',(-0.,0.,-1.));
#14085 = DIRECTION('',(-0.,-1.,0.));
#14086 = FACE_BOUND('',#14087,.T.);
#14087 = EDGE_LOOP('',(#14088));
#14088 = ORIENTED_EDGE('',*,*,#14089,.T.);
#14089 = EDGE_CURVE('',#14090,#14090,#14092,.T.);
#14090 = VERTEX_POINT('',#14091);
#14091 = CARTESIAN_POINT('',(23.44,-30.5839,1.51));
#14092 = CIRCLE('',#14093,1.9939);
#14093 = AXIS2_PLACEMENT_3D('',#14094,#14095,#14096);
#14094 = CARTESIAN_POINT('',(23.44,-28.59,1.51));
#14095 = DIRECTION('',(-0.,0.,-1.));
#14096 = DIRECTION('',(-0.,-1.,0.));
#14097 = FACE_BOUND('',#14098,.T.);
#14098 = EDGE_LOOP('',(#14099));
#14099 = ORIENTED_EDGE('',*,*,#14100,.T.);
#14100 = EDGE_CURVE('',#14101,#14101,#14103,.T.);
#14101 = VERTEX_POINT('',#14102);
#14102 = CARTESIAN_POINT('',(28.52,-29.465,1.51));
#14103 = CIRCLE('',#14104,0.875);
#14104 = AXIS2_PLACEMENT_3D('',#14105,#14106,#14107);
#14105 = CARTESIAN_POINT('',(28.52,-28.59,1.51));
#14106 = DIRECTION('',(-0.,0.,-1.));
#14107 = DIRECTION('',(-0.,-1.,0.));
#14108 = FACE_BOUND('',#14109,.T.);
#14109 = EDGE_LOOP('',(#14110));
#14110 = ORIENTED_EDGE('',*,*,#14111,.T.);
#14111 = EDGE_CURVE('',#14112,#14112,#14114,.T.);
#14112 = VERTEX_POINT('',#14113);
#14113 = CARTESIAN_POINT('',(19.63,-26.785,1.51));
#14114 = CIRCLE('',#14115,0.735);
#14115 = AXIS2_PLACEMENT_3D('',#14116,#14117,#14118);
#14116 = CARTESIAN_POINT('',(19.63,-26.05,1.51));
#14117 = DIRECTION('',(-0.,0.,-1.));
#14118 = DIRECTION('',(-0.,-1.,0.));
#14119 = FACE_BOUND('',#14120,.T.);
#14120 = EDGE_LOOP('',(#14121));
#14121 = ORIENTED_EDGE('',*,*,#14122,.T.);
#14122 = EDGE_CURVE('',#14123,#14123,#14125,.T.);
#14123 = VERTEX_POINT('',#14124);
#14124 = CARTESIAN_POINT('',(37.41,-29.465,1.51));
#14125 = CIRCLE('',#14126,0.875);
#14126 = AXIS2_PLACEMENT_3D('',#14127,#14128,#14129);
#14127 = CARTESIAN_POINT('',(37.41,-28.59,1.51));
#14128 = DIRECTION('',(-0.,0.,-1.));
#14129 = DIRECTION('',(-0.,-1.,0.));
#14130 = FACE_BOUND('',#14131,.T.);
#14131 = EDGE_LOOP('',(#14132));
#14132 = ORIENTED_EDGE('',*,*,#14133,.T.);
#14133 = EDGE_CURVE('',#14134,#14134,#14136,.T.);
#14134 = VERTEX_POINT('',#14135);
#14135 = CARTESIAN_POINT('',(42.49,-30.5839,1.51));
#14136 = CIRCLE('',#14137,1.9939);
#14137 = AXIS2_PLACEMENT_3D('',#14138,#14139,#14140);
#14138 = CARTESIAN_POINT('',(42.49,-28.59,1.51));
#14139 = DIRECTION('',(-0.,0.,-1.));
#14140 = DIRECTION('',(3.563582605748E-15,-1.,-0.));
#14141 = FACE_BOUND('',#14142,.T.);
#14142 = EDGE_LOOP('',(#14143));
#14143 = ORIENTED_EDGE('',*,*,#14144,.T.);
#14144 = EDGE_CURVE('',#14145,#14145,#14147,.T.);
#14145 = VERTEX_POINT('',#14146);
#14146 = CARTESIAN_POINT('',(38.68,-26.785,1.51));
#14147 = CIRCLE('',#14148,0.735);
#14148 = AXIS2_PLACEMENT_3D('',#14149,#14150,#14151);
#14149 = CARTESIAN_POINT('',(38.68,-26.05,1.51));
#14150 = DIRECTION('',(-0.,0.,-1.));
#14151 = DIRECTION('',(-0.,-1.,0.));
#14152 = FACE_BOUND('',#14153,.T.);
#14153 = EDGE_LOOP('',(#14154));
#14154 = ORIENTED_EDGE('',*,*,#14155,.T.);
#14155 = EDGE_CURVE('',#14156,#14156,#14158,.T.);
#14156 = VERTEX_POINT('',#14157);
#14157 = CARTESIAN_POINT('',(47.57,-29.465,1.51));
#14158 = CIRCLE('',#14159,0.875);
#14159 = AXIS2_PLACEMENT_3D('',#14160,#14161,#14162);
#14160 = CARTESIAN_POINT('',(47.57,-28.59,1.51));
#14161 = DIRECTION('',(-0.,0.,-1.));
#14162 = DIRECTION('',(-0.,-1.,0.));
#14163 = FACE_BOUND('',#14164,.T.);
#14164 = EDGE_LOOP('',(#14165));
#14165 = ORIENTED_EDGE('',*,*,#14166,.T.);
#14166 = EDGE_CURVE('',#14167,#14167,#14169,.T.);
#14167 = VERTEX_POINT('',#14168);
#14168 = CARTESIAN_POINT('',(56.46,-29.465,1.51));
#14169 = CIRCLE('',#14170,0.875);
#14170 = AXIS2_PLACEMENT_3D('',#14171,#14172,#14173);
#14171 = CARTESIAN_POINT('',(56.46,-28.59,1.51));
#14172 = DIRECTION('',(-0.,0.,-1.));
#14173 = DIRECTION('',(-0.,-1.,0.));
#14174 = FACE_BOUND('',#14175,.T.);
#14175 = EDGE_LOOP('',(#14176));
#14176 = ORIENTED_EDGE('',*,*,#14177,.T.);
#14177 = EDGE_CURVE('',#14178,#14178,#14180,.T.);
#14178 = VERTEX_POINT('',#14179);
#14179 = CARTESIAN_POINT('',(57.73,-26.785,1.51));
#14180 = CIRCLE('',#14181,0.735);
#14181 = AXIS2_PLACEMENT_3D('',#14182,#14183,#14184);
#14182 = CARTESIAN_POINT('',(57.73,-26.05,1.51));
#14183 = DIRECTION('',(-0.,0.,-1.));
#14184 = DIRECTION('',(-9.66724810558E-15,-1.,0.));
#14185 = FACE_BOUND('',#14186,.T.);
#14186 = EDGE_LOOP('',(#14187));
#14187 = ORIENTED_EDGE('',*,*,#14188,.T.);
#14188 = EDGE_CURVE('',#14189,#14189,#14191,.T.);
#14189 = VERTEX_POINT('',#14190);
#14190 = CARTESIAN_POINT('',(61.54,-30.5839,1.51));
#14191 = CIRCLE('',#14192,1.9939);
#14192 = AXIS2_PLACEMENT_3D('',#14193,#14194,#14195);
#14193 = CARTESIAN_POINT('',(61.54,-28.59,1.51));
#14194 = DIRECTION('',(-0.,0.,-1.));
#14195 = DIRECTION('',(-3.563582605748E-15,-1.,0.));
#14196 = FACE_BOUND('',#14197,.T.);
#14197 = EDGE_LOOP('',(#14198));
#14198 = ORIENTED_EDGE('',*,*,#14199,.T.);
#14199 = EDGE_CURVE('',#14200,#14200,#14202,.T.);
#14200 = VERTEX_POINT('',#14201);
#14201 = CARTESIAN_POINT('',(66.62,-29.465,1.51));
#14202 = CIRCLE('',#14203,0.875);
#14203 = AXIS2_PLACEMENT_3D('',#14204,#14205,#14206);
#14204 = CARTESIAN_POINT('',(66.62,-28.59,1.51));
#14205 = DIRECTION('',(-0.,0.,-1.));
#14206 = DIRECTION('',(-0.,-1.,0.));
#14207 = FACE_BOUND('',#14208,.T.);
#14208 = EDGE_LOOP('',(#14209));
#14209 = ORIENTED_EDGE('',*,*,#14210,.T.);
#14210 = EDGE_CURVE('',#14211,#14211,#14213,.T.);
#14211 = VERTEX_POINT('',#14212);
#14212 = CARTESIAN_POINT('',(25.98,-24.245,1.51));
#14213 = CIRCLE('',#14214,0.735);
#14214 = AXIS2_PLACEMENT_3D('',#14215,#14216,#14217);
#14215 = CARTESIAN_POINT('',(25.98,-23.51,1.51));
#14216 = DIRECTION('',(-0.,0.,-1.));
#14217 = DIRECTION('',(-0.,-1.,0.));
#14218 = FACE_BOUND('',#14219,.T.);
#14219 = EDGE_LOOP('',(#14220));
#14220 = ORIENTED_EDGE('',*,*,#14221,.T.);
#14221 = EDGE_CURVE('',#14222,#14222,#14224,.T.);
#14222 = VERTEX_POINT('',#14223);
#14223 = CARTESIAN_POINT('',(45.03,-24.245,1.51));
#14224 = CIRCLE('',#14225,0.735);
#14225 = AXIS2_PLACEMENT_3D('',#14226,#14227,#14228);
#14226 = CARTESIAN_POINT('',(45.03,-23.51,1.51));
#14227 = DIRECTION('',(-0.,0.,-1.));
#14228 = DIRECTION('',(-0.,-1.,0.));
#14229 = FACE_BOUND('',#14230,.T.);
#14230 = EDGE_LOOP('',(#14231));
#14231 = ORIENTED_EDGE('',*,*,#14232,.T.);
#14232 = EDGE_CURVE('',#14233,#14233,#14235,.T.);
#14233 = VERTEX_POINT('',#14234);
#14234 = CARTESIAN_POINT('',(22.6462,-16.998119,1.51));
#14235 = CIRCLE('',#14236,1.505);
#14236 = AXIS2_PLACEMENT_3D('',#14237,#14238,#14239);
#14237 = CARTESIAN_POINT('',(22.6462,-15.493119,1.51));
#14238 = DIRECTION('',(-0.,0.,-1.));
#14239 = DIRECTION('',(-0.,-1.,0.));
#14240 = FACE_BOUND('',#14241,.T.);
#14241 = EDGE_LOOP('',(#14242));
#14242 = ORIENTED_EDGE('',*,*,#14243,.T.);
#14243 = EDGE_CURVE('',#14244,#14244,#14246,.T.);
#14244 = VERTEX_POINT('',#14245);
#14245 = CARTESIAN_POINT('',(64.08,-24.245,1.51));
#14246 = CIRCLE('',#14247,0.735);
#14247 = AXIS2_PLACEMENT_3D('',#14248,#14249,#14250);
#14248 = CARTESIAN_POINT('',(64.08,-23.51,1.51));
#14249 = DIRECTION('',(-0.,0.,-1.));
#14250 = DIRECTION('',(-0.,-1.,0.));
#14251 = FACE_BOUND('',#14252,.T.);
#14252 = EDGE_LOOP('',(#14253));
#14253 = ORIENTED_EDGE('',*,*,#14254,.T.);
#14254 = EDGE_CURVE('',#14255,#14255,#14257,.T.);
#14255 = VERTEX_POINT('',#14256);
#14256 = CARTESIAN_POINT('',(75.51,-29.465,1.51));
#14257 = CIRCLE('',#14258,0.875);
#14258 = AXIS2_PLACEMENT_3D('',#14259,#14260,#14261);
#14259 = CARTESIAN_POINT('',(75.51,-28.59,1.51));
#14260 = DIRECTION('',(-0.,0.,-1.));
#14261 = DIRECTION('',(-0.,-1.,0.));
#14262 = FACE_BOUND('',#14263,.T.);
#14263 = EDGE_LOOP('',(#14264));
#14264 = ORIENTED_EDGE('',*,*,#14265,.T.);
#14265 = EDGE_CURVE('',#14266,#14266,#14268,.T.);
#14266 = VERTEX_POINT('',#14267);
#14267 = CARTESIAN_POINT('',(80.59,-30.5839,1.51));
#14268 = CIRCLE('',#14269,1.9939);
#14269 = AXIS2_PLACEMENT_3D('',#14270,#14271,#14272);
#14270 = CARTESIAN_POINT('',(80.59,-28.59,1.51));
#14271 = DIRECTION('',(-0.,0.,-1.));
#14272 = DIRECTION('',(-0.,-1.,0.));
#14273 = FACE_BOUND('',#14274,.T.);
#14274 = EDGE_LOOP('',(#14275));
#14275 = ORIENTED_EDGE('',*,*,#14276,.T.);
#14276 = EDGE_CURVE('',#14277,#14277,#14279,.T.);
#14277 = VERTEX_POINT('',#14278);
#14278 = CARTESIAN_POINT('',(85.67,-29.465,1.51));
#14279 = CIRCLE('',#14280,0.875);
#14280 = AXIS2_PLACEMENT_3D('',#14281,#14282,#14283);
#14281 = CARTESIAN_POINT('',(85.67,-28.59,1.51));
#14282 = DIRECTION('',(-0.,0.,-1.));
#14283 = DIRECTION('',(-0.,-1.,0.));
#14284 = FACE_BOUND('',#14285,.T.);
#14285 = EDGE_LOOP('',(#14286));
#14286 = ORIENTED_EDGE('',*,*,#14287,.T.);
#14287 = EDGE_CURVE('',#14288,#14288,#14290,.T.);
#14288 = VERTEX_POINT('',#14289);
#14289 = CARTESIAN_POINT('',(76.78,-26.785,1.51));
#14290 = CIRCLE('',#14291,0.735);
#14291 = AXIS2_PLACEMENT_3D('',#14292,#14293,#14294);
#14292 = CARTESIAN_POINT('',(76.78,-26.05,1.51));
#14293 = DIRECTION('',(-0.,0.,-1.));
#14294 = DIRECTION('',(-0.,-1.,0.));
#14295 = FACE_BOUND('',#14296,.T.);
#14296 = EDGE_LOOP('',(#14297));
#14297 = ORIENTED_EDGE('',*,*,#14298,.T.);
#14298 = EDGE_CURVE('',#14299,#14299,#14301,.T.);
#14299 = VERTEX_POINT('',#14300);
#14300 = CARTESIAN_POINT('',(94.56,-29.465,1.51));
#14301 = CIRCLE('',#14302,0.875);
#14302 = AXIS2_PLACEMENT_3D('',#14303,#14304,#14305);
#14303 = CARTESIAN_POINT('',(94.56,-28.59,1.51));
#14304 = DIRECTION('',(-0.,0.,-1.));
#14305 = DIRECTION('',(-0.,-1.,0.));
#14306 = FACE_BOUND('',#14307,.T.);
#14307 = EDGE_LOOP('',(#14308));
#14308 = ORIENTED_EDGE('',*,*,#14309,.T.);
#14309 = EDGE_CURVE('',#14310,#14310,#14312,.T.);
#14310 = VERTEX_POINT('',#14311);
#14311 = CARTESIAN_POINT('',(99.64,-30.5839,1.51));
#14312 = CIRCLE('',#14313,1.9939);
#14313 = AXIS2_PLACEMENT_3D('',#14314,#14315,#14316);
#14314 = CARTESIAN_POINT('',(99.64,-28.59,1.51));
#14315 = DIRECTION('',(-0.,0.,-1.));
#14316 = DIRECTION('',(-0.,-1.,0.));
#14317 = FACE_BOUND('',#14318,.T.);
#14318 = EDGE_LOOP('',(#14319));
#14319 = ORIENTED_EDGE('',*,*,#14320,.T.);
#14320 = EDGE_CURVE('',#14321,#14321,#14323,.T.);
#14321 = VERTEX_POINT('',#14322);
#14322 = CARTESIAN_POINT('',(95.83,-26.785,1.51));
#14323 = CIRCLE('',#14324,0.735);
#14324 = AXIS2_PLACEMENT_3D('',#14325,#14326,#14327);
#14325 = CARTESIAN_POINT('',(95.83,-26.05,1.51));
#14326 = DIRECTION('',(-0.,0.,-1.));
#14327 = DIRECTION('',(-0.,-1.,0.));
#14328 = FACE_BOUND('',#14329,.T.);
#14329 = EDGE_LOOP('',(#14330));
#14330 = ORIENTED_EDGE('',*,*,#14331,.T.);
#14331 = EDGE_CURVE('',#14332,#14332,#14334,.T.);
#14332 = VERTEX_POINT('',#14333);
#14333 = CARTESIAN_POINT('',(104.72,-29.465,1.51));
#14334 = CIRCLE('',#14335,0.875);
#14335 = AXIS2_PLACEMENT_3D('',#14336,#14337,#14338);
#14336 = CARTESIAN_POINT('',(104.72,-28.59,1.51));
#14337 = DIRECTION('',(-0.,0.,-1.));
#14338 = DIRECTION('',(-0.,-1.,0.));
#14339 = FACE_BOUND('',#14340,.T.);
#14340 = EDGE_LOOP('',(#14341));
#14341 = ORIENTED_EDGE('',*,*,#14342,.T.);
#14342 = EDGE_CURVE('',#14343,#14343,#14345,.T.);
#14343 = VERTEX_POINT('',#14344);
#14344 = CARTESIAN_POINT('',(113.61,-29.465,1.51));
#14345 = CIRCLE('',#14346,0.875);
#14346 = AXIS2_PLACEMENT_3D('',#14347,#14348,#14349);
#14347 = CARTESIAN_POINT('',(113.61,-28.59,1.51));
#14348 = DIRECTION('',(-0.,0.,-1.));
#14349 = DIRECTION('',(-0.,-1.,0.));
#14350 = FACE_BOUND('',#14351,.T.);
#14351 = EDGE_LOOP('',(#14352));
#14352 = ORIENTED_EDGE('',*,*,#14353,.T.);
#14353 = EDGE_CURVE('',#14354,#14354,#14356,.T.);
#14354 = VERTEX_POINT('',#14355);
#14355 = CARTESIAN_POINT('',(118.69,-30.5839,1.51));
#14356 = CIRCLE('',#14357,1.9939);
#14357 = AXIS2_PLACEMENT_3D('',#14358,#14359,#14360);
#14358 = CARTESIAN_POINT('',(118.69,-28.59,1.51));
#14359 = DIRECTION('',(-0.,0.,-1.));
#14360 = DIRECTION('',(-0.,-1.,0.));
#14361 = FACE_BOUND('',#14362,.T.);
#14362 = EDGE_LOOP('',(#14363));
#14363 = ORIENTED_EDGE('',*,*,#14364,.T.);
#14364 = EDGE_CURVE('',#14365,#14365,#14367,.T.);
#14365 = VERTEX_POINT('',#14366);
#14366 = CARTESIAN_POINT('',(123.77,-29.465,1.51));
#14367 = CIRCLE('',#14368,0.875);
#14368 = AXIS2_PLACEMENT_3D('',#14369,#14370,#14371);
#14369 = CARTESIAN_POINT('',(123.77,-28.59,1.51));
#14370 = DIRECTION('',(-0.,0.,-1.));
#14371 = DIRECTION('',(-0.,-1.,0.));
#14372 = FACE_BOUND('',#14373,.T.);
#14373 = EDGE_LOOP('',(#14374));
#14374 = ORIENTED_EDGE('',*,*,#14375,.T.);
#14375 = EDGE_CURVE('',#14376,#14376,#14378,.T.);
#14376 = VERTEX_POINT('',#14377);
#14377 = CARTESIAN_POINT('',(114.88,-26.785,1.51));
#14378 = CIRCLE('',#14379,0.735);
#14379 = AXIS2_PLACEMENT_3D('',#14380,#14381,#14382);
#14380 = CARTESIAN_POINT('',(114.88,-26.05,1.51));
#14381 = DIRECTION('',(-0.,0.,-1.));
#14382 = DIRECTION('',(-0.,-1.,0.));
#14383 = FACE_BOUND('',#14384,.T.);
#14384 = EDGE_LOOP('',(#14385));
#14385 = ORIENTED_EDGE('',*,*,#14386,.T.);
#14386 = EDGE_CURVE('',#14387,#14387,#14389,.T.);
#14387 = VERTEX_POINT('',#14388);
#14388 = CARTESIAN_POINT('',(83.13,-24.245,1.51));
#14389 = CIRCLE('',#14390,0.735);
#14390 = AXIS2_PLACEMENT_3D('',#14391,#14392,#14393);
#14391 = CARTESIAN_POINT('',(83.13,-23.51,1.51));
#14392 = DIRECTION('',(-0.,0.,-1.));
#14393 = DIRECTION('',(-0.,-1.,0.));
#14394 = FACE_BOUND('',#14395,.T.);
#14395 = EDGE_LOOP('',(#14396));
#14396 = ORIENTED_EDGE('',*,*,#14397,.T.);
#14397 = EDGE_CURVE('',#14398,#14398,#14400,.T.);
#14398 = VERTEX_POINT('',#14399);
#14399 = CARTESIAN_POINT('',(79.7962,-16.998119,1.51));
#14400 = CIRCLE('',#14401,1.505);
#14401 = AXIS2_PLACEMENT_3D('',#14402,#14403,#14404);
#14402 = CARTESIAN_POINT('',(79.7962,-15.493119,1.51));
#14403 = DIRECTION('',(-0.,0.,-1.));
#14404 = DIRECTION('',(-0.,-1.,0.));
#14405 = FACE_BOUND('',#14406,.T.);
#14406 = EDGE_LOOP('',(#14407));
#14407 = ORIENTED_EDGE('',*,*,#14408,.T.);
#14408 = EDGE_CURVE('',#14409,#14409,#14411,.T.);
#14409 = VERTEX_POINT('',#14410);
#14410 = CARTESIAN_POINT('',(102.18,-24.245,1.51));
#14411 = CIRCLE('',#14412,0.735);
#14412 = AXIS2_PLACEMENT_3D('',#14413,#14414,#14415);
#14413 = CARTESIAN_POINT('',(102.18,-23.51,1.51));
#14414 = DIRECTION('',(-0.,0.,-1.));
#14415 = DIRECTION('',(-0.,-1.,0.));
#14416 = FACE_BOUND('',#14417,.T.);
#14417 = EDGE_LOOP('',(#14418));
#14418 = ORIENTED_EDGE('',*,*,#14419,.T.);
#14419 = EDGE_CURVE('',#14420,#14420,#14422,.T.);
#14420 = VERTEX_POINT('',#14421);
#14421 = CARTESIAN_POINT('',(121.23,-24.245,1.51));
#14422 = CIRCLE('',#14423,0.735);
#14423 = AXIS2_PLACEMENT_3D('',#14424,#14425,#14426);
#14424 = CARTESIAN_POINT('',(121.23,-23.51,1.51));
#14425 = DIRECTION('',(-0.,0.,-1.));
#14426 = DIRECTION('',(-0.,-1.,0.));
#14427 = FACE_BOUND('',#14428,.T.);
#14428 = EDGE_LOOP('',(#14429));
#14429 = ORIENTED_EDGE('',*,*,#14430,.T.);
#14430 = EDGE_CURVE('',#14431,#14431,#14433,.T.);
#14431 = VERTEX_POINT('',#14432);
#14432 = CARTESIAN_POINT('',(132.66,-48.515,1.51));
#14433 = CIRCLE('',#14434,0.875);
#14434 = AXIS2_PLACEMENT_3D('',#14435,#14436,#14437);
#14435 = CARTESIAN_POINT('',(132.66,-47.64,1.51));
#14436 = DIRECTION('',(-0.,0.,-1.));
#14437 = DIRECTION('',(-0.,-1.,0.));
#14438 = FACE_BOUND('',#14439,.T.);
#14439 = EDGE_LOOP('',(#14440));
#14440 = ORIENTED_EDGE('',*,*,#14441,.T.);
#14441 = EDGE_CURVE('',#14442,#14442,#14444,.T.);
#14442 = VERTEX_POINT('',#14443);
#14443 = CARTESIAN_POINT('',(137.74,-49.6339,1.51));
#14444 = CIRCLE('',#14445,1.9939);
#14445 = AXIS2_PLACEMENT_3D('',#14446,#14447,#14448);
#14446 = CARTESIAN_POINT('',(137.74,-47.64,1.51));
#14447 = DIRECTION('',(-0.,0.,-1.));
#14448 = DIRECTION('',(-0.,-1.,0.));
#14449 = FACE_BOUND('',#14450,.T.);
#14450 = EDGE_LOOP('',(#14451));
#14451 = ORIENTED_EDGE('',*,*,#14452,.T.);
#14452 = EDGE_CURVE('',#14453,#14453,#14455,.T.);
#14453 = VERTEX_POINT('',#14454);
#14454 = CARTESIAN_POINT('',(142.82,-48.515,1.51));
#14455 = CIRCLE('',#14456,0.875);
#14456 = AXIS2_PLACEMENT_3D('',#14457,#14458,#14459);
#14457 = CARTESIAN_POINT('',(142.82,-47.64,1.51));
#14458 = DIRECTION('',(-0.,0.,-1.));
#14459 = DIRECTION('',(-0.,-1.,0.));
#14460 = FACE_BOUND('',#14461,.T.);
#14461 = EDGE_LOOP('',(#14462));
#14462 = ORIENTED_EDGE('',*,*,#14463,.T.);
#14463 = EDGE_CURVE('',#14464,#14464,#14466,.T.);
#14464 = VERTEX_POINT('',#14465);
#14465 = CARTESIAN_POINT('',(151.71,-48.515,1.51));
#14466 = CIRCLE('',#14467,0.875);
#14467 = AXIS2_PLACEMENT_3D('',#14468,#14469,#14470);
#14468 = CARTESIAN_POINT('',(151.71,-47.64,1.51));
#14469 = DIRECTION('',(-0.,0.,-1.));
#14470 = DIRECTION('',(-0.,-1.,0.));
#14471 = FACE_BOUND('',#14472,.T.);
#14472 = EDGE_LOOP('',(#14473));
#14473 = ORIENTED_EDGE('',*,*,#14474,.T.);
#14474 = EDGE_CURVE('',#14475,#14475,#14477,.T.);
#14475 = VERTEX_POINT('',#14476);
#14476 = CARTESIAN_POINT('',(156.79,-49.6339,1.51));
#14477 = CIRCLE('',#14478,1.9939);
#14478 = AXIS2_PLACEMENT_3D('',#14479,#14480,#14481);
#14479 = CARTESIAN_POINT('',(156.79,-47.64,1.51));
#14480 = DIRECTION('',(-0.,0.,-1.));
#14481 = DIRECTION('',(-0.,-1.,0.));
#14482 = FACE_BOUND('',#14483,.T.);
#14483 = EDGE_LOOP('',(#14484));
#14484 = ORIENTED_EDGE('',*,*,#14485,.T.);
#14485 = EDGE_CURVE('',#14486,#14486,#14488,.T.);
#14486 = VERTEX_POINT('',#14487);
#14487 = CARTESIAN_POINT('',(161.87,-48.515,1.51));
#14488 = CIRCLE('',#14489,0.875);
#14489 = AXIS2_PLACEMENT_3D('',#14490,#14491,#14492);
#14490 = CARTESIAN_POINT('',(161.87,-47.64,1.51));
#14491 = DIRECTION('',(-0.,0.,-1.));
#14492 = DIRECTION('',(-0.,-1.,0.));
#14493 = FACE_BOUND('',#14494,.T.);
#14494 = EDGE_LOOP('',(#14495));
#14495 = ORIENTED_EDGE('',*,*,#14496,.T.);
#14496 = EDGE_CURVE('',#14497,#14497,#14499,.T.);
#14497 = VERTEX_POINT('',#14498);
#14498 = CARTESIAN_POINT('',(170.76,-48.515,1.51));
#14499 = CIRCLE('',#14500,0.875);
#14500 = AXIS2_PLACEMENT_3D('',#14501,#14502,#14503);
#14501 = CARTESIAN_POINT('',(170.76,-47.64,1.51));
#14502 = DIRECTION('',(-0.,0.,-1.));
#14503 = DIRECTION('',(-0.,-1.,0.));
#14504 = FACE_BOUND('',#14505,.T.);
#14505 = EDGE_LOOP('',(#14506));
#14506 = ORIENTED_EDGE('',*,*,#14507,.T.);
#14507 = EDGE_CURVE('',#14508,#14508,#14510,.T.);
#14508 = VERTEX_POINT('',#14509);
#14509 = CARTESIAN_POINT('',(175.84,-49.6339,1.51));
#14510 = CIRCLE('',#14511,1.9939);
#14511 = AXIS2_PLACEMENT_3D('',#14512,#14513,#14514);
#14512 = CARTESIAN_POINT('',(175.84,-47.64,1.51));
#14513 = DIRECTION('',(-0.,0.,-1.));
#14514 = DIRECTION('',(-0.,-1.,0.));
#14515 = FACE_BOUND('',#14516,.T.);
#14516 = EDGE_LOOP('',(#14517));
#14517 = ORIENTED_EDGE('',*,*,#14518,.T.);
#14518 = EDGE_CURVE('',#14519,#14519,#14521,.T.);
#14519 = VERTEX_POINT('',#14520);
#14520 = CARTESIAN_POINT('',(180.92,-48.515,1.51));
#14521 = CIRCLE('',#14522,0.875);
#14522 = AXIS2_PLACEMENT_3D('',#14523,#14524,#14525);
#14523 = CARTESIAN_POINT('',(180.92,-47.64,1.51));
#14524 = DIRECTION('',(-0.,0.,-1.));
#14525 = DIRECTION('',(-0.,-1.,0.));
#14526 = FACE_BOUND('',#14527,.T.);
#14527 = EDGE_LOOP('',(#14528));
#14528 = ORIENTED_EDGE('',*,*,#14529,.T.);
#14529 = EDGE_CURVE('',#14530,#14530,#14532,.T.);
#14530 = VERTEX_POINT('',#14531);
#14531 = CARTESIAN_POINT('',(133.93,-45.835,1.51));
#14532 = CIRCLE('',#14533,0.735);
#14533 = AXIS2_PLACEMENT_3D('',#14534,#14535,#14536);
#14534 = CARTESIAN_POINT('',(133.93,-45.1,1.51));
#14535 = DIRECTION('',(-0.,0.,-1.));
#14536 = DIRECTION('',(-0.,-1.,0.));
#14537 = FACE_BOUND('',#14538,.T.);
#14538 = EDGE_LOOP('',(#14539));
#14539 = ORIENTED_EDGE('',*,*,#14540,.T.);
#14540 = EDGE_CURVE('',#14541,#14541,#14543,.T.);
#14541 = VERTEX_POINT('',#14542);
#14542 = CARTESIAN_POINT('',(140.28,-43.295,1.51));
#14543 = CIRCLE('',#14544,0.735);
#14544 = AXIS2_PLACEMENT_3D('',#14545,#14546,#14547);
#14545 = CARTESIAN_POINT('',(140.28,-42.56,1.51));
#14546 = DIRECTION('',(-0.,0.,-1.));
#14547 = DIRECTION('',(3.866899242232E-14,-1.,-0.));
#14548 = FACE_BOUND('',#14549,.T.);
#14549 = EDGE_LOOP('',(#14550));
#14550 = ORIENTED_EDGE('',*,*,#14551,.T.);
#14551 = EDGE_CURVE('',#14552,#14552,#14554,.T.);
#14552 = VERTEX_POINT('',#14553);
#14553 = CARTESIAN_POINT('',(152.98,-45.835,1.51));
#14554 = CIRCLE('',#14555,0.735);
#14555 = AXIS2_PLACEMENT_3D('',#14556,#14557,#14558);
#14556 = CARTESIAN_POINT('',(152.98,-45.1,1.51));
#14557 = DIRECTION('',(-0.,0.,-1.));
#14558 = DIRECTION('',(-3.866899242232E-14,-1.,0.));
#14559 = FACE_BOUND('',#14560,.T.);
#14560 = EDGE_LOOP('',(#14561));
#14561 = ORIENTED_EDGE('',*,*,#14562,.T.);
#14562 = EDGE_CURVE('',#14563,#14563,#14565,.T.);
#14563 = VERTEX_POINT('',#14564);
#14564 = CARTESIAN_POINT('',(159.33,-43.295,1.51));
#14565 = CIRCLE('',#14566,0.735);
#14566 = AXIS2_PLACEMENT_3D('',#14567,#14568,#14569);
#14567 = CARTESIAN_POINT('',(159.33,-42.56,1.51));
#14568 = DIRECTION('',(-0.,0.,-1.));
#14569 = DIRECTION('',(3.866899242232E-14,-1.,-0.));
#14570 = FACE_BOUND('',#14571,.T.);
#14571 = EDGE_LOOP('',(#14572));
#14572 = ORIENTED_EDGE('',*,*,#14573,.T.);
#14573 = EDGE_CURVE('',#14574,#14574,#14576,.T.);
#14574 = VERTEX_POINT('',#14575);
#14575 = CARTESIAN_POINT('',(172.03,-45.835,1.51));
#14576 = CIRCLE('',#14577,0.735);
#14577 = AXIS2_PLACEMENT_3D('',#14578,#14579,#14580);
#14578 = CARTESIAN_POINT('',(172.03,-45.1,1.51));
#14579 = DIRECTION('',(-0.,0.,-1.));
#14580 = DIRECTION('',(3.866899242232E-14,-1.,-0.));
#14581 = FACE_BOUND('',#14582,.T.);
#14582 = EDGE_LOOP('',(#14583));
#14583 = ORIENTED_EDGE('',*,*,#14584,.T.);
#14584 = EDGE_CURVE('',#14585,#14585,#14587,.T.);
#14585 = VERTEX_POINT('',#14586);
#14586 = CARTESIAN_POINT('',(178.38,-43.295,1.51));
#14587 = CIRCLE('',#14588,0.735);
#14588 = AXIS2_PLACEMENT_3D('',#14589,#14590,#14591);
#14589 = CARTESIAN_POINT('',(178.38,-42.56,1.51));
#14590 = DIRECTION('',(-0.,0.,-1.));
#14591 = DIRECTION('',(-0.,-1.,0.));
#14592 = FACE_BOUND('',#14593,.T.);
#14593 = EDGE_LOOP('',(#14594));
#14594 = ORIENTED_EDGE('',*,*,#14595,.T.);
#14595 = EDGE_CURVE('',#14596,#14596,#14598,.T.);
#14596 = VERTEX_POINT('',#14597);
#14597 = CARTESIAN_POINT('',(189.81,-48.515,1.51));
#14598 = CIRCLE('',#14599,0.875);
#14599 = AXIS2_PLACEMENT_3D('',#14600,#14601,#14602);
#14600 = CARTESIAN_POINT('',(189.81,-47.64,1.51));
#14601 = DIRECTION('',(-0.,0.,-1.));
#14602 = DIRECTION('',(-0.,-1.,0.));
#14603 = FACE_BOUND('',#14604,.T.);
#14604 = EDGE_LOOP('',(#14605));
#14605 = ORIENTED_EDGE('',*,*,#14606,.T.);
#14606 = EDGE_CURVE('',#14607,#14607,#14609,.T.);
#14607 = VERTEX_POINT('',#14608);
#14608 = CARTESIAN_POINT('',(194.89,-49.6339,1.51));
#14609 = CIRCLE('',#14610,1.9939);
#14610 = AXIS2_PLACEMENT_3D('',#14611,#14612,#14613);
#14611 = CARTESIAN_POINT('',(194.89,-47.64,1.51));
#14612 = DIRECTION('',(-0.,0.,-1.));
#14613 = DIRECTION('',(-0.,-1.,0.));
#14614 = FACE_BOUND('',#14615,.T.);
#14615 = EDGE_LOOP('',(#14616));
#14616 = ORIENTED_EDGE('',*,*,#14617,.T.);
#14617 = EDGE_CURVE('',#14618,#14618,#14620,.T.);
#14618 = VERTEX_POINT('',#14619);
#14619 = CARTESIAN_POINT('',(199.97,-48.515,1.51));
#14620 = CIRCLE('',#14621,0.875);
#14621 = AXIS2_PLACEMENT_3D('',#14622,#14623,#14624);
#14622 = CARTESIAN_POINT('',(199.97,-47.64,1.51));
#14623 = DIRECTION('',(-0.,0.,-1.));
#14624 = DIRECTION('',(-0.,-1.,0.));
#14625 = FACE_BOUND('',#14626,.T.);
#14626 = EDGE_LOOP('',(#14627));
#14627 = ORIENTED_EDGE('',*,*,#14628,.T.);
#14628 = EDGE_CURVE('',#14629,#14629,#14631,.T.);
#14629 = VERTEX_POINT('',#14630);
#14630 = CARTESIAN_POINT('',(208.86,-48.515,1.51));
#14631 = CIRCLE('',#14632,0.875);
#14632 = AXIS2_PLACEMENT_3D('',#14633,#14634,#14635);
#14633 = CARTESIAN_POINT('',(208.86,-47.64,1.51));
#14634 = DIRECTION('',(-0.,0.,-1.));
#14635 = DIRECTION('',(-0.,-1.,0.));
#14636 = FACE_BOUND('',#14637,.T.);
#14637 = EDGE_LOOP('',(#14638));
#14638 = ORIENTED_EDGE('',*,*,#14639,.T.);
#14639 = EDGE_CURVE('',#14640,#14640,#14642,.T.);
#14640 = VERTEX_POINT('',#14641);
#14641 = CARTESIAN_POINT('',(213.94,-49.6339,1.51));
#14642 = CIRCLE('',#14643,1.9939);
#14643 = AXIS2_PLACEMENT_3D('',#14644,#14645,#14646);
#14644 = CARTESIAN_POINT('',(213.94,-47.64,1.51));
#14645 = DIRECTION('',(-0.,0.,-1.));
#14646 = DIRECTION('',(-0.,-1.,0.));
#14647 = FACE_BOUND('',#14648,.T.);
#14648 = EDGE_LOOP('',(#14649));
#14649 = ORIENTED_EDGE('',*,*,#14650,.T.);
#14650 = EDGE_CURVE('',#14651,#14651,#14653,.T.);
#14651 = VERTEX_POINT('',#14652);
#14652 = CARTESIAN_POINT('',(219.02,-48.515,1.51));
#14653 = CIRCLE('',#14654,0.875);
#14654 = AXIS2_PLACEMENT_3D('',#14655,#14656,#14657);
#14655 = CARTESIAN_POINT('',(219.02,-47.64,1.51));
#14656 = DIRECTION('',(-0.,0.,-1.));
#14657 = DIRECTION('',(-0.,-1.,0.));
#14658 = FACE_BOUND('',#14659,.T.);
#14659 = EDGE_LOOP('',(#14660));
#14660 = ORIENTED_EDGE('',*,*,#14661,.T.);
#14661 = EDGE_CURVE('',#14662,#14662,#14664,.T.);
#14662 = VERTEX_POINT('',#14663);
#14663 = CARTESIAN_POINT('',(227.91,-48.515,1.51));
#14664 = CIRCLE('',#14665,0.875);
#14665 = AXIS2_PLACEMENT_3D('',#14666,#14667,#14668);
#14666 = CARTESIAN_POINT('',(227.91,-47.64,1.51));
#14667 = DIRECTION('',(-0.,0.,-1.));
#14668 = DIRECTION('',(-0.,-1.,0.));
#14669 = FACE_BOUND('',#14670,.T.);
#14670 = EDGE_LOOP('',(#14671));
#14671 = ORIENTED_EDGE('',*,*,#14672,.T.);
#14672 = EDGE_CURVE('',#14673,#14673,#14675,.T.);
#14673 = VERTEX_POINT('',#14674);
#14674 = CARTESIAN_POINT('',(232.99,-49.6339,1.51));
#14675 = CIRCLE('',#14676,1.9939);
#14676 = AXIS2_PLACEMENT_3D('',#14677,#14678,#14679);
#14677 = CARTESIAN_POINT('',(232.99,-47.64,1.51));
#14678 = DIRECTION('',(-0.,0.,-1.));
#14679 = DIRECTION('',(-0.,-1.,0.));
#14680 = FACE_BOUND('',#14681,.T.);
#14681 = EDGE_LOOP('',(#14682));
#14682 = ORIENTED_EDGE('',*,*,#14683,.T.);
#14683 = EDGE_CURVE('',#14684,#14684,#14686,.T.);
#14684 = VERTEX_POINT('',#14685);
#14685 = CARTESIAN_POINT('',(238.07,-48.515,1.51));
#14686 = CIRCLE('',#14687,0.875);
#14687 = AXIS2_PLACEMENT_3D('',#14688,#14689,#14690);
#14688 = CARTESIAN_POINT('',(238.07,-47.64,1.51));
#14689 = DIRECTION('',(-0.,0.,-1.));
#14690 = DIRECTION('',(-0.,-1.,0.));
#14691 = FACE_BOUND('',#14692,.T.);
#14692 = EDGE_LOOP('',(#14693));
#14693 = ORIENTED_EDGE('',*,*,#14694,.T.);
#14694 = EDGE_CURVE('',#14695,#14695,#14697,.T.);
#14695 = VERTEX_POINT('',#14696);
#14696 = CARTESIAN_POINT('',(191.08,-45.835,1.51));
#14697 = CIRCLE('',#14698,0.735);
#14698 = AXIS2_PLACEMENT_3D('',#14699,#14700,#14701);
#14699 = CARTESIAN_POINT('',(191.08,-45.1,1.51));
#14700 = DIRECTION('',(-0.,0.,-1.));
#14701 = DIRECTION('',(3.866899242232E-14,-1.,-0.));
#14702 = FACE_BOUND('',#14703,.T.);
#14703 = EDGE_LOOP('',(#14704));
#14704 = ORIENTED_EDGE('',*,*,#14705,.T.);
#14705 = EDGE_CURVE('',#14706,#14706,#14708,.T.);
#14706 = VERTEX_POINT('',#14707);
#14707 = CARTESIAN_POINT('',(210.13,-45.835,1.51));
#14708 = CIRCLE('',#14709,0.735);
#14709 = AXIS2_PLACEMENT_3D('',#14710,#14711,#14712);
#14710 = CARTESIAN_POINT('',(210.13,-45.1,1.51));
#14711 = DIRECTION('',(-0.,0.,-1.));
#14712 = DIRECTION('',(-0.,-1.,0.));
#14713 = FACE_BOUND('',#14714,.T.);
#14714 = EDGE_LOOP('',(#14715));
#14715 = ORIENTED_EDGE('',*,*,#14716,.T.);
#14716 = EDGE_CURVE('',#14717,#14717,#14719,.T.);
#14717 = VERTEX_POINT('',#14718);
#14718 = CARTESIAN_POINT('',(197.43,-43.295,1.51));
#14719 = CIRCLE('',#14720,0.735);
#14720 = AXIS2_PLACEMENT_3D('',#14721,#14722,#14723);
#14721 = CARTESIAN_POINT('',(197.43,-42.56,1.51));
#14722 = DIRECTION('',(-0.,0.,-1.));
#14723 = DIRECTION('',(-0.,-1.,0.));
#14724 = FACE_BOUND('',#14725,.T.);
#14725 = EDGE_LOOP('',(#14726));
#14726 = ORIENTED_EDGE('',*,*,#14727,.T.);
#14727 = EDGE_CURVE('',#14728,#14728,#14730,.T.);
#14728 = VERTEX_POINT('',#14729);
#14729 = CARTESIAN_POINT('',(216.48,-43.295,1.51));
#14730 = CIRCLE('',#14731,0.735);
#14731 = AXIS2_PLACEMENT_3D('',#14732,#14733,#14734);
#14732 = CARTESIAN_POINT('',(216.48,-42.56,1.51));
#14733 = DIRECTION('',(-0.,0.,-1.));
#14734 = DIRECTION('',(-3.866899242232E-14,-1.,0.));
#14735 = FACE_BOUND('',#14736,.T.);
#14736 = EDGE_LOOP('',(#14737));
#14737 = ORIENTED_EDGE('',*,*,#14738,.T.);
#14738 = EDGE_CURVE('',#14739,#14739,#14741,.T.);
#14739 = VERTEX_POINT('',#14740);
#14740 = CARTESIAN_POINT('',(229.18,-45.835,1.51));
#14741 = CIRCLE('',#14742,0.735);
#14742 = AXIS2_PLACEMENT_3D('',#14743,#14744,#14745);
#14743 = CARTESIAN_POINT('',(229.18,-45.1,1.51));
#14744 = DIRECTION('',(-0.,0.,-1.));
#14745 = DIRECTION('',(-0.,-1.,0.));
#14746 = FACE_BOUND('',#14747,.T.);
#14747 = EDGE_LOOP('',(#14748));
#14748 = ORIENTED_EDGE('',*,*,#14749,.T.);
#14749 = EDGE_CURVE('',#14750,#14750,#14752,.T.);
#14750 = VERTEX_POINT('',#14751);
#14751 = CARTESIAN_POINT('',(235.53,-43.295,1.51));
#14752 = CIRCLE('',#14753,0.735);
#14753 = AXIS2_PLACEMENT_3D('',#14754,#14755,#14756);
#14754 = CARTESIAN_POINT('',(235.53,-42.56,1.51));
#14755 = DIRECTION('',(-0.,0.,-1.));
#14756 = DIRECTION('',(3.866899242232E-14,-1.,-0.));
#14757 = FACE_BOUND('',#14758,.T.);
#14758 = EDGE_LOOP('',(#14759));
#14759 = ORIENTED_EDGE('',*,*,#14760,.T.);
#14760 = EDGE_CURVE('',#14761,#14761,#14763,.T.);
#14761 = VERTEX_POINT('',#14762);
#14762 = CARTESIAN_POINT('',(132.66,-29.465,1.51));
#14763 = CIRCLE('',#14764,0.875);
#14764 = AXIS2_PLACEMENT_3D('',#14765,#14766,#14767);
#14765 = CARTESIAN_POINT('',(132.66,-28.59,1.51));
#14766 = DIRECTION('',(-0.,0.,-1.));
#14767 = DIRECTION('',(-0.,-1.,0.));
#14768 = FACE_BOUND('',#14769,.T.);
#14769 = EDGE_LOOP('',(#14770));
#14770 = ORIENTED_EDGE('',*,*,#14771,.T.);
#14771 = EDGE_CURVE('',#14772,#14772,#14774,.T.);
#14772 = VERTEX_POINT('',#14773);
#14773 = CARTESIAN_POINT('',(137.74,-30.5839,1.51));
#14774 = CIRCLE('',#14775,1.9939);
#14775 = AXIS2_PLACEMENT_3D('',#14776,#14777,#14778);
#14776 = CARTESIAN_POINT('',(137.74,-28.59,1.51));
#14777 = DIRECTION('',(-0.,0.,-1.));
#14778 = DIRECTION('',(-0.,-1.,0.));
#14779 = FACE_BOUND('',#14780,.T.);
#14780 = EDGE_LOOP('',(#14781));
#14781 = ORIENTED_EDGE('',*,*,#14782,.T.);
#14782 = EDGE_CURVE('',#14783,#14783,#14785,.T.);
#14783 = VERTEX_POINT('',#14784);
#14784 = CARTESIAN_POINT('',(133.93,-26.785,1.51));
#14785 = CIRCLE('',#14786,0.735);
#14786 = AXIS2_PLACEMENT_3D('',#14787,#14788,#14789);
#14787 = CARTESIAN_POINT('',(133.93,-26.05,1.51));
#14788 = DIRECTION('',(-0.,0.,-1.));
#14789 = DIRECTION('',(-0.,-1.,0.));
#14790 = FACE_BOUND('',#14791,.T.);
#14791 = EDGE_LOOP('',(#14792));
#14792 = ORIENTED_EDGE('',*,*,#14793,.T.);
#14793 = EDGE_CURVE('',#14794,#14794,#14796,.T.);
#14794 = VERTEX_POINT('',#14795);
#14795 = CARTESIAN_POINT('',(142.82,-29.465,1.51));
#14796 = CIRCLE('',#14797,0.875);
#14797 = AXIS2_PLACEMENT_3D('',#14798,#14799,#14800);
#14798 = CARTESIAN_POINT('',(142.82,-28.59,1.51));
#14799 = DIRECTION('',(-0.,0.,-1.));
#14800 = DIRECTION('',(-0.,-1.,0.));
#14801 = FACE_BOUND('',#14802,.T.);
#14802 = EDGE_LOOP('',(#14803));
#14803 = ORIENTED_EDGE('',*,*,#14804,.T.);
#14804 = EDGE_CURVE('',#14805,#14805,#14807,.T.);
#14805 = VERTEX_POINT('',#14806);
#14806 = CARTESIAN_POINT('',(151.71,-29.465,1.51));
#14807 = CIRCLE('',#14808,0.875);
#14808 = AXIS2_PLACEMENT_3D('',#14809,#14810,#14811);
#14809 = CARTESIAN_POINT('',(151.71,-28.59,1.51));
#14810 = DIRECTION('',(-0.,0.,-1.));
#14811 = DIRECTION('',(-0.,-1.,0.));
#14812 = FACE_BOUND('',#14813,.T.);
#14813 = EDGE_LOOP('',(#14814));
#14814 = ORIENTED_EDGE('',*,*,#14815,.T.);
#14815 = EDGE_CURVE('',#14816,#14816,#14818,.T.);
#14816 = VERTEX_POINT('',#14817);
#14817 = CARTESIAN_POINT('',(152.98,-26.785,1.51));
#14818 = CIRCLE('',#14819,0.735);
#14819 = AXIS2_PLACEMENT_3D('',#14820,#14821,#14822);
#14820 = CARTESIAN_POINT('',(152.98,-26.05,1.51));
#14821 = DIRECTION('',(-0.,0.,-1.));
#14822 = DIRECTION('',(-3.866899242232E-14,-1.,0.));
#14823 = FACE_BOUND('',#14824,.T.);
#14824 = EDGE_LOOP('',(#14825));
#14825 = ORIENTED_EDGE('',*,*,#14826,.T.);
#14826 = EDGE_CURVE('',#14827,#14827,#14829,.T.);
#14827 = VERTEX_POINT('',#14828);
#14828 = CARTESIAN_POINT('',(156.79,-30.5839,1.51));
#14829 = CIRCLE('',#14830,1.9939);
#14830 = AXIS2_PLACEMENT_3D('',#14831,#14832,#14833);
#14831 = CARTESIAN_POINT('',(156.79,-28.59,1.51));
#14832 = DIRECTION('',(-0.,0.,-1.));
#14833 = DIRECTION('',(-0.,-1.,0.));
#14834 = FACE_BOUND('',#14835,.T.);
#14835 = EDGE_LOOP('',(#14836));
#14836 = ORIENTED_EDGE('',*,*,#14837,.T.);
#14837 = EDGE_CURVE('',#14838,#14838,#14840,.T.);
#14838 = VERTEX_POINT('',#14839);
#14839 = CARTESIAN_POINT('',(161.87,-29.465,1.51));
#14840 = CIRCLE('',#14841,0.875);
#14841 = AXIS2_PLACEMENT_3D('',#14842,#14843,#14844);
#14842 = CARTESIAN_POINT('',(161.87,-28.59,1.51));
#14843 = DIRECTION('',(-0.,0.,-1.));
#14844 = DIRECTION('',(-0.,-1.,0.));
#14845 = FACE_BOUND('',#14846,.T.);
#14846 = EDGE_LOOP('',(#14847));
#14847 = ORIENTED_EDGE('',*,*,#14848,.T.);
#14848 = EDGE_CURVE('',#14849,#14849,#14851,.T.);
#14849 = VERTEX_POINT('',#14850);
#14850 = CARTESIAN_POINT('',(170.76,-29.465,1.51));
#14851 = CIRCLE('',#14852,0.875);
#14852 = AXIS2_PLACEMENT_3D('',#14853,#14854,#14855);
#14853 = CARTESIAN_POINT('',(170.76,-28.59,1.51));
#14854 = DIRECTION('',(-0.,0.,-1.));
#14855 = DIRECTION('',(-0.,-1.,0.));
#14856 = FACE_BOUND('',#14857,.T.);
#14857 = EDGE_LOOP('',(#14858));
#14858 = ORIENTED_EDGE('',*,*,#14859,.T.);
#14859 = EDGE_CURVE('',#14860,#14860,#14862,.T.);
#14860 = VERTEX_POINT('',#14861);
#14861 = CARTESIAN_POINT('',(175.84,-30.5839,1.51));
#14862 = CIRCLE('',#14863,1.9939);
#14863 = AXIS2_PLACEMENT_3D('',#14864,#14865,#14866);
#14864 = CARTESIAN_POINT('',(175.84,-28.59,1.51));
#14865 = DIRECTION('',(-0.,0.,-1.));
#14866 = DIRECTION('',(-0.,-1.,0.));
#14867 = FACE_BOUND('',#14868,.T.);
#14868 = EDGE_LOOP('',(#14869));
#14869 = ORIENTED_EDGE('',*,*,#14870,.T.);
#14870 = EDGE_CURVE('',#14871,#14871,#14873,.T.);
#14871 = VERTEX_POINT('',#14872);
#14872 = CARTESIAN_POINT('',(180.92,-29.465,1.51));
#14873 = CIRCLE('',#14874,0.875);
#14874 = AXIS2_PLACEMENT_3D('',#14875,#14876,#14877);
#14875 = CARTESIAN_POINT('',(180.92,-28.59,1.51));
#14876 = DIRECTION('',(-0.,0.,-1.));
#14877 = DIRECTION('',(-0.,-1.,0.));
#14878 = FACE_BOUND('',#14879,.T.);
#14879 = EDGE_LOOP('',(#14880));
#14880 = ORIENTED_EDGE('',*,*,#14881,.T.);
#14881 = EDGE_CURVE('',#14882,#14882,#14884,.T.);
#14882 = VERTEX_POINT('',#14883);
#14883 = CARTESIAN_POINT('',(172.03,-26.785,1.51));
#14884 = CIRCLE('',#14885,0.735);
#14885 = AXIS2_PLACEMENT_3D('',#14886,#14887,#14888);
#14886 = CARTESIAN_POINT('',(172.03,-26.05,1.51));
#14887 = DIRECTION('',(-0.,0.,-1.));
#14888 = DIRECTION('',(3.866899242232E-14,-1.,-0.));
#14889 = FACE_BOUND('',#14890,.T.);
#14890 = EDGE_LOOP('',(#14891));
#14891 = ORIENTED_EDGE('',*,*,#14892,.T.);
#14892 = EDGE_CURVE('',#14893,#14893,#14895,.T.);
#14893 = VERTEX_POINT('',#14894);
#14894 = CARTESIAN_POINT('',(140.28,-24.245,1.51));
#14895 = CIRCLE('',#14896,0.735);
#14896 = AXIS2_PLACEMENT_3D('',#14897,#14898,#14899);
#14897 = CARTESIAN_POINT('',(140.28,-23.51,1.51));
#14898 = DIRECTION('',(-0.,0.,-1.));
#14899 = DIRECTION('',(3.866899242232E-14,-1.,-0.));
#14900 = FACE_BOUND('',#14901,.T.);
#14901 = EDGE_LOOP('',(#14902));
#14902 = ORIENTED_EDGE('',*,*,#14903,.T.);
#14903 = EDGE_CURVE('',#14904,#14904,#14906,.T.);
#14904 = VERTEX_POINT('',#14905);
#14905 = CARTESIAN_POINT('',(159.33,-24.245,1.51));
#14906 = CIRCLE('',#14907,0.735);
#14907 = AXIS2_PLACEMENT_3D('',#14908,#14909,#14910);
#14908 = CARTESIAN_POINT('',(159.33,-23.51,1.51));
#14909 = DIRECTION('',(-0.,0.,-1.));
#14910 = DIRECTION('',(3.866899242232E-14,-1.,-0.));
#14911 = FACE_BOUND('',#14912,.T.);
#14912 = EDGE_LOOP('',(#14913));
#14913 = ORIENTED_EDGE('',*,*,#14914,.T.);
#14914 = EDGE_CURVE('',#14915,#14915,#14917,.T.);
#14915 = VERTEX_POINT('',#14916);
#14916 = CARTESIAN_POINT('',(178.38,-24.245,1.51));
#14917 = CIRCLE('',#14918,0.735);
#14918 = AXIS2_PLACEMENT_3D('',#14919,#14920,#14921);
#14919 = CARTESIAN_POINT('',(178.38,-23.51,1.51));
#14920 = DIRECTION('',(-0.,0.,-1.));
#14921 = DIRECTION('',(-0.,-1.,0.));
#14922 = FACE_BOUND('',#14923,.T.);
#14923 = EDGE_LOOP('',(#14924));
#14924 = ORIENTED_EDGE('',*,*,#14925,.T.);
#14925 = EDGE_CURVE('',#14926,#14926,#14928,.T.);
#14926 = VERTEX_POINT('',#14927);
#14927 = CARTESIAN_POINT('',(176.6338,-16.998122,1.51));
#14928 = CIRCLE('',#14929,1.505);
#14929 = AXIS2_PLACEMENT_3D('',#14930,#14931,#14932);
#14930 = CARTESIAN_POINT('',(176.6338,-15.493122,1.51));
#14931 = DIRECTION('',(-0.,0.,-1.));
#14932 = DIRECTION('',(-0.,-1.,0.));
#14933 = FACE_BOUND('',#14934,.T.);
#14934 = EDGE_LOOP('',(#14935));
#14935 = ORIENTED_EDGE('',*,*,#14936,.T.);
#14936 = EDGE_CURVE('',#14937,#14937,#14939,.T.);
#14937 = VERTEX_POINT('',#14938);
#14938 = CARTESIAN_POINT('',(189.81,-29.465,1.51));
#14939 = CIRCLE('',#14940,0.875);
#14940 = AXIS2_PLACEMENT_3D('',#14941,#14942,#14943);
#14941 = CARTESIAN_POINT('',(189.81,-28.59,1.51));
#14942 = DIRECTION('',(-0.,0.,-1.));
#14943 = DIRECTION('',(-0.,-1.,0.));
#14944 = FACE_BOUND('',#14945,.T.);
#14945 = EDGE_LOOP('',(#14946));
#14946 = ORIENTED_EDGE('',*,*,#14947,.T.);
#14947 = EDGE_CURVE('',#14948,#14948,#14950,.T.);
#14948 = VERTEX_POINT('',#14949);
#14949 = CARTESIAN_POINT('',(194.89,-30.5839,1.51));
#14950 = CIRCLE('',#14951,1.9939);
#14951 = AXIS2_PLACEMENT_3D('',#14952,#14953,#14954);
#14952 = CARTESIAN_POINT('',(194.89,-28.59,1.51));
#14953 = DIRECTION('',(-0.,0.,-1.));
#14954 = DIRECTION('',(-0.,-1.,0.));
#14955 = FACE_BOUND('',#14956,.T.);
#14956 = EDGE_LOOP('',(#14957));
#14957 = ORIENTED_EDGE('',*,*,#14958,.T.);
#14958 = EDGE_CURVE('',#14959,#14959,#14961,.T.);
#14959 = VERTEX_POINT('',#14960);
#14960 = CARTESIAN_POINT('',(191.08,-26.785,1.51));
#14961 = CIRCLE('',#14962,0.735);
#14962 = AXIS2_PLACEMENT_3D('',#14963,#14964,#14965);
#14963 = CARTESIAN_POINT('',(191.08,-26.05,1.51));
#14964 = DIRECTION('',(-0.,0.,-1.));
#14965 = DIRECTION('',(3.866899242232E-14,-1.,-0.));
#14966 = FACE_BOUND('',#14967,.T.);
#14967 = EDGE_LOOP('',(#14968));
#14968 = ORIENTED_EDGE('',*,*,#14969,.T.);
#14969 = EDGE_CURVE('',#14970,#14970,#14972,.T.);
#14970 = VERTEX_POINT('',#14971);
#14971 = CARTESIAN_POINT('',(199.97,-29.465,1.51));
#14972 = CIRCLE('',#14973,0.875);
#14973 = AXIS2_PLACEMENT_3D('',#14974,#14975,#14976);
#14974 = CARTESIAN_POINT('',(199.97,-28.59,1.51));
#14975 = DIRECTION('',(-0.,0.,-1.));
#14976 = DIRECTION('',(-0.,-1.,0.));
#14977 = FACE_BOUND('',#14978,.T.);
#14978 = EDGE_LOOP('',(#14979));
#14979 = ORIENTED_EDGE('',*,*,#14980,.T.);
#14980 = EDGE_CURVE('',#14981,#14981,#14983,.T.);
#14981 = VERTEX_POINT('',#14982);
#14982 = CARTESIAN_POINT('',(208.86,-29.465,1.51));
#14983 = CIRCLE('',#14984,0.875);
#14984 = AXIS2_PLACEMENT_3D('',#14985,#14986,#14987);
#14985 = CARTESIAN_POINT('',(208.86,-28.59,1.51));
#14986 = DIRECTION('',(-0.,0.,-1.));
#14987 = DIRECTION('',(-0.,-1.,0.));
#14988 = FACE_BOUND('',#14989,.T.);
#14989 = EDGE_LOOP('',(#14990));
#14990 = ORIENTED_EDGE('',*,*,#14991,.T.);
#14991 = EDGE_CURVE('',#14992,#14992,#14994,.T.);
#14992 = VERTEX_POINT('',#14993);
#14993 = CARTESIAN_POINT('',(210.13,-26.785,1.51));
#14994 = CIRCLE('',#14995,0.735);
#14995 = AXIS2_PLACEMENT_3D('',#14996,#14997,#14998);
#14996 = CARTESIAN_POINT('',(210.13,-26.05,1.51));
#14997 = DIRECTION('',(-0.,0.,-1.));
#14998 = DIRECTION('',(-0.,-1.,0.));
#14999 = FACE_BOUND('',#15000,.T.);
#15000 = EDGE_LOOP('',(#15001));
#15001 = ORIENTED_EDGE('',*,*,#15002,.T.);
#15002 = EDGE_CURVE('',#15003,#15003,#15005,.T.);
#15003 = VERTEX_POINT('',#15004);
#15004 = CARTESIAN_POINT('',(213.94,-30.5839,1.51));
#15005 = CIRCLE('',#15006,1.9939);
#15006 = AXIS2_PLACEMENT_3D('',#15007,#15008,#15009);
#15007 = CARTESIAN_POINT('',(213.94,-28.59,1.51));
#15008 = DIRECTION('',(-0.,0.,-1.));
#15009 = DIRECTION('',(-0.,-1.,0.));
#15010 = FACE_BOUND('',#15011,.T.);
#15011 = EDGE_LOOP('',(#15012));
#15012 = ORIENTED_EDGE('',*,*,#15013,.T.);
#15013 = EDGE_CURVE('',#15014,#15014,#15016,.T.);
#15014 = VERTEX_POINT('',#15015);
#15015 = CARTESIAN_POINT('',(219.02,-29.465,1.51));
#15016 = CIRCLE('',#15017,0.875);
#15017 = AXIS2_PLACEMENT_3D('',#15018,#15019,#15020);
#15018 = CARTESIAN_POINT('',(219.02,-28.59,1.51));
#15019 = DIRECTION('',(-0.,0.,-1.));
#15020 = DIRECTION('',(-0.,-1.,0.));
#15021 = FACE_BOUND('',#15022,.T.);
#15022 = EDGE_LOOP('',(#15023));
#15023 = ORIENTED_EDGE('',*,*,#15024,.T.);
#15024 = EDGE_CURVE('',#15025,#15025,#15027,.T.);
#15025 = VERTEX_POINT('',#15026);
#15026 = CARTESIAN_POINT('',(227.91,-29.465,1.51));
#15027 = CIRCLE('',#15028,0.875);
#15028 = AXIS2_PLACEMENT_3D('',#15029,#15030,#15031);
#15029 = CARTESIAN_POINT('',(227.91,-28.59,1.51));
#15030 = DIRECTION('',(-0.,0.,-1.));
#15031 = DIRECTION('',(-0.,-1.,0.));
#15032 = FACE_BOUND('',#15033,.T.);
#15033 = EDGE_LOOP('',(#15034));
#15034 = ORIENTED_EDGE('',*,*,#15035,.T.);
#15035 = EDGE_CURVE('',#15036,#15036,#15038,.T.);
#15036 = VERTEX_POINT('',#15037);
#15037 = CARTESIAN_POINT('',(232.99,-30.5839,1.51));
#15038 = CIRCLE('',#15039,1.9939);
#15039 = AXIS2_PLACEMENT_3D('',#15040,#15041,#15042);
#15040 = CARTESIAN_POINT('',(232.99,-28.59,1.51));
#15041 = DIRECTION('',(-0.,0.,-1.));
#15042 = DIRECTION('',(-0.,-1.,0.));
#15043 = FACE_BOUND('',#15044,.T.);
#15044 = EDGE_LOOP('',(#15045));
#15045 = ORIENTED_EDGE('',*,*,#15046,.T.);
#15046 = EDGE_CURVE('',#15047,#15047,#15049,.T.);
#15047 = VERTEX_POINT('',#15048);
#15048 = CARTESIAN_POINT('',(238.07,-29.465,1.51));
#15049 = CIRCLE('',#15050,0.875);
#15050 = AXIS2_PLACEMENT_3D('',#15051,#15052,#15053);
#15051 = CARTESIAN_POINT('',(238.07,-28.59,1.51));
#15052 = DIRECTION('',(-0.,0.,-1.));
#15053 = DIRECTION('',(-0.,-1.,0.));
#15054 = FACE_BOUND('',#15055,.T.);
#15055 = EDGE_LOOP('',(#15056));
#15056 = ORIENTED_EDGE('',*,*,#15057,.T.);
#15057 = EDGE_CURVE('',#15058,#15058,#15060,.T.);
#15058 = VERTEX_POINT('',#15059);
#15059 = CARTESIAN_POINT('',(229.18,-26.785,1.51));
#15060 = CIRCLE('',#15061,0.735);
#15061 = AXIS2_PLACEMENT_3D('',#15062,#15063,#15064);
#15062 = CARTESIAN_POINT('',(229.18,-26.05,1.51));
#15063 = DIRECTION('',(-0.,0.,-1.));
#15064 = DIRECTION('',(-0.,-1.,0.));
#15065 = FACE_BOUND('',#15066,.T.);
#15066 = EDGE_LOOP('',(#15067));
#15067 = ORIENTED_EDGE('',*,*,#15068,.T.);
#15068 = EDGE_CURVE('',#15069,#15069,#15071,.T.);
#15069 = VERTEX_POINT('',#15070);
#15070 = CARTESIAN_POINT('',(197.43,-24.245,1.51));
#15071 = CIRCLE('',#15072,0.735);
#15072 = AXIS2_PLACEMENT_3D('',#15073,#15074,#15075);
#15073 = CARTESIAN_POINT('',(197.43,-23.51,1.51));
#15074 = DIRECTION('',(-0.,0.,-1.));
#15075 = DIRECTION('',(-0.,-1.,0.));
#15076 = FACE_BOUND('',#15077,.T.);
#15077 = EDGE_LOOP('',(#15078));
#15078 = ORIENTED_EDGE('',*,*,#15079,.T.);
#15079 = EDGE_CURVE('',#15080,#15080,#15082,.T.);
#15080 = VERTEX_POINT('',#15081);
#15081 = CARTESIAN_POINT('',(216.48,-24.245,1.51));
#15082 = CIRCLE('',#15083,0.735);
#15083 = AXIS2_PLACEMENT_3D('',#15084,#15085,#15086);
#15084 = CARTESIAN_POINT('',(216.48,-23.51,1.51));
#15085 = DIRECTION('',(-0.,0.,-1.));
#15086 = DIRECTION('',(-3.866899242232E-14,-1.,0.));
#15087 = FACE_BOUND('',#15088,.T.);
#15088 = EDGE_LOOP('',(#15089));
#15089 = ORIENTED_EDGE('',*,*,#15090,.T.);
#15090 = EDGE_CURVE('',#15091,#15091,#15093,.T.);
#15091 = VERTEX_POINT('',#15092);
#15092 = CARTESIAN_POINT('',(235.53,-24.245,1.51));
#15093 = CIRCLE('',#15094,0.735);
#15094 = AXIS2_PLACEMENT_3D('',#15095,#15096,#15097);
#15095 = CARTESIAN_POINT('',(235.53,-23.51,1.51));
#15096 = DIRECTION('',(-0.,0.,-1.));
#15097 = DIRECTION('',(3.866899242232E-14,-1.,-0.));
#15098 = FACE_BOUND('',#15099,.T.);
#15099 = EDGE_LOOP('',(#15100));
#15100 = ORIENTED_EDGE('',*,*,#15101,.T.);
#15101 = EDGE_CURVE('',#15102,#15102,#15104,.T.);
#15102 = VERTEX_POINT('',#15103);
#15103 = CARTESIAN_POINT('',(233.7838,-16.998122,1.51));
#15104 = CIRCLE('',#15105,1.505);
#15105 = AXIS2_PLACEMENT_3D('',#15106,#15107,#15108);
#15106 = CARTESIAN_POINT('',(233.7838,-15.493122,1.51));
#15107 = DIRECTION('',(-0.,0.,-1.));
#15108 = DIRECTION('',(1.888485676439E-14,-1.,-0.));
#15109 = PLANE('',#15110);
#15110 = AXIS2_PLACEMENT_3D('',#15111,#15112,#15113);
#15111 = CARTESIAN_POINT('',(0.,0.,1.51));
#15112 = DIRECTION('',(0.,0.,1.));
#15113 = DIRECTION('',(1.,0.,-0.));
#15114 = ADVANCED_FACE('',(#15115),#15126,.F.);
#15115 = FACE_BOUND('',#15116,.T.);
#15116 = EDGE_LOOP('',(#15117,#15123,#15124,#15125));
#15117 = ORIENTED_EDGE('',*,*,#15118,.T.);
#15118 = EDGE_CURVE('',#7465,#11293,#15119,.T.);
#15119 = LINE('',#15120,#15121);
#15120 = CARTESIAN_POINT('',(229.81504,-15.22126,0.));
#15121 = VECTOR('',#15122,1.);
#15122 = DIRECTION('',(0.,0.,1.));
#15123 = ORIENTED_EDGE('',*,*,#11292,.T.);
#15124 = ORIENTED_EDGE('',*,*,#7400,.F.);
#15125 = ORIENTED_EDGE('',*,*,#7464,.F.);
#15126 = CYLINDRICAL_SURFACE('',#15127,2.109380271612);
#15127 = AXIS2_PLACEMENT_3D('',#15128,#15129,#15130);
#15128 = CARTESIAN_POINT('',(229.81505248581,-13.11187972842,0.));
#15129 = DIRECTION('',(-0.,-0.,-1.));
#15130 = DIRECTION('',(-5.919185910079E-06,-0.999999999982,0.));
#15131 = ADVANCED_FACE('',(#15132),#15143,.F.);
#15132 = FACE_BOUND('',#15133,.T.);
#15133 = EDGE_LOOP('',(#15134,#15135,#15136,#15142));
#15134 = ORIENTED_EDGE('',*,*,#7440,.T.);
#15135 = ORIENTED_EDGE('',*,*,#12006,.T.);
#15136 = ORIENTED_EDGE('',*,*,#15137,.F.);
#15137 = EDGE_CURVE('',#8171,#11999,#15138,.T.);
#15138 = LINE('',#15139,#15140);
#15139 = CARTESIAN_POINT('',(213.94,-19.065,0.));
#15140 = VECTOR('',#15141,1.);
#15141 = DIRECTION('',(0.,0.,1.));
#15142 = ORIENTED_EDGE('',*,*,#8178,.F.);
#15143 = CYLINDRICAL_SURFACE('',#15144,0.595311);
#15144 = AXIS2_PLACEMENT_3D('',#15145,#15146,#15147);
#15145 = CARTESIAN_POINT('',(213.94,-18.469689,0.));
#15146 = DIRECTION('',(-0.,-0.,-1.));
#15147 = DIRECTION('',(4.774262432645E-14,1.,-0.));
#15148 = ADVANCED_FACE('',(#15149),#15160,.T.);
#15149 = FACE_BOUND('',#15150,.T.);
#15150 = EDGE_LOOP('',(#15151,#15157,#15158,#15159));
#15151 = ORIENTED_EDGE('',*,*,#15152,.T.);
#15152 = EDGE_CURVE('',#7474,#11302,#15153,.T.);
#15153 = LINE('',#15154,#15155);
#15154 = CARTESIAN_POINT('',(212.777045,-15.22126,0.));
#15155 = VECTOR('',#15156,1.);
#15156 = DIRECTION('',(0.,0.,1.));
#15157 = ORIENTED_EDGE('',*,*,#11301,.T.);
#15158 = ORIENTED_EDGE('',*,*,#15118,.F.);
#15159 = ORIENTED_EDGE('',*,*,#7473,.F.);
#15160 = PLANE('',#15161);
#15161 = AXIS2_PLACEMENT_3D('',#15162,#15163,#15164);
#15162 = CARTESIAN_POINT('',(212.777045,-15.22126,0.));
#15163 = DIRECTION('',(0.,1.,0.));
#15164 = DIRECTION('',(1.,0.,0.));
#15165 = ADVANCED_FACE('',(#15166),#15177,.T.);
#15166 = FACE_BOUND('',#15167,.T.);
#15167 = EDGE_LOOP('',(#15168,#15169,#15170,#15176));
#15168 = ORIENTED_EDGE('',*,*,#15137,.T.);
#15169 = ORIENTED_EDGE('',*,*,#11998,.T.);
#15170 = ORIENTED_EDGE('',*,*,#15171,.F.);
#15171 = EDGE_CURVE('',#8162,#11990,#15172,.T.);
#15172 = LINE('',#15173,#15174);
#15173 = CARTESIAN_POINT('',(239.515,-19.065,0.));
#15174 = VECTOR('',#15175,1.);
#15175 = DIRECTION('',(0.,0.,1.));
#15176 = ORIENTED_EDGE('',*,*,#8170,.F.);
#15177 = PLANE('',#15178);
#15178 = AXIS2_PLACEMENT_3D('',#15179,#15180,#15181);
#15179 = CARTESIAN_POINT('',(213.94,-19.065,0.));
#15180 = DIRECTION('',(0.,1.,0.));
#15181 = DIRECTION('',(1.,0.,0.));
#15182 = ADVANCED_FACE('',(#15183),#15194,.T.);
#15183 = FACE_BOUND('',#15184,.T.);
#15184 = EDGE_LOOP('',(#15185,#15191,#15192,#15193));
#15185 = ORIENTED_EDGE('',*,*,#15186,.T.);
#15186 = EDGE_CURVE('',#7482,#11310,#15187,.T.);
#15187 = LINE('',#15188,#15189);
#15188 = CARTESIAN_POINT('',(210.952944,-15.976835,0.));
#15189 = VECTOR('',#15190,1.);
#15190 = DIRECTION('',(0.,0.,1.));
#15191 = ORIENTED_EDGE('',*,*,#11309,.T.);
#15192 = ORIENTED_EDGE('',*,*,#15152,.F.);
#15193 = ORIENTED_EDGE('',*,*,#7481,.F.);
#15194 = CYLINDRICAL_SURFACE('',#15195,2.579706748972);
#15195 = AXIS2_PLACEMENT_3D('',#15196,#15197,#15198);
#15196 = CARTESIAN_POINT('',(212.77706852247,-17.80096674886,0.));
#15197 = DIRECTION('',(0.,0.,-1.));
#15198 = DIRECTION('',(-0.707105380562,0.707108181809,0.));
#15199 = ADVANCED_FACE('',(#15200),#15211,.T.);
#15200 = FACE_BOUND('',#15201,.T.);
#15201 = EDGE_LOOP('',(#15202,#15203,#15204,#15210));
#15202 = ORIENTED_EDGE('',*,*,#15171,.T.);
#15203 = ORIENTED_EDGE('',*,*,#11989,.T.);
#15204 = ORIENTED_EDGE('',*,*,#15205,.F.);
#15205 = EDGE_CURVE('',#8154,#11982,#15206,.T.);
#15206 = LINE('',#15207,#15208);
#15207 = CARTESIAN_POINT('',(242.515,-22.065,0.));
#15208 = VECTOR('',#15209,1.);
#15209 = DIRECTION('',(0.,0.,1.));
#15210 = ORIENTED_EDGE('',*,*,#8161,.F.);
#15211 = CYLINDRICAL_SURFACE('',#15212,3.000001172987);
#15212 = AXIS2_PLACEMENT_3D('',#15213,#15214,#15215);
#15213 = CARTESIAN_POINT('',(239.51499882701,-22.06500117298,0.));
#15214 = DIRECTION('',(0.,0.,-1.));
#15215 = DIRECTION('',(3.909953521326E-07,1.,0.));
#15216 = ADVANCED_FACE('',(#15217),#15228,.T.);
#15217 = FACE_BOUND('',#15218,.T.);
#15218 = EDGE_LOOP('',(#15219,#15225,#15226,#15227));
#15219 = ORIENTED_EDGE('',*,*,#15220,.T.);
#15220 = EDGE_CURVE('',#7491,#11319,#15221,.T.);
#15221 = LINE('',#15222,#15223);
#15222 = CARTESIAN_POINT('',(208.620351,-18.309428,0.));
#15223 = VECTOR('',#15224,1.);
#15224 = DIRECTION('',(0.,0.,1.));
#15225 = ORIENTED_EDGE('',*,*,#11318,.T.);
#15226 = ORIENTED_EDGE('',*,*,#15186,.F.);
#15227 = ORIENTED_EDGE('',*,*,#7490,.F.);
#15228 = PLANE('',#15229);
#15229 = AXIS2_PLACEMENT_3D('',#15230,#15231,#15232);
#15230 = CARTESIAN_POINT('',(208.620351,-18.309428,0.));
#15231 = DIRECTION('',(-0.707106781187,0.707106781187,0.));
#15232 = DIRECTION('',(0.707106781187,0.707106781187,0.));
#15233 = ADVANCED_FACE('',(#15234),#15245,.T.);
#15234 = FACE_BOUND('',#15235,.T.);
#15235 = EDGE_LOOP('',(#15236,#15237,#15238,#15244));
#15236 = ORIENTED_EDGE('',*,*,#15205,.T.);
#15237 = ORIENTED_EDGE('',*,*,#11981,.T.);
#15238 = ORIENTED_EDGE('',*,*,#15239,.F.);
#15239 = EDGE_CURVE('',#8145,#11973,#15240,.T.);
#15240 = LINE('',#15241,#15242);
#15241 = CARTESIAN_POINT('',(242.515,-92.265,0.));
#15242 = VECTOR('',#15243,1.);
#15243 = DIRECTION('',(0.,0.,1.));
#15244 = ORIENTED_EDGE('',*,*,#8153,.F.);
#15245 = PLANE('',#15246);
#15246 = AXIS2_PLACEMENT_3D('',#15247,#15248,#15249);
#15247 = CARTESIAN_POINT('',(242.515,-22.065,0.));
#15248 = DIRECTION('',(1.,0.,-0.));
#15249 = DIRECTION('',(0.,-1.,0.));
#15250 = ADVANCED_FACE('',(#15251),#15262,.F.);
#15251 = FACE_BOUND('',#15252,.T.);
#15252 = EDGE_LOOP('',(#15253,#15259,#15260,#15261));
#15253 = ORIENTED_EDGE('',*,*,#15254,.T.);
#15254 = EDGE_CURVE('',#7499,#11327,#15255,.T.);
#15255 = LINE('',#15256,#15257);
#15256 = CARTESIAN_POINT('',(206.79625,-19.064988,0.));
#15257 = VECTOR('',#15258,1.);
#15258 = DIRECTION('',(0.,0.,1.));
#15259 = ORIENTED_EDGE('',*,*,#11326,.T.);
#15260 = ORIENTED_EDGE('',*,*,#15220,.F.);
#15261 = ORIENTED_EDGE('',*,*,#7498,.F.);
#15262 = CYLINDRICAL_SURFACE('',#15263,2.579608221739);
#15263 = AXIS2_PLACEMENT_3D('',#15264,#15265,#15266);
#15264 = CARTESIAN_POINT('',(206.7962822888,-16.48537977846,0.));
#15265 = DIRECTION('',(-0.,-0.,-1.));
#15266 = DIRECTION('',(-1.251694025921E-05,-0.999999999922,0.));
#15267 = ADVANCED_FACE('',(#15268),#15279,.T.);
#15268 = FACE_BOUND('',#15269,.T.);
#15269 = EDGE_LOOP('',(#15270,#15271,#15272,#15278));
#15270 = ORIENTED_EDGE('',*,*,#15239,.T.);
#15271 = ORIENTED_EDGE('',*,*,#11972,.T.);
#15272 = ORIENTED_EDGE('',*,*,#15273,.F.);
#15273 = EDGE_CURVE('',#8137,#11965,#15274,.T.);
#15274 = LINE('',#15275,#15276);
#15275 = CARTESIAN_POINT('',(239.515,-95.265,0.));
#15276 = VECTOR('',#15277,1.);
#15277 = DIRECTION('',(0.,0.,1.));
#15278 = ORIENTED_EDGE('',*,*,#8144,.F.);
#15279 = CYLINDRICAL_SURFACE('',#15280,3.000001172987);
#15280 = AXIS2_PLACEMENT_3D('',#15281,#15282,#15283);
#15281 = CARTESIAN_POINT('',(239.51499882701,-92.26499882701,0.));
#15282 = DIRECTION('',(0.,0.,-1.));
#15283 = DIRECTION('',(1.,-3.909953473956E-07,0.));
#15284 = ADVANCED_FACE('',(#15285),#15296,.T.);
#15285 = FACE_BOUND('',#15286,.T.);
#15286 = EDGE_LOOP('',(#15287,#15293,#15294,#15295));
#15287 = ORIENTED_EDGE('',*,*,#15288,.T.);
#15288 = EDGE_CURVE('',#7508,#11336,#15289,.T.);
#15289 = LINE('',#15290,#15291);
#15290 = CARTESIAN_POINT('',(156.79,-19.065,0.));
#15291 = VECTOR('',#15292,1.);
#15292 = DIRECTION('',(0.,0.,1.));
#15293 = ORIENTED_EDGE('',*,*,#11335,.T.);
#15294 = ORIENTED_EDGE('',*,*,#15254,.F.);
#15295 = ORIENTED_EDGE('',*,*,#7507,.F.);
#15296 = PLANE('',#15297);
#15297 = AXIS2_PLACEMENT_3D('',#15298,#15299,#15300);
#15298 = CARTESIAN_POINT('',(156.79,-19.065,0.));
#15299 = DIRECTION('',(-2.399700037831E-07,1.,0.));
#15300 = DIRECTION('',(1.,2.399700037831E-07,0.));
#15301 = ADVANCED_FACE('',(#15302),#15313,.T.);
#15302 = FACE_BOUND('',#15303,.T.);
#15303 = EDGE_LOOP('',(#15304,#15305,#15306,#15312));
#15304 = ORIENTED_EDGE('',*,*,#15273,.T.);
#15305 = ORIENTED_EDGE('',*,*,#11964,.T.);
#15306 = ORIENTED_EDGE('',*,*,#15307,.F.);
#15307 = EDGE_CURVE('',#8128,#11956,#15308,.T.);
#15308 = LINE('',#15309,#15310);
#15309 = CARTESIAN_POINT('',(213.94582,-95.265003,0.));
#15310 = VECTOR('',#15311,1.);
#15311 = DIRECTION('',(0.,0.,1.));
#15312 = ORIENTED_EDGE('',*,*,#8136,.F.);
#15313 = PLANE('',#15314);
#15314 = AXIS2_PLACEMENT_3D('',#15315,#15316,#15317);
#15315 = CARTESIAN_POINT('',(239.515,-95.265,0.));
#15316 = DIRECTION('',(1.173287525226E-07,-1.,0.));
#15317 = DIRECTION('',(-1.,-1.173287525226E-07,0.));
#15318 = ADVANCED_FACE('',(#15319),#15330,.F.);
#15319 = FACE_BOUND('',#15320,.T.);
#15320 = EDGE_LOOP('',(#15321,#15327,#15328,#15329));
#15321 = ORIENTED_EDGE('',*,*,#15322,.T.);
#15322 = EDGE_CURVE('',#7516,#11344,#15323,.T.);
#15323 = LINE('',#15324,#15325);
#15324 = CARTESIAN_POINT('',(156.79,-17.874378,0.));
#15325 = VECTOR('',#15326,1.);
#15326 = DIRECTION('',(0.,0.,1.));
#15327 = ORIENTED_EDGE('',*,*,#11343,.T.);
#15328 = ORIENTED_EDGE('',*,*,#15288,.F.);
#15329 = ORIENTED_EDGE('',*,*,#7515,.F.);
#15330 = CYLINDRICAL_SURFACE('',#15331,0.595311);
#15331 = AXIS2_PLACEMENT_3D('',#15332,#15333,#15334);
#15332 = CARTESIAN_POINT('',(156.79,-18.469689,0.));
#15333 = DIRECTION('',(-0.,-0.,-1.));
#15334 = DIRECTION('',(-4.774262432645E-14,1.,0.));
#15335 = ADVANCED_FACE('',(#15336),#15347,.F.);
#15336 = FACE_BOUND('',#15337,.T.);
#15337 = EDGE_LOOP('',(#15338,#15339,#15340,#15346));
#15338 = ORIENTED_EDGE('',*,*,#15307,.T.);
#15339 = ORIENTED_EDGE('',*,*,#11955,.T.);
#15340 = ORIENTED_EDGE('',*,*,#15341,.F.);
#15341 = EDGE_CURVE('',#8120,#11948,#15342,.T.);
#15342 = LINE('',#15343,#15344);
#15343 = CARTESIAN_POINT('',(213.94,-96.455625,0.));
#15344 = VECTOR('',#15345,1.);
#15345 = DIRECTION('',(0.,0.,1.));
#15346 = ORIENTED_EDGE('',*,*,#8127,.F.);
#15347 = CYLINDRICAL_SURFACE('',#15348,0.595325155639);
#15348 = AXIS2_PLACEMENT_3D('',#15349,#15350,#15351);
#15349 = CARTESIAN_POINT('',(213.94001415547,-95.86029984452,0.));
#15350 = DIRECTION('',(-0.,-0.,-1.));
#15351 = DIRECTION('',(9.752392409515E-03,0.99995244429,-0.));
#15352 = ADVANCED_FACE('',(#15353),#15364,.T.);
#15353 = FACE_BOUND('',#15354,.T.);
#15354 = EDGE_LOOP('',(#15355,#15361,#15362,#15363));
#15355 = ORIENTED_EDGE('',*,*,#15356,.T.);
#15356 = EDGE_CURVE('',#7525,#11353,#15357,.T.);
#15357 = LINE('',#15358,#15359);
#15358 = CARTESIAN_POINT('',(176.6338,-17.874372,0.));
#15359 = VECTOR('',#15360,1.);
#15360 = DIRECTION('',(0.,0.,1.));
#15361 = ORIENTED_EDGE('',*,*,#11352,.T.);
#15362 = ORIENTED_EDGE('',*,*,#15322,.F.);
#15363 = ORIENTED_EDGE('',*,*,#7524,.F.);
#15364 = PLANE('',#15365);
#15365 = AXIS2_PLACEMENT_3D('',#15366,#15367,#15368);
#15366 = CARTESIAN_POINT('',(176.6338,-17.874372,0.));
#15367 = DIRECTION('',(3.023614428215E-07,-1.,0.));
#15368 = DIRECTION('',(-1.,-3.023614428215E-07,0.));
#15369 = ADVANCED_FACE('',(#15370),#15381,.T.);
#15370 = FACE_BOUND('',#15371,.T.);
#15371 = EDGE_LOOP('',(#15372,#15373,#15374,#15380));
#15372 = ORIENTED_EDGE('',*,*,#15341,.T.);
#15373 = ORIENTED_EDGE('',*,*,#11947,.T.);
#15374 = ORIENTED_EDGE('',*,*,#15375,.F.);
#15375 = EDGE_CURVE('',#8111,#11939,#15376,.T.);
#15376 = LINE('',#15377,#15378);
#15377 = CARTESIAN_POINT('',(233.7838,-96.455631,0.));
#15378 = VECTOR('',#15379,1.);
#15379 = DIRECTION('',(0.,0.,1.));
#15380 = ORIENTED_EDGE('',*,*,#8119,.F.);
#15381 = PLANE('',#15382);
#15382 = AXIS2_PLACEMENT_3D('',#15383,#15384,#15385);
#15383 = CARTESIAN_POINT('',(213.94,-96.455625,0.));
#15384 = DIRECTION('',(3.023614428215E-07,1.,-0.));
#15385 = DIRECTION('',(1.,-3.023614428215E-07,0.));
#15386 = ADVANCED_FACE('',(#15387),#15398,.T.);
#15387 = FACE_BOUND('',#15388,.T.);
#15388 = EDGE_LOOP('',(#15389,#15395,#15396,#15397));
#15389 = ORIENTED_EDGE('',*,*,#15390,.T.);
#15390 = EDGE_CURVE('',#7533,#11361,#15391,.T.);
#15391 = LINE('',#15392,#15393);
#15392 = CARTESIAN_POINT('',(174.950002,-13.809324,0.));
#15393 = VECTOR('',#15394,1.);
#15394 = DIRECTION('',(0.,0.,1.));
#15395 = ORIENTED_EDGE('',*,*,#11360,.T.);
#15396 = ORIENTED_EDGE('',*,*,#15356,.F.);
#15397 = ORIENTED_EDGE('',*,*,#7532,.F.);
#15398 = CYLINDRICAL_SURFACE('',#15399,2.381249450133);
#15399 = AXIS2_PLACEMENT_3D('',#15400,#15401,#15402);
#15400 = CARTESIAN_POINT('',(176.6337987179,-15.49312254986,0.));
#15401 = DIRECTION('',(0.,0.,-1.));
#15402 = DIRECTION('',(-0.707106396522,0.707107165851,-0.));
#15403 = ADVANCED_FACE('',(#15404),#15415,.T.);
#15404 = FACE_BOUND('',#15405,.T.);
#15405 = EDGE_LOOP('',(#15406,#15407,#15408,#15414));
#15406 = ORIENTED_EDGE('',*,*,#15375,.T.);
#15407 = ORIENTED_EDGE('',*,*,#11938,.T.);
#15408 = ORIENTED_EDGE('',*,*,#15409,.F.);
#15409 = EDGE_CURVE('',#8103,#11931,#15410,.T.);
#15410 = LINE('',#15411,#15412);
#15411 = CARTESIAN_POINT('',(232.100002,-100.520679,0.));
#15412 = VECTOR('',#15413,1.);
#15413 = DIRECTION('',(0.,0.,1.));
#15414 = ORIENTED_EDGE('',*,*,#8110,.F.);
#15415 = CYLINDRICAL_SURFACE('',#15416,2.381249705834);
#15416 = AXIS2_PLACEMENT_3D('',#15417,#15418,#15419);
#15417 = CARTESIAN_POINT('',(233.78379933522,-98.83688070583,0.));
#15418 = DIRECTION('',(0.,0.,-1.));
#15419 = DIRECTION('',(2.791724767812E-07,1.,0.));
#15420 = ADVANCED_FACE('',(#15421),#15432,.T.);
#15421 = FACE_BOUND('',#15422,.T.);
#15422 = EDGE_LOOP('',(#15423,#15429,#15430,#15431));
#15423 = ORIENTED_EDGE('',*,*,#15424,.T.);
#15424 = EDGE_CURVE('',#7542,#11370,#15425,.T.);
#15425 = LINE('',#15426,#15427);
#15426 = CARTESIAN_POINT('',(174.123425,-14.635899,0.));
#15427 = VECTOR('',#15428,1.);
#15428 = DIRECTION('',(0.,0.,1.));
#15429 = ORIENTED_EDGE('',*,*,#11369,.T.);
#15430 = ORIENTED_EDGE('',*,*,#15390,.F.);
#15431 = ORIENTED_EDGE('',*,*,#7541,.F.);
#15432 = PLANE('',#15433);
#15433 = AXIS2_PLACEMENT_3D('',#15434,#15435,#15436);
#15434 = CARTESIAN_POINT('',(174.123425,-14.635899,0.));
#15435 = DIRECTION('',(-0.707105925721,0.707107636651,0.));
#15436 = DIRECTION('',(0.707107636651,0.707105925721,0.));
#15437 = ADVANCED_FACE('',(#15438),#15449,.T.);
#15438 = FACE_BOUND('',#15439,.T.);
#15439 = EDGE_LOOP('',(#15440,#15441,#15442,#15448));
#15440 = ORIENTED_EDGE('',*,*,#15409,.T.);
#15441 = ORIENTED_EDGE('',*,*,#11930,.T.);
#15442 = ORIENTED_EDGE('',*,*,#15443,.F.);
#15443 = EDGE_CURVE('',#8094,#11922,#15444,.T.);
#15444 = LINE('',#15445,#15446);
#15445 = CARTESIAN_POINT('',(231.273426,-99.694103,0.));
#15446 = VECTOR('',#15447,1.);
#15447 = DIRECTION('',(0.,0.,1.));
#15448 = ORIENTED_EDGE('',*,*,#8102,.F.);
#15449 = PLANE('',#15450);
#15450 = AXIS2_PLACEMENT_3D('',#15451,#15452,#15453);
#15451 = CARTESIAN_POINT('',(232.100002,-100.520679,0.));
#15452 = DIRECTION('',(-0.707106781187,-0.707106781187,0.));
#15453 = DIRECTION('',(-0.707106781187,0.707106781187,0.));
#15454 = ADVANCED_FACE('',(#15455),#15466,.F.);
#15455 = FACE_BOUND('',#15456,.T.);
#15456 = EDGE_LOOP('',(#15457,#15463,#15464,#15465));
#15457 = ORIENTED_EDGE('',*,*,#15458,.T.);
#15458 = EDGE_CURVE('',#7550,#11378,#15459,.T.);
#15459 = LINE('',#15460,#15461);
#15460 = CARTESIAN_POINT('',(172.66504,-15.22126,0.));
#15461 = VECTOR('',#15462,1.);
#15462 = DIRECTION('',(0.,0.,1.));
#15463 = ORIENTED_EDGE('',*,*,#11377,.T.);
#15464 = ORIENTED_EDGE('',*,*,#15424,.F.);
#15465 = ORIENTED_EDGE('',*,*,#7549,.F.);
#15466 = CYLINDRICAL_SURFACE('',#15467,2.109380271612);
#15467 = AXIS2_PLACEMENT_3D('',#15468,#15469,#15470);
#15468 = CARTESIAN_POINT('',(172.66505248581,-13.11187972842,0.));
#15469 = DIRECTION('',(-0.,-0.,-1.));
#15470 = DIRECTION('',(-5.919185896605E-06,-0.999999999982,0.));
#15471 = ADVANCED_FACE('',(#15472),#15483,.F.);
#15472 = FACE_BOUND('',#15473,.T.);
#15473 = EDGE_LOOP('',(#15474,#15475,#15476,#15482));
#15474 = ORIENTED_EDGE('',*,*,#15443,.T.);
#15475 = ORIENTED_EDGE('',*,*,#11921,.T.);
#15476 = ORIENTED_EDGE('',*,*,#15477,.F.);
#15477 = EDGE_CURVE('',#8086,#11914,#15478,.T.);
#15478 = LINE('',#15479,#15480);
#15479 = CARTESIAN_POINT('',(229.81505,-99.108743,0.));
#15480 = VECTOR('',#15481,1.);
#15481 = DIRECTION('',(0.,0.,1.));
#15482 = ORIENTED_EDGE('',*,*,#8093,.F.);
#15483 = CYLINDRICAL_SURFACE('',#15484,2.109390094638);
#15484 = AXIS2_PLACEMENT_3D('',#15485,#15486,#15487);
#15485 = CARTESIAN_POINT('',(229.81505058811,-101.2181330946,0.));
#15486 = DIRECTION('',(-0.,-0.,-1.));
#15487 = DIRECTION('',(0.691373025593,0.722497985798,-0.));
#15488 = ADVANCED_FACE('',(#15489),#15500,.T.);
#15489 = FACE_BOUND('',#15490,.T.);
#15490 = EDGE_LOOP('',(#15491,#15497,#15498,#15499));
#15491 = ORIENTED_EDGE('',*,*,#15492,.T.);
#15492 = EDGE_CURVE('',#7559,#11387,#15493,.T.);
#15493 = LINE('',#15494,#15495);
#15494 = CARTESIAN_POINT('',(155.627045,-15.22126,0.));
#15495 = VECTOR('',#15496,1.);
#15496 = DIRECTION('',(0.,0.,1.));
#15497 = ORIENTED_EDGE('',*,*,#11386,.T.);
#15498 = ORIENTED_EDGE('',*,*,#15458,.F.);
#15499 = ORIENTED_EDGE('',*,*,#7558,.F.);
#15500 = PLANE('',#15501);
#15501 = AXIS2_PLACEMENT_3D('',#15502,#15503,#15504);
#15502 = CARTESIAN_POINT('',(155.627045,-15.22126,0.));
#15503 = DIRECTION('',(0.,1.,0.));
#15504 = DIRECTION('',(1.,0.,0.));
#15505 = ADVANCED_FACE('',(#15506),#15517,.T.);
#15506 = FACE_BOUND('',#15507,.T.);
#15507 = EDGE_LOOP('',(#15508,#15509,#15510,#15516));
#15508 = ORIENTED_EDGE('',*,*,#15477,.T.);
#15509 = ORIENTED_EDGE('',*,*,#11913,.T.);
#15510 = ORIENTED_EDGE('',*,*,#15511,.F.);
#15511 = EDGE_CURVE('',#8077,#11905,#15512,.T.);
#15512 = LINE('',#15513,#15514);
#15513 = CARTESIAN_POINT('',(212.777045,-99.108743,0.));
#15514 = VECTOR('',#15515,1.);
#15515 = DIRECTION('',(0.,0.,1.));
#15516 = ORIENTED_EDGE('',*,*,#8085,.F.);
#15517 = PLANE('',#15518);
#15518 = AXIS2_PLACEMENT_3D('',#15519,#15520,#15521);
#15519 = CARTESIAN_POINT('',(229.81505,-99.108743,0.));
#15520 = DIRECTION('',(0.,-1.,0.));
#15521 = DIRECTION('',(-1.,0.,0.));
#15522 = ADVANCED_FACE('',(#15523),#15534,.T.);
#15523 = FACE_BOUND('',#15524,.T.);
#15524 = EDGE_LOOP('',(#15525,#15531,#15532,#15533));
#15525 = ORIENTED_EDGE('',*,*,#15526,.T.);
#15526 = EDGE_CURVE('',#7567,#11395,#15527,.T.);
#15527 = LINE('',#15528,#15529);
#15528 = CARTESIAN_POINT('',(153.802944,-15.976835,0.));
#15529 = VECTOR('',#15530,1.);
#15530 = DIRECTION('',(0.,0.,1.));
#15531 = ORIENTED_EDGE('',*,*,#11394,.T.);
#15532 = ORIENTED_EDGE('',*,*,#15492,.F.);
#15533 = ORIENTED_EDGE('',*,*,#7566,.F.);
#15534 = CYLINDRICAL_SURFACE('',#15535,2.579706748972);
#15535 = AXIS2_PLACEMENT_3D('',#15536,#15537,#15538);
#15536 = CARTESIAN_POINT('',(155.62706852247,-17.80096674886,0.));
#15537 = DIRECTION('',(0.,0.,-1.));
#15538 = DIRECTION('',(-0.707105380562,0.707108181809,0.));
#15539 = ADVANCED_FACE('',(#15540),#15551,.T.);
#15540 = FACE_BOUND('',#15541,.T.);
#15541 = EDGE_LOOP('',(#15542,#15543,#15544,#15550));
#15542 = ORIENTED_EDGE('',*,*,#15511,.T.);
#15543 = ORIENTED_EDGE('',*,*,#11904,.T.);
#15544 = ORIENTED_EDGE('',*,*,#15545,.F.);
#15545 = EDGE_CURVE('',#8069,#11897,#15546,.T.);
#15546 = LINE('',#15547,#15548);
#15547 = CARTESIAN_POINT('',(210.952944,-98.353168,0.));
#15548 = VECTOR('',#15549,1.);
#15549 = DIRECTION('',(0.,0.,1.));
#15550 = ORIENTED_EDGE('',*,*,#8076,.F.);
#15551 = CYLINDRICAL_SURFACE('',#15552,2.579695535513);
#15552 = AXIS2_PLACEMENT_3D('',#15553,#15554,#15555);
#15553 = CARTESIAN_POINT('',(212.77706387767,-96.52904746455,0.));
#15554 = DIRECTION('',(0.,0.,-1.));
#15555 = DIRECTION('',(-7.317790669481E-06,-0.999999999973,-0.));
#15556 = ADVANCED_FACE('',(#15557),#15568,.T.);
#15557 = FACE_BOUND('',#15558,.T.);
#15558 = EDGE_LOOP('',(#15559,#15565,#15566,#15567));
#15559 = ORIENTED_EDGE('',*,*,#15560,.T.);
#15560 = EDGE_CURVE('',#7576,#11404,#15561,.T.);
#15561 = LINE('',#15562,#15563);
#15562 = CARTESIAN_POINT('',(151.470351,-18.309428,0.));
#15563 = VECTOR('',#15564,1.);
#15564 = DIRECTION('',(0.,0.,1.));
#15565 = ORIENTED_EDGE('',*,*,#11403,.T.);
#15566 = ORIENTED_EDGE('',*,*,#15526,.F.);
#15567 = ORIENTED_EDGE('',*,*,#7575,.F.);
#15568 = PLANE('',#15569);
#15569 = AXIS2_PLACEMENT_3D('',#15570,#15571,#15572);
#15570 = CARTESIAN_POINT('',(151.470351,-18.309428,0.));
#15571 = DIRECTION('',(-0.707106781187,0.707106781187,0.));
#15572 = DIRECTION('',(0.707106781187,0.707106781187,0.));
#15573 = ADVANCED_FACE('',(#15574),#15585,.T.);
#15574 = FACE_BOUND('',#15575,.T.);
#15575 = EDGE_LOOP('',(#15576,#15577,#15578,#15584));
#15576 = ORIENTED_EDGE('',*,*,#15545,.T.);
#15577 = ORIENTED_EDGE('',*,*,#11896,.T.);
#15578 = ORIENTED_EDGE('',*,*,#15579,.F.);
#15579 = EDGE_CURVE('',#8060,#11888,#15580,.T.);
#15580 = LINE('',#15581,#15582);
#15581 = CARTESIAN_POINT('',(208.620351,-96.020575,0.));
#15582 = VECTOR('',#15583,1.);
#15583 = DIRECTION('',(0.,0.,1.));
#15584 = ORIENTED_EDGE('',*,*,#8068,.F.);
#15585 = PLANE('',#15586);
#15586 = AXIS2_PLACEMENT_3D('',#15587,#15588,#15589);
#15587 = CARTESIAN_POINT('',(210.952944,-98.353168,0.));
#15588 = DIRECTION('',(-0.707106781187,-0.707106781187,0.));
#15589 = DIRECTION('',(-0.707106781187,0.707106781187,0.));
#15590 = ADVANCED_FACE('',(#15591),#15602,.F.);
#15591 = FACE_BOUND('',#15592,.T.);
#15592 = EDGE_LOOP('',(#15593,#15599,#15600,#15601));
#15593 = ORIENTED_EDGE('',*,*,#15594,.T.);
#15594 = EDGE_CURVE('',#7584,#11412,#15595,.T.);
#15595 = LINE('',#15596,#15597);
#15596 = CARTESIAN_POINT('',(149.64625,-19.065003,0.));
#15597 = VECTOR('',#15598,1.);
#15598 = DIRECTION('',(0.,0.,1.));
#15599 = ORIENTED_EDGE('',*,*,#11411,.T.);
#15600 = ORIENTED_EDGE('',*,*,#15560,.F.);
#15601 = ORIENTED_EDGE('',*,*,#7583,.F.);
#15602 = CYLINDRICAL_SURFACE('',#15603,2.579706748972);
#15603 = AXIS2_PLACEMENT_3D('',#15604,#15605,#15606);
#15604 = CARTESIAN_POINT('',(149.64622647753,-16.48529625113,0.));
#15605 = DIRECTION('',(-0.,-0.,-1.));
#15606 = DIRECTION('',(9.11827279178E-06,-0.999999999958,0.));
#15607 = ADVANCED_FACE('',(#15608),#15619,.F.);
#15608 = FACE_BOUND('',#15609,.T.);
#15609 = EDGE_LOOP('',(#15610,#15611,#15612,#15618));
#15610 = ORIENTED_EDGE('',*,*,#15579,.T.);
#15611 = ORIENTED_EDGE('',*,*,#11887,.T.);
#15612 = ORIENTED_EDGE('',*,*,#15613,.F.);
#15613 = EDGE_CURVE('',#8052,#11880,#15614,.T.);
#15614 = LINE('',#15615,#15616);
#15615 = CARTESIAN_POINT('',(206.79625,-95.265,0.));
#15616 = VECTOR('',#15617,1.);
#15617 = DIRECTION('',(0.,0.,1.));
#15618 = ORIENTED_EDGE('',*,*,#8059,.F.);
#15619 = CYLINDRICAL_SURFACE('',#15620,2.579695535513);
#15620 = AXIS2_PLACEMENT_3D('',#15621,#15622,#15623);
#15621 = CARTESIAN_POINT('',(206.79623112232,-97.84469553544,0.));
#15622 = DIRECTION('',(-0.,-0.,-1.));
#15623 = DIRECTION('',(0.707106653696,0.707106908677,-0.));
#15624 = ADVANCED_FACE('',(#15625),#15636,.T.);
#15625 = FACE_BOUND('',#15626,.T.);
#15626 = EDGE_LOOP('',(#15627,#15633,#15634,#15635));
#15627 = ORIENTED_EDGE('',*,*,#15628,.T.);
#15628 = EDGE_CURVE('',#7593,#11421,#15629,.T.);
#15629 = LINE('',#15630,#15631);
#15630 = CARTESIAN_POINT('',(106.78375,-19.065,0.));
#15631 = VECTOR('',#15632,1.);
#15632 = DIRECTION('',(0.,0.,1.));
#15633 = ORIENTED_EDGE('',*,*,#11420,.T.);
#15634 = ORIENTED_EDGE('',*,*,#15594,.F.);
#15635 = ORIENTED_EDGE('',*,*,#7592,.F.);
#15636 = PLANE('',#15637);
#15637 = AXIS2_PLACEMENT_3D('',#15638,#15639,#15640);
#15638 = CARTESIAN_POINT('',(106.78375,-19.065,0.));
#15639 = DIRECTION('',(6.999125108267E-08,1.,-0.));
#15640 = DIRECTION('',(1.,-6.999125108267E-08,0.));
#15641 = ADVANCED_FACE('',(#15642),#15653,.T.);
#15642 = FACE_BOUND('',#15643,.T.);
#15643 = EDGE_LOOP('',(#15644,#15645,#15646,#15652));
#15644 = ORIENTED_EDGE('',*,*,#15613,.T.);
#15645 = ORIENTED_EDGE('',*,*,#11879,.T.);
#15646 = ORIENTED_EDGE('',*,*,#15647,.F.);
#15647 = EDGE_CURVE('',#8043,#11871,#15648,.T.);
#15648 = LINE('',#15649,#15650);
#15649 = CARTESIAN_POINT('',(156.79,-95.264976,0.));
#15650 = VECTOR('',#15651,1.);
#15651 = DIRECTION('',(0.,0.,1.));
#15652 = ORIENTED_EDGE('',*,*,#8051,.F.);
#15653 = PLANE('',#15654);
#15654 = AXIS2_PLACEMENT_3D('',#15655,#15656,#15657);
#15655 = CARTESIAN_POINT('',(206.79625,-95.265,0.));
#15656 = DIRECTION('',(-4.79940007424E-07,-1.,0.));
#15657 = DIRECTION('',(-1.,4.79940007424E-07,0.));
#15658 = ADVANCED_FACE('',(#15659),#15670,.F.);
#15659 = FACE_BOUND('',#15660,.T.);
#15660 = EDGE_LOOP('',(#15661,#15667,#15668,#15669));
#15661 = ORIENTED_EDGE('',*,*,#15662,.T.);
#15662 = EDGE_CURVE('',#7601,#11429,#15663,.T.);
#15663 = LINE('',#15664,#15665);
#15664 = CARTESIAN_POINT('',(104.959649,-18.309425,0.));
#15665 = VECTOR('',#15666,1.);
#15666 = DIRECTION('',(0.,0.,1.));
#15667 = ORIENTED_EDGE('',*,*,#11428,.T.);
#15668 = ORIENTED_EDGE('',*,*,#15628,.F.);
#15669 = ORIENTED_EDGE('',*,*,#7600,.F.);
#15670 = CYLINDRICAL_SURFACE('',#15671,2.579695535513);
#15671 = AXIS2_PLACEMENT_3D('',#15672,#15673,#15674);
#15672 = CARTESIAN_POINT('',(106.78376887767,-16.48530446455,0.));
#15673 = DIRECTION('',(-0.,-0.,-1.));
#15674 = DIRECTION('',(-0.707106653696,-0.707106908677,0.));
#15675 = ADVANCED_FACE('',(#15676),#15687,.F.);
#15676 = FACE_BOUND('',#15677,.T.);
#15677 = EDGE_LOOP('',(#15678,#15679,#15680,#15686));
#15678 = ORIENTED_EDGE('',*,*,#15647,.T.);
#15679 = ORIENTED_EDGE('',*,*,#11870,.T.);
#15680 = ORIENTED_EDGE('',*,*,#15681,.F.);
#15681 = EDGE_CURVE('',#8035,#11863,#15682,.T.);
#15682 = LINE('',#15683,#15684);
#15683 = CARTESIAN_POINT('',(156.79,-96.455625,0.));
#15684 = VECTOR('',#15685,1.);
#15685 = DIRECTION('',(0.,0.,1.));
#15686 = ORIENTED_EDGE('',*,*,#8042,.F.);
#15687 = CYLINDRICAL_SURFACE('',#15688,0.595324500153);
#15688 = AXIS2_PLACEMENT_3D('',#15689,#15690,#15691);
#15689 = CARTESIAN_POINT('',(156.7900135,-95.8603005,0.));
#15690 = DIRECTION('',(-0.,-0.,-1.));
#15691 = DIRECTION('',(-2.267670828143E-05,0.999999999743,0.));
#15692 = ADVANCED_FACE('',(#15693),#15704,.T.);
#15693 = FACE_BOUND('',#15694,.T.);
#15694 = EDGE_LOOP('',(#15695,#15701,#15702,#15703));
#15695 = ORIENTED_EDGE('',*,*,#15696,.T.);
#15696 = EDGE_CURVE('',#7610,#11438,#15697,.T.);
#15697 = LINE('',#15698,#15699);
#15698 = CARTESIAN_POINT('',(102.627056,-15.976832,0.));
#15699 = VECTOR('',#15700,1.);
#15700 = DIRECTION('',(0.,0.,1.));
#15701 = ORIENTED_EDGE('',*,*,#11437,.T.);
#15702 = ORIENTED_EDGE('',*,*,#15662,.F.);
#15703 = ORIENTED_EDGE('',*,*,#7609,.F.);
#15704 = PLANE('',#15705);
#15705 = AXIS2_PLACEMENT_3D('',#15706,#15707,#15708);
#15706 = CARTESIAN_POINT('',(102.627056,-15.976832,0.));
#15707 = DIRECTION('',(0.707106781187,0.707106781187,-0.));
#15708 = DIRECTION('',(0.707106781187,-0.707106781187,0.));
#15709 = ADVANCED_FACE('',(#15710),#15721,.T.);
#15710 = FACE_BOUND('',#15711,.T.);
#15711 = EDGE_LOOP('',(#15712,#15713,#15714,#15720));
#15712 = ORIENTED_EDGE('',*,*,#15681,.T.);
#15713 = ORIENTED_EDGE('',*,*,#11862,.T.);
#15714 = ORIENTED_EDGE('',*,*,#15715,.F.);
#15715 = EDGE_CURVE('',#8026,#11854,#15716,.T.);
#15716 = LINE('',#15717,#15718);
#15717 = CARTESIAN_POINT('',(176.6338,-96.455631,0.));
#15718 = VECTOR('',#15719,1.);
#15719 = DIRECTION('',(0.,0.,1.));
#15720 = ORIENTED_EDGE('',*,*,#8034,.F.);
#15721 = PLANE('',#15722);
#15722 = AXIS2_PLACEMENT_3D('',#15723,#15724,#15725);
#15723 = CARTESIAN_POINT('',(156.79,-96.455625,0.));
#15724 = DIRECTION('',(3.023614428215E-07,1.,-0.));
#15725 = DIRECTION('',(1.,-3.023614428215E-07,0.));
#15726 = ADVANCED_FACE('',(#15727),#15738,.T.);
#15727 = FACE_BOUND('',#15728,.T.);
#15728 = EDGE_LOOP('',(#15729,#15735,#15736,#15737));
#15729 = ORIENTED_EDGE('',*,*,#15730,.T.);
#15730 = EDGE_CURVE('',#7618,#11446,#15731,.T.);
#15731 = LINE('',#15732,#15733);
#15732 = CARTESIAN_POINT('',(100.802955,-15.221257,0.));
#15733 = VECTOR('',#15734,1.);
#15734 = DIRECTION('',(0.,0.,1.));
#15735 = ORIENTED_EDGE('',*,*,#11445,.T.);
#15736 = ORIENTED_EDGE('',*,*,#15696,.F.);
#15737 = ORIENTED_EDGE('',*,*,#7617,.F.);
#15738 = CYLINDRICAL_SURFACE('',#15739,2.579695535513);
#15739 = AXIS2_PLACEMENT_3D('',#15740,#15741,#15742);
#15740 = CARTESIAN_POINT('',(100.80293612232,-17.80095253544,0.));
#15741 = DIRECTION('',(0.,0.,-1.));
#15742 = DIRECTION('',(7.31779067499E-06,0.999999999973,0.));
#15743 = ADVANCED_FACE('',(#15744),#15755,.T.);
#15744 = FACE_BOUND('',#15745,.T.);
#15745 = EDGE_LOOP('',(#15746,#15747,#15748,#15754));
#15746 = ORIENTED_EDGE('',*,*,#15715,.T.);
#15747 = ORIENTED_EDGE('',*,*,#11853,.T.);
#15748 = ORIENTED_EDGE('',*,*,#15749,.F.);
#15749 = EDGE_CURVE('',#8018,#11846,#15750,.T.);
#15750 = LINE('',#15751,#15752);
#15751 = CARTESIAN_POINT('',(174.950002,-100.520679,0.));
#15752 = VECTOR('',#15753,1.);
#15753 = DIRECTION('',(0.,0.,1.));
#15754 = ORIENTED_EDGE('',*,*,#8025,.F.);
#15755 = CYLINDRICAL_SURFACE('',#15756,2.381249705834);
#15756 = AXIS2_PLACEMENT_3D('',#15757,#15758,#15759);
#15757 = CARTESIAN_POINT('',(176.63379933522,-98.83688070583,0.));
#15758 = DIRECTION('',(0.,0.,-1.));
#15759 = DIRECTION('',(2.791724767812E-07,1.,0.));
#15760 = ADVANCED_FACE('',(#15761),#15772,.T.);
#15761 = FACE_BOUND('',#15762,.T.);
#15762 = EDGE_LOOP('',(#15763,#15769,#15770,#15771));
#15763 = ORIENTED_EDGE('',*,*,#15764,.T.);
#15764 = EDGE_CURVE('',#7627,#11455,#15765,.T.);
#15765 = LINE('',#15766,#15767);
#15766 = CARTESIAN_POINT('',(83.76495,-15.221257,0.));
#15767 = VECTOR('',#15768,1.);
#15768 = DIRECTION('',(0.,0.,1.));
#15769 = ORIENTED_EDGE('',*,*,#11454,.T.);
#15770 = ORIENTED_EDGE('',*,*,#15730,.F.);
#15771 = ORIENTED_EDGE('',*,*,#7626,.F.);
#15772 = PLANE('',#15773);
#15773 = AXIS2_PLACEMENT_3D('',#15774,#15775,#15776);
#15774 = CARTESIAN_POINT('',(83.76495,-15.221257,0.));
#15775 = DIRECTION('',(0.,1.,0.));
#15776 = DIRECTION('',(1.,0.,0.));
#15777 = ADVANCED_FACE('',(#15778),#15789,.T.);
#15778 = FACE_BOUND('',#15779,.T.);
#15779 = EDGE_LOOP('',(#15780,#15781,#15782,#15788));
#15780 = ORIENTED_EDGE('',*,*,#15749,.T.);
#15781 = ORIENTED_EDGE('',*,*,#11845,.T.);
#15782 = ORIENTED_EDGE('',*,*,#15783,.F.);
#15783 = EDGE_CURVE('',#8009,#11837,#15784,.T.);
#15784 = LINE('',#15785,#15786);
#15785 = CARTESIAN_POINT('',(174.123426,-99.694103,0.));
#15786 = VECTOR('',#15787,1.);
#15787 = DIRECTION('',(0.,0.,1.));
#15788 = ORIENTED_EDGE('',*,*,#8017,.F.);
#15789 = PLANE('',#15790);
#15790 = AXIS2_PLACEMENT_3D('',#15791,#15792,#15793);
#15791 = CARTESIAN_POINT('',(174.950002,-100.520679,0.));
#15792 = DIRECTION('',(-0.707106781187,-0.707106781187,0.));
#15793 = DIRECTION('',(-0.707106781187,0.707106781187,0.));
#15794 = ADVANCED_FACE('',(#15795),#15806,.F.);
#15795 = FACE_BOUND('',#15796,.T.);
#15796 = EDGE_LOOP('',(#15797,#15803,#15804,#15805));
#15797 = ORIENTED_EDGE('',*,*,#15798,.T.);
#15798 = EDGE_CURVE('',#7635,#11463,#15799,.T.);
#15799 = LINE('',#15800,#15801);
#15800 = CARTESIAN_POINT('',(82.306574,-14.635897,0.));
#15801 = VECTOR('',#15802,1.);
#15802 = DIRECTION('',(0.,0.,1.));
#15803 = ORIENTED_EDGE('',*,*,#11462,.T.);
#15804 = ORIENTED_EDGE('',*,*,#15764,.F.);
#15805 = ORIENTED_EDGE('',*,*,#7634,.F.);
#15806 = CYLINDRICAL_SURFACE('',#15807,2.109390094638);
#15807 = AXIS2_PLACEMENT_3D('',#15808,#15809,#15810);
#15808 = CARTESIAN_POINT('',(83.764949411886,-13.11186690536,0.));
#15809 = DIRECTION('',(-0.,-0.,-1.));
#15810 = DIRECTION('',(-0.691373025593,-0.722497985798,0.));
#15811 = ADVANCED_FACE('',(#15812),#15823,.F.);
#15812 = FACE_BOUND('',#15813,.T.);
#15813 = EDGE_LOOP('',(#15814,#15815,#15816,#15822));
#15814 = ORIENTED_EDGE('',*,*,#15783,.T.);
#15815 = ORIENTED_EDGE('',*,*,#11836,.T.);
#15816 = ORIENTED_EDGE('',*,*,#15817,.F.);
#15817 = EDGE_CURVE('',#8001,#11829,#15818,.T.);
#15818 = LINE('',#15819,#15820);
#15819 = CARTESIAN_POINT('',(172.66505,-99.108743,0.));
#15820 = VECTOR('',#15821,1.);
#15821 = DIRECTION('',(0.,0.,1.));
#15822 = ORIENTED_EDGE('',*,*,#8008,.F.);
#15823 = CYLINDRICAL_SURFACE('',#15824,2.109390094638);
#15824 = AXIS2_PLACEMENT_3D('',#15825,#15826,#15827);
#15825 = CARTESIAN_POINT('',(172.66505058811,-101.2181330946,0.));
#15826 = DIRECTION('',(-0.,-0.,-1.));
#15827 = DIRECTION('',(0.691373025593,0.722497985798,-0.));
#15828 = ADVANCED_FACE('',(#15829),#15840,.T.);
#15829 = FACE_BOUND('',#15830,.T.);
#15830 = EDGE_LOOP('',(#15831,#15837,#15838,#15839));
#15831 = ORIENTED_EDGE('',*,*,#15832,.T.);
#15832 = EDGE_CURVE('',#7644,#11472,#15833,.T.);
#15833 = LINE('',#15834,#15835);
#15834 = CARTESIAN_POINT('',(81.479998,-13.809321,0.));
#15835 = VECTOR('',#15836,1.);
#15836 = DIRECTION('',(0.,0.,1.));
#15837 = ORIENTED_EDGE('',*,*,#11471,.T.);
#15838 = ORIENTED_EDGE('',*,*,#15798,.F.);
#15839 = ORIENTED_EDGE('',*,*,#7643,.F.);
#15840 = PLANE('',#15841);
#15841 = AXIS2_PLACEMENT_3D('',#15842,#15843,#15844);
#15842 = CARTESIAN_POINT('',(81.479998,-13.809321,0.));
#15843 = DIRECTION('',(0.707106781187,0.707106781187,-0.));
#15844 = DIRECTION('',(0.707106781187,-0.707106781187,0.));
#15845 = ADVANCED_FACE('',(#15846),#15857,.T.);
#15846 = FACE_BOUND('',#15847,.T.);
#15847 = EDGE_LOOP('',(#15848,#15849,#15850,#15856));
#15848 = ORIENTED_EDGE('',*,*,#15817,.T.);
#15849 = ORIENTED_EDGE('',*,*,#11828,.T.);
#15850 = ORIENTED_EDGE('',*,*,#15851,.F.);
#15851 = EDGE_CURVE('',#7992,#11820,#15852,.T.);
#15852 = LINE('',#15853,#15854);
#15853 = CARTESIAN_POINT('',(155.627045,-99.108743,0.));
#15854 = VECTOR('',#15855,1.);
#15855 = DIRECTION('',(0.,0.,1.));
#15856 = ORIENTED_EDGE('',*,*,#8000,.F.);
#15857 = PLANE('',#15858);
#15858 = AXIS2_PLACEMENT_3D('',#15859,#15860,#15861);
#15859 = CARTESIAN_POINT('',(172.66505,-99.108743,0.));
#15860 = DIRECTION('',(0.,-1.,0.));
#15861 = DIRECTION('',(-1.,0.,0.));
#15862 = ADVANCED_FACE('',(#15863),#15874,.T.);
#15863 = FACE_BOUND('',#15864,.T.);
#15864 = EDGE_LOOP('',(#15865,#15871,#15872,#15873));
#15865 = ORIENTED_EDGE('',*,*,#15866,.T.);
#15866 = EDGE_CURVE('',#7652,#11480,#15867,.T.);
#15867 = LINE('',#15868,#15869);
#15868 = CARTESIAN_POINT('',(79.7962,-17.874369,0.));
#15869 = VECTOR('',#15870,1.);
#15870 = DIRECTION('',(0.,0.,1.));
#15871 = ORIENTED_EDGE('',*,*,#11479,.T.);
#15872 = ORIENTED_EDGE('',*,*,#15832,.F.);
#15873 = ORIENTED_EDGE('',*,*,#7651,.F.);
#15874 = CYLINDRICAL_SURFACE('',#15875,2.381249705834);
#15875 = AXIS2_PLACEMENT_3D('',#15876,#15877,#15878);
#15876 = CARTESIAN_POINT('',(79.796200664779,-15.49311929416,0.));
#15877 = DIRECTION('',(0.,0.,-1.));
#15878 = DIRECTION('',(-2.791724767812E-07,-1.,-0.));
#15879 = ADVANCED_FACE('',(#15880),#15891,.T.);
#15880 = FACE_BOUND('',#15881,.T.);
#15881 = EDGE_LOOP('',(#15882,#15883,#15884,#15890));
#15882 = ORIENTED_EDGE('',*,*,#15851,.T.);
#15883 = ORIENTED_EDGE('',*,*,#11819,.T.);
#15884 = ORIENTED_EDGE('',*,*,#15885,.F.);
#15885 = EDGE_CURVE('',#7984,#11812,#15886,.T.);
#15886 = LINE('',#15887,#15888);
#15887 = CARTESIAN_POINT('',(153.802944,-98.353168,0.));
#15888 = VECTOR('',#15889,1.);
#15889 = DIRECTION('',(0.,0.,1.));
#15890 = ORIENTED_EDGE('',*,*,#7991,.F.);
#15891 = CYLINDRICAL_SURFACE('',#15892,2.579695535513);
#15892 = AXIS2_PLACEMENT_3D('',#15893,#15894,#15895);
#15893 = CARTESIAN_POINT('',(155.62706387767,-96.52904746455,0.));
#15894 = DIRECTION('',(0.,0.,-1.));
#15895 = DIRECTION('',(-7.317790658464E-06,-0.999999999973,-0.));
#15896 = ADVANCED_FACE('',(#15897),#15908,.T.);
#15897 = FACE_BOUND('',#15898,.T.);
#15898 = EDGE_LOOP('',(#15899,#15905,#15906,#15907));
#15899 = ORIENTED_EDGE('',*,*,#15900,.T.);
#15900 = EDGE_CURVE('',#7661,#11489,#15901,.T.);
#15901 = LINE('',#15902,#15903);
#15902 = CARTESIAN_POINT('',(99.64,-17.874375,0.));
#15903 = VECTOR('',#15904,1.);
#15904 = DIRECTION('',(0.,0.,1.));
#15905 = ORIENTED_EDGE('',*,*,#11488,.T.);
#15906 = ORIENTED_EDGE('',*,*,#15866,.F.);
#15907 = ORIENTED_EDGE('',*,*,#7660,.F.);
#15908 = PLANE('',#15909);
#15909 = AXIS2_PLACEMENT_3D('',#15910,#15911,#15912);
#15910 = CARTESIAN_POINT('',(99.64,-17.874375,0.));
#15911 = DIRECTION('',(-3.023614428215E-07,-1.,0.));
#15912 = DIRECTION('',(-1.,3.023614428215E-07,0.));
#15913 = ADVANCED_FACE('',(#15914),#15925,.T.);
#15914 = FACE_BOUND('',#15915,.T.);
#15915 = EDGE_LOOP('',(#15916,#15917,#15918,#15924));
#15916 = ORIENTED_EDGE('',*,*,#15885,.T.);
#15917 = ORIENTED_EDGE('',*,*,#11811,.T.);
#15918 = ORIENTED_EDGE('',*,*,#15919,.F.);
#15919 = EDGE_CURVE('',#7975,#11803,#15920,.T.);
#15920 = LINE('',#15921,#15922);
#15921 = CARTESIAN_POINT('',(151.470351,-96.020575,0.));
#15922 = VECTOR('',#15923,1.);
#15923 = DIRECTION('',(0.,0.,1.));
#15924 = ORIENTED_EDGE('',*,*,#7983,.F.);
#15925 = PLANE('',#15926);
#15926 = AXIS2_PLACEMENT_3D('',#15927,#15928,#15929);
#15927 = CARTESIAN_POINT('',(153.802944,-98.353168,0.));
#15928 = DIRECTION('',(-0.707106781187,-0.707106781187,0.));
#15929 = DIRECTION('',(-0.707106781187,0.707106781187,0.));
#15930 = ADVANCED_FACE('',(#15931),#15942,.F.);
#15931 = FACE_BOUND('',#15932,.T.);
#15932 = EDGE_LOOP('',(#15933,#15939,#15940,#15941));
#15933 = ORIENTED_EDGE('',*,*,#15934,.T.);
#15934 = EDGE_CURVE('',#7669,#11497,#15935,.T.);
#15935 = LINE('',#15936,#15937);
#15936 = CARTESIAN_POINT('',(99.64,-19.064997,0.));
#15937 = VECTOR('',#15938,1.);
#15938 = DIRECTION('',(0.,0.,1.));
#15939 = ORIENTED_EDGE('',*,*,#11496,.T.);
#15940 = ORIENTED_EDGE('',*,*,#15900,.F.);
#15941 = ORIENTED_EDGE('',*,*,#7668,.F.);
#15942 = CYLINDRICAL_SURFACE('',#15943,0.595311);
#15943 = AXIS2_PLACEMENT_3D('',#15944,#15945,#15946);
#15944 = CARTESIAN_POINT('',(99.64,-18.469686,0.));
#15945 = DIRECTION('',(-0.,-0.,-1.));
#15946 = DIRECTION('',(-0.,-1.,0.));
#15947 = ADVANCED_FACE('',(#15948),#15959,.F.);
#15948 = FACE_BOUND('',#15949,.T.);
#15949 = EDGE_LOOP('',(#15950,#15951,#15952,#15958));
#15950 = ORIENTED_EDGE('',*,*,#15919,.T.);
#15951 = ORIENTED_EDGE('',*,*,#11802,.T.);
#15952 = ORIENTED_EDGE('',*,*,#15953,.F.);
#15953 = EDGE_CURVE('',#7967,#11795,#15954,.T.);
#15954 = LINE('',#15955,#15956);
#15955 = CARTESIAN_POINT('',(149.64625,-95.265,0.));
#15956 = VECTOR('',#15957,1.);
#15957 = DIRECTION('',(0.,0.,1.));
#15958 = ORIENTED_EDGE('',*,*,#7974,.F.);
#15959 = CYLINDRICAL_SURFACE('',#15960,2.579695535513);
#15960 = AXIS2_PLACEMENT_3D('',#15961,#15962,#15963);
#15961 = CARTESIAN_POINT('',(149.64623112232,-97.84469553544,0.));
#15962 = DIRECTION('',(-0.,-0.,-1.));
#15963 = DIRECTION('',(0.707106653696,0.707106908677,-0.));
#15964 = ADVANCED_FACE('',(#15965),#15976,.T.);
#15965 = FACE_BOUND('',#15966,.T.);
#15966 = EDGE_LOOP('',(#15967,#15973,#15974,#15975));
#15967 = ORIENTED_EDGE('',*,*,#15968,.T.);
#15968 = EDGE_CURVE('',#7678,#11506,#15969,.T.);
#15969 = LINE('',#15970,#15971);
#15970 = CARTESIAN_POINT('',(49.63375,-19.065,0.));
#15971 = VECTOR('',#15972,1.);
#15972 = DIRECTION('',(0.,0.,1.));
#15973 = ORIENTED_EDGE('',*,*,#11505,.T.);
#15974 = ORIENTED_EDGE('',*,*,#15934,.F.);
#15975 = ORIENTED_EDGE('',*,*,#7677,.F.);
#15976 = PLANE('',#15977);
#15977 = AXIS2_PLACEMENT_3D('',#15978,#15979,#15980);
#15978 = CARTESIAN_POINT('',(49.63375,-19.065,0.));
#15979 = DIRECTION('',(-5.999250092801E-08,1.,0.));
#15980 = DIRECTION('',(1.,5.999250092801E-08,0.));
#15981 = ADVANCED_FACE('',(#15982),#15993,.T.);
#15982 = FACE_BOUND('',#15983,.T.);
#15983 = EDGE_LOOP('',(#15984,#15985,#15986,#15992));
#15984 = ORIENTED_EDGE('',*,*,#15953,.T.);
#15985 = ORIENTED_EDGE('',*,*,#11794,.T.);
#15986 = ORIENTED_EDGE('',*,*,#15987,.F.);
#15987 = EDGE_CURVE('',#7958,#11786,#15988,.T.);
#15988 = LINE('',#15989,#15990);
#15989 = CARTESIAN_POINT('',(106.78375,-95.264997,0.));
#15990 = VECTOR('',#15991,1.);
#15991 = DIRECTION('',(0.,0.,1.));
#15992 = ORIENTED_EDGE('',*,*,#7966,.F.);
#15993 = PLANE('',#15994);
#15994 = AXIS2_PLACEMENT_3D('',#15995,#15996,#15997);
#15995 = CARTESIAN_POINT('',(149.64625,-95.265,0.));
#15996 = DIRECTION('',(-6.999125124845E-08,-1.,0.));
#15997 = DIRECTION('',(-1.,6.999125124845E-08,0.));
#15998 = ADVANCED_FACE('',(#15999),#16010,.F.);
#15999 = FACE_BOUND('',#16000,.T.);
#16000 = EDGE_LOOP('',(#16001,#16007,#16008,#16009));
#16001 = ORIENTED_EDGE('',*,*,#16002,.T.);
#16002 = EDGE_CURVE('',#7686,#11514,#16003,.T.);
#16003 = LINE('',#16004,#16005);
#16004 = CARTESIAN_POINT('',(47.809649,-18.309425,0.));
#16005 = VECTOR('',#16006,1.);
#16006 = DIRECTION('',(0.,0.,1.));
#16007 = ORIENTED_EDGE('',*,*,#11513,.T.);
#16008 = ORIENTED_EDGE('',*,*,#15968,.F.);
#16009 = ORIENTED_EDGE('',*,*,#7685,.F.);
#16010 = CYLINDRICAL_SURFACE('',#16011,2.579695535513);
#16011 = AXIS2_PLACEMENT_3D('',#16012,#16013,#16014);
#16012 = CARTESIAN_POINT('',(49.633768877672,-16.48530446455,0.));
#16013 = DIRECTION('',(-0.,-0.,-1.));
#16014 = DIRECTION('',(-0.707106653696,-0.707106908677,0.));
#16015 = ADVANCED_FACE('',(#16016),#16027,.F.);
#16016 = FACE_BOUND('',#16017,.T.);
#16017 = EDGE_LOOP('',(#16018,#16019,#16020,#16026));
#16018 = ORIENTED_EDGE('',*,*,#15987,.T.);
#16019 = ORIENTED_EDGE('',*,*,#11785,.T.);
#16020 = ORIENTED_EDGE('',*,*,#16021,.F.);
#16021 = EDGE_CURVE('',#7950,#11778,#16022,.T.);
#16022 = LINE('',#16023,#16024);
#16023 = CARTESIAN_POINT('',(104.959649,-96.020572,0.));
#16024 = VECTOR('',#16025,1.);
#16025 = DIRECTION('',(0.,0.,1.));
#16026 = ORIENTED_EDGE('',*,*,#7957,.F.);
#16027 = CYLINDRICAL_SURFACE('',#16028,2.579706748972);
#16028 = AXIS2_PLACEMENT_3D('',#16029,#16030,#16031);
#16029 = CARTESIAN_POINT('',(106.78377352247,-97.84470374886,0.));
#16030 = DIRECTION('',(-0.,-0.,-1.));
#16031 = DIRECTION('',(-9.118272813815E-06,0.999999999958,0.));
#16032 = ADVANCED_FACE('',(#16033),#16044,.T.);
#16033 = FACE_BOUND('',#16034,.T.);
#16034 = EDGE_LOOP('',(#16035,#16041,#16042,#16043));
#16035 = ORIENTED_EDGE('',*,*,#16036,.T.);
#16036 = EDGE_CURVE('',#7695,#11523,#16037,.T.);
#16037 = LINE('',#16038,#16039);
#16038 = CARTESIAN_POINT('',(45.477056,-15.976832,0.));
#16039 = VECTOR('',#16040,1.);
#16040 = DIRECTION('',(0.,0.,1.));
#16041 = ORIENTED_EDGE('',*,*,#11522,.T.);
#16042 = ORIENTED_EDGE('',*,*,#16002,.F.);
#16043 = ORIENTED_EDGE('',*,*,#7694,.F.);
#16044 = PLANE('',#16045);
#16045 = AXIS2_PLACEMENT_3D('',#16046,#16047,#16048);
#16046 = CARTESIAN_POINT('',(45.477056,-15.976832,0.));
#16047 = DIRECTION('',(0.707106781187,0.707106781187,-0.));
#16048 = DIRECTION('',(0.707106781187,-0.707106781187,0.));
#16049 = ADVANCED_FACE('',(#16050),#16061,.T.);
#16050 = FACE_BOUND('',#16051,.T.);
#16051 = EDGE_LOOP('',(#16052,#16053,#16054,#16060));
#16052 = ORIENTED_EDGE('',*,*,#16021,.T.);
#16053 = ORIENTED_EDGE('',*,*,#11777,.T.);
#16054 = ORIENTED_EDGE('',*,*,#16055,.F.);
#16055 = EDGE_CURVE('',#7941,#11769,#16056,.T.);
#16056 = LINE('',#16057,#16058);
#16057 = CARTESIAN_POINT('',(102.627056,-98.353165,0.));
#16058 = VECTOR('',#16059,1.);
#16059 = DIRECTION('',(0.,0.,1.));
#16060 = ORIENTED_EDGE('',*,*,#7949,.F.);
#16061 = PLANE('',#16062);
#16062 = AXIS2_PLACEMENT_3D('',#16063,#16064,#16065);
#16063 = CARTESIAN_POINT('',(104.959649,-96.020572,0.));
#16064 = DIRECTION('',(0.707106781187,-0.707106781187,0.));
#16065 = DIRECTION('',(-0.707106781187,-0.707106781187,0.));
#16066 = ADVANCED_FACE('',(#16067),#16078,.T.);
#16067 = FACE_BOUND('',#16068,.T.);
#16068 = EDGE_LOOP('',(#16069,#16075,#16076,#16077));
#16069 = ORIENTED_EDGE('',*,*,#16070,.T.);
#16070 = EDGE_CURVE('',#7703,#11531,#16071,.T.);
#16071 = LINE('',#16072,#16073);
#16072 = CARTESIAN_POINT('',(43.652955,-15.221257,0.));
#16073 = VECTOR('',#16074,1.);
#16074 = DIRECTION('',(0.,0.,1.));
#16075 = ORIENTED_EDGE('',*,*,#11530,.T.);
#16076 = ORIENTED_EDGE('',*,*,#16036,.F.);
#16077 = ORIENTED_EDGE('',*,*,#7702,.F.);
#16078 = CYLINDRICAL_SURFACE('',#16079,2.579695535513);
#16079 = AXIS2_PLACEMENT_3D('',#16080,#16081,#16082);
#16080 = CARTESIAN_POINT('',(43.652936122328,-17.80095253544,0.));
#16081 = DIRECTION('',(0.,0.,-1.));
#16082 = DIRECTION('',(7.317790669481E-06,0.999999999973,0.));
#16083 = ADVANCED_FACE('',(#16084),#16095,.T.);
#16084 = FACE_BOUND('',#16085,.T.);
#16085 = EDGE_LOOP('',(#16086,#16087,#16088,#16094));
#16086 = ORIENTED_EDGE('',*,*,#16055,.T.);
#16087 = ORIENTED_EDGE('',*,*,#11768,.T.);
#16088 = ORIENTED_EDGE('',*,*,#16089,.F.);
#16089 = EDGE_CURVE('',#7933,#11761,#16090,.T.);
#16090 = LINE('',#16091,#16092);
#16091 = CARTESIAN_POINT('',(100.802955,-99.10874,0.));
#16092 = VECTOR('',#16093,1.);
#16093 = DIRECTION('',(0.,0.,1.));
#16094 = ORIENTED_EDGE('',*,*,#7940,.F.);
#16095 = CYLINDRICAL_SURFACE('',#16096,2.579706748972);
#16096 = AXIS2_PLACEMENT_3D('',#16097,#16098,#16099);
#16097 = CARTESIAN_POINT('',(100.80293147753,-96.52903325113,0.));
#16098 = DIRECTION('',(0.,0.,-1.));
#16099 = DIRECTION('',(0.707105380562,-0.707108181809,0.));
#16100 = ADVANCED_FACE('',(#16101),#16112,.T.);
#16101 = FACE_BOUND('',#16102,.T.);
#16102 = EDGE_LOOP('',(#16103,#16109,#16110,#16111));
#16103 = ORIENTED_EDGE('',*,*,#16104,.T.);
#16104 = EDGE_CURVE('',#7712,#11540,#16105,.T.);
#16105 = LINE('',#16106,#16107);
#16106 = CARTESIAN_POINT('',(26.61495,-15.221257,0.));
#16107 = VECTOR('',#16108,1.);
#16108 = DIRECTION('',(0.,0.,1.));
#16109 = ORIENTED_EDGE('',*,*,#11539,.T.);
#16110 = ORIENTED_EDGE('',*,*,#16070,.F.);
#16111 = ORIENTED_EDGE('',*,*,#7711,.F.);
#16112 = PLANE('',#16113);
#16113 = AXIS2_PLACEMENT_3D('',#16114,#16115,#16116);
#16114 = CARTESIAN_POINT('',(26.61495,-15.221257,0.));
#16115 = DIRECTION('',(0.,1.,0.));
#16116 = DIRECTION('',(1.,0.,0.));
#16117 = ADVANCED_FACE('',(#16118),#16129,.T.);
#16118 = FACE_BOUND('',#16119,.T.);
#16119 = EDGE_LOOP('',(#16120,#16121,#16122,#16128));
#16120 = ORIENTED_EDGE('',*,*,#16089,.T.);
#16121 = ORIENTED_EDGE('',*,*,#11760,.T.);
#16122 = ORIENTED_EDGE('',*,*,#16123,.F.);
#16123 = EDGE_CURVE('',#7924,#11752,#16124,.T.);
#16124 = LINE('',#16125,#16126);
#16125 = CARTESIAN_POINT('',(83.76496,-99.10874,0.));
#16126 = VECTOR('',#16127,1.);
#16127 = DIRECTION('',(0.,0.,1.));
#16128 = ORIENTED_EDGE('',*,*,#7932,.F.);
#16129 = PLANE('',#16130);
#16130 = AXIS2_PLACEMENT_3D('',#16131,#16132,#16133);
#16131 = CARTESIAN_POINT('',(100.802955,-99.10874,0.));
#16132 = DIRECTION('',(0.,-1.,0.));
#16133 = DIRECTION('',(-1.,0.,0.));
#16134 = ADVANCED_FACE('',(#16135),#16146,.F.);
#16135 = FACE_BOUND('',#16136,.T.);
#16136 = EDGE_LOOP('',(#16137,#16143,#16144,#16145));
#16137 = ORIENTED_EDGE('',*,*,#16138,.T.);
#16138 = EDGE_CURVE('',#7720,#11548,#16139,.T.);
#16139 = LINE('',#16140,#16141);
#16140 = CARTESIAN_POINT('',(25.156575,-14.635896,0.));
#16141 = VECTOR('',#16142,1.);
#16142 = DIRECTION('',(0.,0.,1.));
#16143 = ORIENTED_EDGE('',*,*,#11547,.T.);
#16144 = ORIENTED_EDGE('',*,*,#16104,.F.);
#16145 = ORIENTED_EDGE('',*,*,#7719,.F.);
#16146 = CYLINDRICAL_SURFACE('',#16147,2.109380271365);
#16147 = AXIS2_PLACEMENT_3D('',#16148,#16149,#16150);
#16148 = CARTESIAN_POINT('',(26.61494751405,-13.11187672863,0.));
#16149 = DIRECTION('',(-0.,-0.,-1.));
#16150 = DIRECTION('',(-0.691374871495,-0.722496219412,0.));
#16151 = ADVANCED_FACE('',(#16152),#16163,.F.);
#16152 = FACE_BOUND('',#16153,.T.);
#16153 = EDGE_LOOP('',(#16154,#16155,#16156,#16162));
#16154 = ORIENTED_EDGE('',*,*,#16123,.T.);
#16155 = ORIENTED_EDGE('',*,*,#11751,.T.);
#16156 = ORIENTED_EDGE('',*,*,#16157,.F.);
#16157 = EDGE_CURVE('',#7916,#11744,#16158,.T.);
#16158 = LINE('',#16159,#16160);
#16159 = CARTESIAN_POINT('',(82.306575,-99.694101,0.));
#16160 = VECTOR('',#16161,1.);
#16161 = DIRECTION('',(0.,0.,1.));
#16162 = ORIENTED_EDGE('',*,*,#7923,.F.);
#16163 = CYLINDRICAL_SURFACE('',#16164,2.109380271612);
#16164 = AXIS2_PLACEMENT_3D('',#16165,#16166,#16167);
#16165 = CARTESIAN_POINT('',(83.764947514186,-101.2181202715,0.));
#16166 = DIRECTION('',(-0.,-0.,-1.));
#16167 = DIRECTION('',(5.919185896605E-06,0.999999999982,-0.));
#16168 = ADVANCED_FACE('',(#16169),#16180,.T.);
#16169 = FACE_BOUND('',#16170,.T.);
#16170 = EDGE_LOOP('',(#16171,#16177,#16178,#16179));
#16171 = ORIENTED_EDGE('',*,*,#16172,.T.);
#16172 = EDGE_CURVE('',#7729,#11557,#16173,.T.);
#16173 = LINE('',#16174,#16175);
#16174 = CARTESIAN_POINT('',(24.329998,-13.809321,0.));
#16175 = VECTOR('',#16176,1.);
#16176 = DIRECTION('',(0.,0.,1.));
#16177 = ORIENTED_EDGE('',*,*,#11556,.T.);
#16178 = ORIENTED_EDGE('',*,*,#16138,.F.);
#16179 = ORIENTED_EDGE('',*,*,#7728,.F.);
#16180 = PLANE('',#16181);
#16181 = AXIS2_PLACEMENT_3D('',#16182,#16183,#16184);
#16182 = CARTESIAN_POINT('',(24.329998,-13.809321,0.));
#16183 = DIRECTION('',(0.707105925721,0.707107636651,-0.));
#16184 = DIRECTION('',(0.707107636651,-0.707105925721,0.));
#16185 = ADVANCED_FACE('',(#16186),#16197,.T.);
#16186 = FACE_BOUND('',#16187,.T.);
#16187 = EDGE_LOOP('',(#16188,#16189,#16190,#16196));
#16188 = ORIENTED_EDGE('',*,*,#16157,.T.);
#16189 = ORIENTED_EDGE('',*,*,#11743,.T.);
#16190 = ORIENTED_EDGE('',*,*,#16191,.F.);
#16191 = EDGE_CURVE('',#7907,#11735,#16192,.T.);
#16192 = LINE('',#16193,#16194);
#16193 = CARTESIAN_POINT('',(81.479998,-100.520676,0.));
#16194 = VECTOR('',#16195,1.);
#16195 = DIRECTION('',(0.,0.,1.));
#16196 = ORIENTED_EDGE('',*,*,#7915,.F.);
#16197 = PLANE('',#16198);
#16198 = AXIS2_PLACEMENT_3D('',#16199,#16200,#16201);
#16199 = CARTESIAN_POINT('',(82.306575,-99.694101,0.));
#16200 = DIRECTION('',(0.707105925721,-0.707107636651,0.));
#16201 = DIRECTION('',(-0.707107636651,-0.707105925721,0.));
#16202 = ADVANCED_FACE('',(#16203),#16214,.T.);
#16203 = FACE_BOUND('',#16204,.T.);
#16204 = EDGE_LOOP('',(#16205,#16211,#16212,#16213));
#16205 = ORIENTED_EDGE('',*,*,#16206,.T.);
#16206 = EDGE_CURVE('',#7737,#11565,#16207,.T.);
#16207 = LINE('',#16208,#16209);
#16208 = CARTESIAN_POINT('',(22.6462,-17.874369,0.));
#16209 = VECTOR('',#16210,1.);
#16210 = DIRECTION('',(0.,0.,1.));
#16211 = ORIENTED_EDGE('',*,*,#11564,.T.);
#16212 = ORIENTED_EDGE('',*,*,#16172,.F.);
#16213 = ORIENTED_EDGE('',*,*,#7736,.F.);
#16214 = CYLINDRICAL_SURFACE('',#16215,2.381249705834);
#16215 = AXIS2_PLACEMENT_3D('',#16216,#16217,#16218);
#16216 = CARTESIAN_POINT('',(22.646200664779,-15.49311929416,0.));
#16217 = DIRECTION('',(0.,0.,-1.));
#16218 = DIRECTION('',(-2.791724782732E-07,-1.,-0.));
#16219 = ADVANCED_FACE('',(#16220),#16231,.T.);
#16220 = FACE_BOUND('',#16221,.T.);
#16221 = EDGE_LOOP('',(#16222,#16223,#16224,#16230));
#16222 = ORIENTED_EDGE('',*,*,#16191,.T.);
#16223 = ORIENTED_EDGE('',*,*,#11734,.T.);
#16224 = ORIENTED_EDGE('',*,*,#16225,.F.);
#16225 = EDGE_CURVE('',#7899,#11727,#16226,.T.);
#16226 = LINE('',#16227,#16228);
#16227 = CARTESIAN_POINT('',(79.7962,-96.455628,0.));
#16228 = VECTOR('',#16229,1.);
#16229 = DIRECTION('',(0.,0.,1.));
#16230 = ORIENTED_EDGE('',*,*,#7906,.F.);
#16231 = CYLINDRICAL_SURFACE('',#16232,2.381249450133);
#16232 = AXIS2_PLACEMENT_3D('',#16233,#16234,#16235);
#16233 = CARTESIAN_POINT('',(79.796201282096,-98.83687745013,0.));
#16234 = DIRECTION('',(0.,0.,-1.));
#16235 = DIRECTION('',(0.707106396522,-0.707107165851,0.));
#16236 = ADVANCED_FACE('',(#16237),#16248,.T.);
#16237 = FACE_BOUND('',#16238,.T.);
#16238 = EDGE_LOOP('',(#16239,#16245,#16246,#16247));
#16239 = ORIENTED_EDGE('',*,*,#16240,.T.);
#16240 = EDGE_CURVE('',#7746,#11574,#16241,.T.);
#16241 = LINE('',#16242,#16243);
#16242 = CARTESIAN_POINT('',(42.49,-17.874375,0.));
#16243 = VECTOR('',#16244,1.);
#16244 = DIRECTION('',(0.,0.,1.));
#16245 = ORIENTED_EDGE('',*,*,#11573,.T.);
#16246 = ORIENTED_EDGE('',*,*,#16206,.F.);
#16247 = ORIENTED_EDGE('',*,*,#7745,.F.);
#16248 = PLANE('',#16249);
#16249 = AXIS2_PLACEMENT_3D('',#16250,#16251,#16252);
#16250 = CARTESIAN_POINT('',(42.49,-17.874375,0.));
#16251 = DIRECTION('',(-3.023614428215E-07,-1.,0.));
#16252 = DIRECTION('',(-1.,3.023614428215E-07,0.));
#16253 = ADVANCED_FACE('',(#16254),#16265,.T.);
#16254 = FACE_BOUND('',#16255,.T.);
#16255 = EDGE_LOOP('',(#16256,#16257,#16258,#16264));
#16256 = ORIENTED_EDGE('',*,*,#16225,.T.);
#16257 = ORIENTED_EDGE('',*,*,#11726,.T.);
#16258 = ORIENTED_EDGE('',*,*,#16259,.F.);
#16259 = EDGE_CURVE('',#7890,#11718,#16260,.T.);
#16260 = LINE('',#16261,#16262);
#16261 = CARTESIAN_POINT('',(99.64,-96.455622,0.));
#16262 = VECTOR('',#16263,1.);
#16263 = DIRECTION('',(0.,0.,1.));
#16264 = ORIENTED_EDGE('',*,*,#7898,.F.);
#16265 = PLANE('',#16266);
#16266 = AXIS2_PLACEMENT_3D('',#16267,#16268,#16269);
#16267 = CARTESIAN_POINT('',(79.7962,-96.455628,0.));
#16268 = DIRECTION('',(-3.023614428215E-07,1.,0.));
#16269 = DIRECTION('',(1.,3.023614428215E-07,0.));
#16270 = ADVANCED_FACE('',(#16271),#16282,.F.);
#16271 = FACE_BOUND('',#16272,.T.);
#16272 = EDGE_LOOP('',(#16273,#16279,#16280,#16281));
#16273 = ORIENTED_EDGE('',*,*,#16274,.T.);
#16274 = EDGE_CURVE('',#7754,#11582,#16275,.T.);
#16275 = LINE('',#16276,#16277);
#16276 = CARTESIAN_POINT('',(42.49,-19.065,0.));
#16277 = VECTOR('',#16278,1.);
#16278 = DIRECTION('',(0.,0.,1.));
#16279 = ORIENTED_EDGE('',*,*,#11581,.T.);
#16280 = ORIENTED_EDGE('',*,*,#16240,.F.);
#16281 = ORIENTED_EDGE('',*,*,#7753,.F.);
#16282 = CYLINDRICAL_SURFACE('',#16283,0.595312500002);
#16283 = AXIS2_PLACEMENT_3D('',#16284,#16285,#16286);
#16284 = CARTESIAN_POINT('',(42.4899985,-18.4696875,0.));
#16285 = DIRECTION('',(-0.,0.,-1.));
#16286 = DIRECTION('',(2.519685044936E-06,-0.999999999997,-0.));
#16287 = ADVANCED_FACE('',(#16288),#16299,.F.);
#16288 = FACE_BOUND('',#16289,.T.);
#16289 = EDGE_LOOP('',(#16290,#16291,#16292,#16298));
#16290 = ORIENTED_EDGE('',*,*,#16259,.T.);
#16291 = ORIENTED_EDGE('',*,*,#11717,.T.);
#16292 = ORIENTED_EDGE('',*,*,#16293,.F.);
#16293 = EDGE_CURVE('',#7882,#11710,#16294,.T.);
#16294 = LINE('',#16295,#16296);
#16295 = CARTESIAN_POINT('',(99.64,-95.265,0.));
#16296 = VECTOR('',#16297,1.);
#16297 = DIRECTION('',(0.,0.,1.));
#16298 = ORIENTED_EDGE('',*,*,#7889,.F.);
#16299 = CYLINDRICAL_SURFACE('',#16300,0.595311);
#16300 = AXIS2_PLACEMENT_3D('',#16301,#16302,#16303);
#16301 = CARTESIAN_POINT('',(99.64,-95.860311,0.));
#16302 = DIRECTION('',(-0.,-0.,-1.));
#16303 = DIRECTION('',(-0.,-1.,0.));
#16304 = ADVANCED_FACE('',(#16305),#16316,.T.);
#16305 = FACE_BOUND('',#16306,.T.);
#16306 = EDGE_LOOP('',(#16307,#16313,#16314,#16315));
#16307 = ORIENTED_EDGE('',*,*,#16308,.T.);
#16308 = EDGE_CURVE('',#7763,#11591,#16309,.T.);
#16309 = LINE('',#16310,#16311);
#16310 = CARTESIAN_POINT('',(16.915,-19.065,0.));
#16311 = VECTOR('',#16312,1.);
#16312 = DIRECTION('',(0.,0.,1.));
#16313 = ORIENTED_EDGE('',*,*,#11590,.T.);
#16314 = ORIENTED_EDGE('',*,*,#16274,.F.);
#16315 = ORIENTED_EDGE('',*,*,#7762,.F.);
#16316 = PLANE('',#16317);
#16317 = AXIS2_PLACEMENT_3D('',#16318,#16319,#16320);
#16318 = CARTESIAN_POINT('',(16.915,-19.065,0.));
#16319 = DIRECTION('',(0.,1.,0.));
#16320 = DIRECTION('',(1.,0.,0.));
#16321 = ADVANCED_FACE('',(#16322),#16333,.T.);
#16322 = FACE_BOUND('',#16323,.T.);
#16323 = EDGE_LOOP('',(#16324,#16325,#16326,#16332));
#16324 = ORIENTED_EDGE('',*,*,#16293,.T.);
#16325 = ORIENTED_EDGE('',*,*,#11709,.T.);
#16326 = ORIENTED_EDGE('',*,*,#16327,.F.);
#16327 = EDGE_CURVE('',#7873,#11701,#16328,.T.);
#16328 = LINE('',#16329,#16330);
#16329 = CARTESIAN_POINT('',(49.786912,-95.264997,0.));
#16330 = VECTOR('',#16331,1.);
#16331 = DIRECTION('',(0.,0.,1.));
#16332 = ORIENTED_EDGE('',*,*,#7881,.F.);
#16333 = PLANE('',#16334);
#16334 = AXIS2_PLACEMENT_3D('',#16335,#16336,#16337);
#16335 = CARTESIAN_POINT('',(99.64,-95.265,0.));
#16336 = DIRECTION('',(-6.017681405486E-08,-1.,0.));
#16337 = DIRECTION('',(-1.,6.017681405486E-08,0.));
#16338 = ADVANCED_FACE('',(#16339),#16350,.T.);
#16339 = FACE_BOUND('',#16340,.T.);
#16340 = EDGE_LOOP('',(#16341,#16347,#16348,#16349));
#16341 = ORIENTED_EDGE('',*,*,#16342,.T.);
#16342 = EDGE_CURVE('',#7771,#11599,#16343,.T.);
#16343 = LINE('',#16344,#16345);
#16344 = CARTESIAN_POINT('',(13.915,-22.065,0.));
#16345 = VECTOR('',#16346,1.);
#16346 = DIRECTION('',(0.,0.,1.));
#16347 = ORIENTED_EDGE('',*,*,#11598,.T.);
#16348 = ORIENTED_EDGE('',*,*,#16308,.F.);
#16349 = ORIENTED_EDGE('',*,*,#7770,.F.);
#16350 = CYLINDRICAL_SURFACE('',#16351,3.000001172987);
#16351 = AXIS2_PLACEMENT_3D('',#16352,#16353,#16354);
#16352 = CARTESIAN_POINT('',(16.915001172987,-22.06500117298,0.));
#16353 = DIRECTION('',(0.,0.,-1.));
#16354 = DIRECTION('',(-1.,3.909953616065E-07,0.));
#16355 = ADVANCED_FACE('',(#16356),#16367,.F.);
#16356 = FACE_BOUND('',#16357,.T.);
#16357 = EDGE_LOOP('',(#16358,#16359,#16360,#16366));
#16358 = ORIENTED_EDGE('',*,*,#16327,.T.);
#16359 = ORIENTED_EDGE('',*,*,#11700,.T.);
#16360 = ORIENTED_EDGE('',*,*,#16361,.F.);
#16361 = EDGE_CURVE('',#7865,#11693,#16362,.T.);
#16362 = LINE('',#16363,#16364);
#16363 = CARTESIAN_POINT('',(47.953399,-96.020572,0.));
#16364 = VECTOR('',#16365,1.);
#16365 = DIRECTION('',(0.,0.,1.));
#16366 = ORIENTED_EDGE('',*,*,#7872,.F.);
#16367 = CYLINDRICAL_SURFACE('',#16368,2.579817465435);
#16368 = AXIS2_PLACEMENT_3D('',#16369,#16370,#16371);
#16369 = CARTESIAN_POINT('',(49.777586238295,-97.84479760956,0.));
#16370 = DIRECTION('',(-0.,-0.,-1.));
#16371 = DIRECTION('',(3.614892072898E-03,0.999993466256,-0.));
#16372 = ADVANCED_FACE('',(#16373),#16384,.T.);
#16373 = FACE_BOUND('',#16374,.T.);
#16374 = EDGE_LOOP('',(#16375,#16381,#16382,#16383));
#16375 = ORIENTED_EDGE('',*,*,#16376,.T.);
#16376 = EDGE_CURVE('',#7780,#11608,#16377,.T.);
#16377 = LINE('',#16378,#16379);
#16378 = CARTESIAN_POINT('',(13.915,-92.265,0.));
#16379 = VECTOR('',#16380,1.);
#16380 = DIRECTION('',(0.,0.,1.));
#16381 = ORIENTED_EDGE('',*,*,#11607,.T.);
#16382 = ORIENTED_EDGE('',*,*,#16342,.F.);
#16383 = ORIENTED_EDGE('',*,*,#7779,.F.);
#16384 = PLANE('',#16385);
#16385 = AXIS2_PLACEMENT_3D('',#16386,#16387,#16388);
#16386 = CARTESIAN_POINT('',(13.915,-92.265,0.));
#16387 = DIRECTION('',(-1.,0.,0.));
#16388 = DIRECTION('',(0.,1.,0.));
#16389 = ADVANCED_FACE('',(#16390),#16401,.T.);
#16390 = FACE_BOUND('',#16391,.T.);
#16391 = EDGE_LOOP('',(#16392,#16393,#16394,#16400));
#16392 = ORIENTED_EDGE('',*,*,#16361,.T.);
#16393 = ORIENTED_EDGE('',*,*,#11692,.T.);
#16394 = ORIENTED_EDGE('',*,*,#16395,.F.);
#16395 = EDGE_CURVE('',#7856,#11684,#16396,.T.);
#16396 = LINE('',#16397,#16398);
#16397 = CARTESIAN_POINT('',(45.620806,-98.353165,0.));
#16398 = VECTOR('',#16399,1.);
#16399 = DIRECTION('',(0.,0.,1.));
#16400 = ORIENTED_EDGE('',*,*,#7864,.F.);
#16401 = PLANE('',#16402);
#16402 = AXIS2_PLACEMENT_3D('',#16403,#16404,#16405);
#16403 = CARTESIAN_POINT('',(47.953399,-96.020572,0.));
#16404 = DIRECTION('',(0.707106781187,-0.707106781187,0.));
#16405 = DIRECTION('',(-0.707106781187,-0.707106781187,0.));
#16406 = ADVANCED_FACE('',(#16407),#16418,.T.);
#16407 = FACE_BOUND('',#16408,.T.);
#16408 = EDGE_LOOP('',(#16409,#16415,#16416,#16417));
#16409 = ORIENTED_EDGE('',*,*,#16410,.T.);
#16410 = EDGE_CURVE('',#7788,#11616,#16411,.T.);
#16411 = LINE('',#16412,#16413);
#16412 = CARTESIAN_POINT('',(16.915,-95.265,0.));
#16413 = VECTOR('',#16414,1.);
#16414 = DIRECTION('',(0.,0.,1.));
#16415 = ORIENTED_EDGE('',*,*,#11615,.T.);
#16416 = ORIENTED_EDGE('',*,*,#16376,.F.);
#16417 = ORIENTED_EDGE('',*,*,#7787,.F.);
#16418 = CYLINDRICAL_SURFACE('',#16419,3.000001172987);
#16419 = AXIS2_PLACEMENT_3D('',#16420,#16421,#16422);
#16420 = CARTESIAN_POINT('',(16.915001172987,-92.26499882701,0.));
#16421 = DIRECTION('',(0.,0.,-1.));
#16422 = DIRECTION('',(-3.909953639749E-07,-1.,-0.));
#16423 = ADVANCED_FACE('',(#16424),#16435,.T.);
#16424 = FACE_BOUND('',#16425,.T.);
#16425 = EDGE_LOOP('',(#16426,#16427,#16428,#16434));
#16426 = ORIENTED_EDGE('',*,*,#16395,.T.);
#16427 = ORIENTED_EDGE('',*,*,#11683,.T.);
#16428 = ORIENTED_EDGE('',*,*,#16429,.F.);
#16429 = EDGE_CURVE('',#7848,#11676,#16430,.T.);
#16430 = LINE('',#16431,#16432);
#16431 = CARTESIAN_POINT('',(43.796705,-99.10874,0.));
#16432 = VECTOR('',#16433,1.);
#16433 = DIRECTION('',(0.,0.,1.));
#16434 = ORIENTED_EDGE('',*,*,#7855,.F.);
#16435 = CYLINDRICAL_SURFACE('',#16436,2.579706748972);
#16436 = AXIS2_PLACEMENT_3D('',#16437,#16438,#16439);
#16437 = CARTESIAN_POINT('',(43.79668147753,-96.52903325113,0.));
#16438 = DIRECTION('',(0.,0.,-1.));
#16439 = DIRECTION('',(0.707105380562,-0.707108181809,0.));
#16440 = ADVANCED_FACE('',(#16441),#16452,.T.);
#16441 = FACE_BOUND('',#16442,.T.);
#16442 = EDGE_LOOP('',(#16443,#16449,#16450,#16451));
#16443 = ORIENTED_EDGE('',*,*,#16444,.T.);
#16444 = EDGE_CURVE('',#7797,#11625,#16445,.T.);
#16445 = LINE('',#16446,#16447);
#16446 = CARTESIAN_POINT('',(42.63375,-95.265,0.));
#16447 = VECTOR('',#16448,1.);
#16448 = DIRECTION('',(0.,0.,1.));
#16449 = ORIENTED_EDGE('',*,*,#11624,.T.);
#16450 = ORIENTED_EDGE('',*,*,#16410,.F.);
#16451 = ORIENTED_EDGE('',*,*,#7796,.F.);
#16452 = PLANE('',#16453);
#16453 = AXIS2_PLACEMENT_3D('',#16454,#16455,#16456);
#16454 = CARTESIAN_POINT('',(42.63375,-95.265,0.));
#16455 = DIRECTION('',(0.,-1.,0.));
#16456 = DIRECTION('',(-1.,0.,0.));
#16457 = ADVANCED_FACE('',(#16458),#16469,.T.);
#16458 = FACE_BOUND('',#16459,.T.);
#16459 = EDGE_LOOP('',(#16460,#16461,#16462,#16468));
#16460 = ORIENTED_EDGE('',*,*,#16429,.T.);
#16461 = ORIENTED_EDGE('',*,*,#11675,.T.);
#16462 = ORIENTED_EDGE('',*,*,#16463,.F.);
#16463 = EDGE_CURVE('',#7839,#11667,#16464,.T.);
#16464 = LINE('',#16465,#16466);
#16465 = CARTESIAN_POINT('',(26.75871,-99.10874,0.));
#16466 = VECTOR('',#16467,1.);
#16467 = DIRECTION('',(0.,0.,1.));
#16468 = ORIENTED_EDGE('',*,*,#7847,.F.);
#16469 = PLANE('',#16470);
#16470 = AXIS2_PLACEMENT_3D('',#16471,#16472,#16473);
#16471 = CARTESIAN_POINT('',(43.796705,-99.10874,0.));
#16472 = DIRECTION('',(0.,-1.,0.));
#16473 = DIRECTION('',(-1.,0.,0.));
#16474 = ADVANCED_FACE('',(#16475),#16486,.F.);
#16475 = FACE_BOUND('',#16476,.T.);
#16476 = EDGE_LOOP('',(#16477,#16483,#16484,#16485));
#16477 = ORIENTED_EDGE('',*,*,#16478,.T.);
#16478 = EDGE_CURVE('',#7805,#11633,#16479,.T.);
#16479 = LINE('',#16480,#16481);
#16480 = CARTESIAN_POINT('',(42.63375,-96.455622,0.));
#16481 = VECTOR('',#16482,1.);
#16482 = DIRECTION('',(0.,0.,1.));
#16483 = ORIENTED_EDGE('',*,*,#11632,.T.);
#16484 = ORIENTED_EDGE('',*,*,#16444,.F.);
#16485 = ORIENTED_EDGE('',*,*,#7804,.F.);
#16486 = CYLINDRICAL_SURFACE('',#16487,0.595311);
#16487 = AXIS2_PLACEMENT_3D('',#16488,#16489,#16490);
#16488 = CARTESIAN_POINT('',(42.63375,-95.860311,0.));
#16489 = DIRECTION('',(-0.,-0.,-1.));
#16490 = DIRECTION('',(-0.,-1.,0.));
#16491 = ADVANCED_FACE('',(#16492),#16503,.F.);
#16492 = FACE_BOUND('',#16493,.T.);
#16493 = EDGE_LOOP('',(#16494,#16495,#16496,#16502));
#16494 = ORIENTED_EDGE('',*,*,#16463,.T.);
#16495 = ORIENTED_EDGE('',*,*,#11666,.T.);
#16496 = ORIENTED_EDGE('',*,*,#16497,.F.);
#16497 = EDGE_CURVE('',#7831,#11659,#16498,.T.);
#16498 = LINE('',#16499,#16500);
#16499 = CARTESIAN_POINT('',(25.300325,-99.694101,0.));
#16500 = VECTOR('',#16501,1.);
#16501 = DIRECTION('',(0.,0.,1.));
#16502 = ORIENTED_EDGE('',*,*,#7838,.F.);
#16503 = CYLINDRICAL_SURFACE('',#16504,2.109380271612);
#16504 = AXIS2_PLACEMENT_3D('',#16505,#16506,#16507);
#16505 = CARTESIAN_POINT('',(26.758697514186,-101.2181202715,0.));
#16506 = DIRECTION('',(-0.,-0.,-1.));
#16507 = DIRECTION('',(5.919185899973E-06,0.999999999982,-0.));
#16508 = ADVANCED_FACE('',(#16509),#16520,.T.);
#16509 = FACE_BOUND('',#16510,.T.);
#16510 = EDGE_LOOP('',(#16511,#16517,#16518,#16519));
#16511 = ORIENTED_EDGE('',*,*,#16512,.T.);
#16512 = EDGE_CURVE('',#7814,#11642,#16513,.T.);
#16513 = LINE('',#16514,#16515);
#16514 = CARTESIAN_POINT('',(22.78995,-96.455628,0.));
#16515 = VECTOR('',#16516,1.);
#16516 = DIRECTION('',(0.,0.,1.));
#16517 = ORIENTED_EDGE('',*,*,#11641,.T.);
#16518 = ORIENTED_EDGE('',*,*,#16478,.F.);
#16519 = ORIENTED_EDGE('',*,*,#7813,.F.);
#16520 = PLANE('',#16521);
#16521 = AXIS2_PLACEMENT_3D('',#16522,#16523,#16524);
#16522 = CARTESIAN_POINT('',(22.78995,-96.455628,0.));
#16523 = DIRECTION('',(-3.023614428215E-07,1.,0.));
#16524 = DIRECTION('',(1.,3.023614428215E-07,0.));
#16525 = ADVANCED_FACE('',(#16526),#16537,.T.);
#16526 = FACE_BOUND('',#16527,.T.);
#16527 = EDGE_LOOP('',(#16528,#16529,#16530,#16536));
#16528 = ORIENTED_EDGE('',*,*,#16497,.T.);
#16529 = ORIENTED_EDGE('',*,*,#11658,.T.);
#16530 = ORIENTED_EDGE('',*,*,#16531,.F.);
#16531 = EDGE_CURVE('',#7822,#11650,#16532,.T.);
#16532 = LINE('',#16533,#16534);
#16533 = CARTESIAN_POINT('',(24.473748,-100.520676,0.));
#16534 = VECTOR('',#16535,1.);
#16535 = DIRECTION('',(0.,0.,1.));
#16536 = ORIENTED_EDGE('',*,*,#7830,.F.);
#16537 = PLANE('',#16538);
#16538 = AXIS2_PLACEMENT_3D('',#16539,#16540,#16541);
#16539 = CARTESIAN_POINT('',(25.300325,-99.694101,0.));
#16540 = DIRECTION('',(0.707105925721,-0.707107636651,0.));
#16541 = DIRECTION('',(-0.707107636651,-0.707105925721,0.));
#16542 = ADVANCED_FACE('',(#16543),#16549,.T.);
#16543 = FACE_BOUND('',#16544,.T.);
#16544 = EDGE_LOOP('',(#16545,#16546,#16547,#16548));
#16545 = ORIENTED_EDGE('',*,*,#16531,.T.);
#16546 = ORIENTED_EDGE('',*,*,#11649,.T.);
#16547 = ORIENTED_EDGE('',*,*,#16512,.F.);
#16548 = ORIENTED_EDGE('',*,*,#7821,.F.);
#16549 = CYLINDRICAL_SURFACE('',#16550,2.381249450133);
#16550 = AXIS2_PLACEMENT_3D('',#16551,#16552,#16553);
#16551 = CARTESIAN_POINT('',(22.789951282096,-98.83687745013,0.));
#16552 = DIRECTION('',(0.,0.,-1.));
#16553 = DIRECTION('',(0.707106396522,-0.707107165851,0.));
#16554 = ADVANCED_FACE('',(#16555),#16566,.F.);
#16555 = FACE_BOUND('',#16556,.T.);
#16556 = EDGE_LOOP('',(#16557,#16558,#16564,#16565));
#16557 = ORIENTED_EDGE('',*,*,#8188,.T.);
#16558 = ORIENTED_EDGE('',*,*,#16559,.T.);
#16559 = EDGE_CURVE('',#8189,#12017,#16560,.T.);
#16560 = LINE('',#16561,#16562);
#16561 = CARTESIAN_POINT('',(22.78995,-100.341878,-4.6E-02));
#16562 = VECTOR('',#16563,1.);
#16563 = DIRECTION('',(0.,0.,1.));
#16564 = ORIENTED_EDGE('',*,*,#12016,.F.);
#16565 = ORIENTED_EDGE('',*,*,#16559,.F.);
#16566 = CYLINDRICAL_SURFACE('',#16567,1.505);
#16567 = AXIS2_PLACEMENT_3D('',#16568,#16569,#16570);
#16568 = CARTESIAN_POINT('',(22.78995,-98.836878,-4.6E-02));
#16569 = DIRECTION('',(-0.,0.,-1.));
#16570 = DIRECTION('',(2.360607095548E-15,-1.,-0.));
#16571 = ADVANCED_FACE('',(#16572),#16583,.F.);
#16572 = FACE_BOUND('',#16573,.T.);
#16573 = EDGE_LOOP('',(#16574,#16575,#16581,#16582));
#16574 = ORIENTED_EDGE('',*,*,#8199,.T.);
#16575 = ORIENTED_EDGE('',*,*,#16576,.T.);
#16576 = EDGE_CURVE('',#8200,#12028,#16577,.T.);
#16577 = LINE('',#16578,#16579);
#16578 = CARTESIAN_POINT('',(59.15755,-94.249,-4.6E-02));
#16579 = VECTOR('',#16580,1.);
#16580 = DIRECTION('',(0.,0.,1.));
#16581 = ORIENTED_EDGE('',*,*,#12027,.F.);
#16582 = ORIENTED_EDGE('',*,*,#16576,.F.);
#16583 = CYLINDRICAL_SURFACE('',#16584,1.524);
#16584 = AXIS2_PLACEMENT_3D('',#16585,#16586,#16587);
#16585 = CARTESIAN_POINT('',(59.15755,-92.725,-4.6E-02));
#16586 = DIRECTION('',(-0.,-0.,-1.));
#16587 = DIRECTION('',(-0.,-1.,0.));
#16588 = ADVANCED_FACE('',(#16589),#16600,.F.);
#16589 = FACE_BOUND('',#16590,.T.);
#16590 = EDGE_LOOP('',(#16591,#16592,#16598,#16599));
#16591 = ORIENTED_EDGE('',*,*,#8210,.T.);
#16592 = ORIENTED_EDGE('',*,*,#16593,.T.);
#16593 = EDGE_CURVE('',#8211,#12039,#16594,.T.);
#16594 = LINE('',#16595,#16596);
#16595 = CARTESIAN_POINT('',(71.065,-94.2488,-4.6E-02));
#16596 = VECTOR('',#16597,1.);
#16597 = DIRECTION('',(0.,0.,1.));
#16598 = ORIENTED_EDGE('',*,*,#12038,.F.);
#16599 = ORIENTED_EDGE('',*,*,#16593,.F.);
#16600 = CYLINDRICAL_SURFACE('',#16601,1.524);
#16601 = AXIS2_PLACEMENT_3D('',#16602,#16603,#16604);
#16602 = CARTESIAN_POINT('',(71.065,-92.7248,-4.6E-02));
#16603 = DIRECTION('',(-0.,-0.,-1.));
#16604 = DIRECTION('',(-0.,-1.,0.));
#16605 = ADVANCED_FACE('',(#16606),#16617,.F.);
#16606 = FACE_BOUND('',#16607,.T.);
#16607 = EDGE_LOOP('',(#16608,#16609,#16615,#16616));
#16608 = ORIENTED_EDGE('',*,*,#8221,.T.);
#16609 = ORIENTED_EDGE('',*,*,#16610,.T.);
#16610 = EDGE_CURVE('',#8222,#12050,#16611,.T.);
#16611 = LINE('',#16612,#16613);
#16612 = CARTESIAN_POINT('',(18.36,-86.615,-4.6E-02));
#16613 = VECTOR('',#16614,1.);
#16614 = DIRECTION('',(0.,0.,1.));
#16615 = ORIENTED_EDGE('',*,*,#12049,.F.);
#16616 = ORIENTED_EDGE('',*,*,#16610,.F.);
#16617 = CYLINDRICAL_SURFACE('',#16618,0.875);
#16618 = AXIS2_PLACEMENT_3D('',#16619,#16620,#16621);
#16619 = CARTESIAN_POINT('',(18.36,-85.74,-4.6E-02));
#16620 = DIRECTION('',(-0.,-0.,-1.));
#16621 = DIRECTION('',(-0.,-1.,0.));
#16622 = ADVANCED_FACE('',(#16623),#16639,.F.);
#16623 = FACE_BOUND('',#16624,.T.);
#16624 = EDGE_LOOP('',(#16625,#16626,#16632,#16633));
#16625 = ORIENTED_EDGE('',*,*,#8232,.T.);
#16626 = ORIENTED_EDGE('',*,*,#16627,.T.);
#16627 = EDGE_CURVE('',#8235,#12063,#16628,.T.);
#16628 = LINE('',#16629,#16630);
#16629 = CARTESIAN_POINT('',(25.82125,-87.7339,-4.6E-02));
#16630 = VECTOR('',#16631,1.);
#16631 = DIRECTION('',(0.,0.,1.));
#16632 = ORIENTED_EDGE('',*,*,#12060,.F.);
#16633 = ORIENTED_EDGE('',*,*,#16634,.T.);
#16634 = EDGE_CURVE('',#12061,#8233,#16635,.T.);
#16635 = LINE('',#16636,#16637);
#16636 = CARTESIAN_POINT('',(27.765347039833,-86.18285879206,-4.6E-02));
#16637 = VECTOR('',#16638,1.);
#16638 = DIRECTION('',(-0.,-0.,-1.));
#16639 = CYLINDRICAL_SURFACE('',#16640,1.9939);
#16640 = AXIS2_PLACEMENT_3D('',#16641,#16642,#16643);
#16641 = CARTESIAN_POINT('',(25.82125,-85.74,-4.6E-02));
#16642 = DIRECTION('',(-0.,-0.,-1.));
#16643 = DIRECTION('',(-0.,-1.,0.));
#16644 = ADVANCED_FACE('',(#16645),#16656,.F.);
#16645 = FACE_BOUND('',#16646,.T.);
#16646 = EDGE_LOOP('',(#16647,#16653,#16654,#16655));
#16647 = ORIENTED_EDGE('',*,*,#16648,.F.);
#16648 = EDGE_CURVE('',#8307,#12135,#16649,.T.);
#16649 = LINE('',#16650,#16651);
#16650 = CARTESIAN_POINT('',(28.52,-86.615,-4.6E-02));
#16651 = VECTOR('',#16652,1.);
#16652 = DIRECTION('',(0.,0.,1.));
#16653 = ORIENTED_EDGE('',*,*,#8315,.T.);
#16654 = ORIENTED_EDGE('',*,*,#16634,.F.);
#16655 = ORIENTED_EDGE('',*,*,#12143,.F.);
#16656 = CYLINDRICAL_SURFACE('',#16657,0.875);
#16657 = AXIS2_PLACEMENT_3D('',#16658,#16659,#16660);
#16658 = CARTESIAN_POINT('',(28.52,-85.74,-4.6E-02));
#16659 = DIRECTION('',(-0.,-0.,-1.));
#16660 = DIRECTION('',(-0.,-1.,0.));
#16661 = ADVANCED_FACE('',(#16662),#16673,.F.);
#16662 = FACE_BOUND('',#16663,.T.);
#16663 = EDGE_LOOP('',(#16664,#16665,#16666,#16667));
#16664 = ORIENTED_EDGE('',*,*,#8306,.T.);
#16665 = ORIENTED_EDGE('',*,*,#16648,.T.);
#16666 = ORIENTED_EDGE('',*,*,#12134,.F.);
#16667 = ORIENTED_EDGE('',*,*,#16668,.T.);
#16668 = EDGE_CURVE('',#12126,#8298,#16669,.T.);
#16669 = LINE('',#16670,#16671);
#16670 = CARTESIAN_POINT('',(27.765347039833,-85.29714120793,-4.6E-02));
#16671 = VECTOR('',#16672,1.);
#16672 = DIRECTION('',(-0.,-0.,-1.));
#16673 = CYLINDRICAL_SURFACE('',#16674,0.875);
#16674 = AXIS2_PLACEMENT_3D('',#16675,#16676,#16677);
#16675 = CARTESIAN_POINT('',(28.52,-85.74,-4.6E-02));
#16676 = DIRECTION('',(-0.,-0.,-1.));
#16677 = DIRECTION('',(-0.,-1.,0.));
#16678 = ADVANCED_FACE('',(#16679),#16690,.F.);
#16679 = FACE_BOUND('',#16680,.T.);
#16680 = EDGE_LOOP('',(#16681,#16687,#16688,#16689));
#16681 = ORIENTED_EDGE('',*,*,#16682,.T.);
#16682 = EDGE_CURVE('',#12117,#8289,#16683,.T.);
#16683 = LINE('',#16684,#16685);
#16684 = CARTESIAN_POINT('',(24.630625,-84.14060970386,-4.6E-02));
#16685 = VECTOR('',#16686,1.);
#16686 = DIRECTION('',(-0.,-0.,-1.));
#16687 = ORIENTED_EDGE('',*,*,#8297,.T.);
#16688 = ORIENTED_EDGE('',*,*,#16668,.F.);
#16689 = ORIENTED_EDGE('',*,*,#12125,.F.);
#16690 = CYLINDRICAL_SURFACE('',#16691,1.9939);
#16691 = AXIS2_PLACEMENT_3D('',#16692,#16693,#16694);
#16692 = CARTESIAN_POINT('',(25.82125,-85.74,-4.6E-02));
#16693 = DIRECTION('',(-0.,-0.,-1.));
#16694 = DIRECTION('',(-0.,-1.,0.));
#16695 = ADVANCED_FACE('',(#16696),#16707,.F.);
#16696 = FACE_BOUND('',#16697,.T.);
#16697 = EDGE_LOOP('',(#16698,#16704,#16705,#16706));
#16698 = ORIENTED_EDGE('',*,*,#16699,.T.);
#16699 = EDGE_CURVE('',#12108,#8280,#16700,.T.);
#16700 = LINE('',#16701,#16702);
#16701 = CARTESIAN_POINT('',(21.495902960167,-85.29714120793,-4.6E-02));
#16702 = VECTOR('',#16703,1.);
#16703 = DIRECTION('',(-0.,-0.,-1.));
#16704 = ORIENTED_EDGE('',*,*,#8288,.T.);
#16705 = ORIENTED_EDGE('',*,*,#16682,.F.);
#16706 = ORIENTED_EDGE('',*,*,#12116,.F.);
#16707 = CYLINDRICAL_SURFACE('',#16708,1.9939);
#16708 = AXIS2_PLACEMENT_3D('',#16709,#16710,#16711);
#16709 = CARTESIAN_POINT('',(23.44,-85.74,-4.6E-02));
#16710 = DIRECTION('',(-0.,-0.,-1.));
#16711 = DIRECTION('',(-0.,-1.,0.));
#16712 = ADVANCED_FACE('',(#16713),#16724,.F.);
#16713 = FACE_BOUND('',#16714,.T.);
#16714 = EDGE_LOOP('',(#16715,#16721,#16722,#16723));
#16715 = ORIENTED_EDGE('',*,*,#16716,.F.);
#16716 = EDGE_CURVE('',#8271,#12099,#16717,.T.);
#16717 = LINE('',#16718,#16719);
#16718 = CARTESIAN_POINT('',(20.74125,-86.615,-4.6E-02));
#16719 = VECTOR('',#16720,1.);
#16720 = DIRECTION('',(0.,0.,1.));
#16721 = ORIENTED_EDGE('',*,*,#8279,.T.);
#16722 = ORIENTED_EDGE('',*,*,#16699,.F.);
#16723 = ORIENTED_EDGE('',*,*,#12107,.F.);
#16724 = CYLINDRICAL_SURFACE('',#16725,0.875);
#16725 = AXIS2_PLACEMENT_3D('',#16726,#16727,#16728);
#16726 = CARTESIAN_POINT('',(20.74125,-85.74,-4.6E-02));
#16727 = DIRECTION('',(-0.,-0.,-1.));
#16728 = DIRECTION('',(-0.,-1.,0.));
#16729 = ADVANCED_FACE('',(#16730),#16741,.F.);
#16730 = FACE_BOUND('',#16731,.T.);
#16731 = EDGE_LOOP('',(#16732,#16733,#16734,#16735));
#16732 = ORIENTED_EDGE('',*,*,#8270,.T.);
#16733 = ORIENTED_EDGE('',*,*,#16716,.T.);
#16734 = ORIENTED_EDGE('',*,*,#12098,.F.);
#16735 = ORIENTED_EDGE('',*,*,#16736,.T.);
#16736 = EDGE_CURVE('',#12090,#8262,#16737,.T.);
#16737 = LINE('',#16738,#16739);
#16738 = CARTESIAN_POINT('',(21.495902960167,-86.18285879206,-4.6E-02));
#16739 = VECTOR('',#16740,1.);
#16740 = DIRECTION('',(-0.,-0.,-1.));
#16741 = CYLINDRICAL_SURFACE('',#16742,0.875);
#16742 = AXIS2_PLACEMENT_3D('',#16743,#16744,#16745);
#16743 = CARTESIAN_POINT('',(20.74125,-85.74,-4.6E-02));
#16744 = DIRECTION('',(-0.,-0.,-1.));
#16745 = DIRECTION('',(-0.,-1.,0.));
#16746 = ADVANCED_FACE('',(#16747),#16758,.F.);
#16747 = FACE_BOUND('',#16748,.T.);
#16748 = EDGE_LOOP('',(#16749,#16755,#16756,#16757));
#16749 = ORIENTED_EDGE('',*,*,#16750,.F.);
#16750 = EDGE_CURVE('',#8253,#12081,#16751,.T.);
#16751 = LINE('',#16752,#16753);
#16752 = CARTESIAN_POINT('',(23.44,-87.7339,-4.6E-02));
#16753 = VECTOR('',#16754,1.);
#16754 = DIRECTION('',(0.,0.,1.));
#16755 = ORIENTED_EDGE('',*,*,#8261,.T.);
#16756 = ORIENTED_EDGE('',*,*,#16736,.F.);
#16757 = ORIENTED_EDGE('',*,*,#12089,.F.);
#16758 = CYLINDRICAL_SURFACE('',#16759,1.9939);
#16759 = AXIS2_PLACEMENT_3D('',#16760,#16761,#16762);
#16760 = CARTESIAN_POINT('',(23.44,-85.74,-4.6E-02));
#16761 = DIRECTION('',(-0.,-0.,-1.));
#16762 = DIRECTION('',(-0.,-1.,0.));
#16763 = ADVANCED_FACE('',(#16764),#16775,.F.);
#16764 = FACE_BOUND('',#16765,.T.);
#16765 = EDGE_LOOP('',(#16766,#16767,#16768,#16769));
#16766 = ORIENTED_EDGE('',*,*,#8252,.T.);
#16767 = ORIENTED_EDGE('',*,*,#16750,.T.);
#16768 = ORIENTED_EDGE('',*,*,#12080,.F.);
#16769 = ORIENTED_EDGE('',*,*,#16770,.T.);
#16770 = EDGE_CURVE('',#12072,#8244,#16771,.T.);
#16771 = LINE('',#16772,#16773);
#16772 = CARTESIAN_POINT('',(24.630625,-87.33939029613,-4.6E-02));
#16773 = VECTOR('',#16774,1.);
#16774 = DIRECTION('',(-0.,-0.,-1.));
#16775 = CYLINDRICAL_SURFACE('',#16776,1.9939);
#16776 = AXIS2_PLACEMENT_3D('',#16777,#16778,#16779);
#16777 = CARTESIAN_POINT('',(23.44,-85.74,-4.6E-02));
#16778 = DIRECTION('',(-0.,-0.,-1.));
#16779 = DIRECTION('',(-0.,-1.,0.));
#16780 = ADVANCED_FACE('',(#16781),#16787,.F.);
#16781 = FACE_BOUND('',#16782,.T.);
#16782 = EDGE_LOOP('',(#16783,#16784,#16785,#16786));
#16783 = ORIENTED_EDGE('',*,*,#16627,.F.);
#16784 = ORIENTED_EDGE('',*,*,#8243,.T.);
#16785 = ORIENTED_EDGE('',*,*,#16770,.F.);
#16786 = ORIENTED_EDGE('',*,*,#12071,.F.);
#16787 = CYLINDRICAL_SURFACE('',#16788,1.9939);
#16788 = AXIS2_PLACEMENT_3D('',#16789,#16790,#16791);
#16789 = CARTESIAN_POINT('',(25.82125,-85.74,-4.6E-02));
#16790 = DIRECTION('',(-0.,-0.,-1.));
#16791 = DIRECTION('',(-0.,-1.,0.));
#16792 = ADVANCED_FACE('',(#16793),#16804,.F.);
#16793 = FACE_BOUND('',#16794,.T.);
#16794 = EDGE_LOOP('',(#16795,#16796,#16802,#16803));
#16795 = ORIENTED_EDGE('',*,*,#8324,.T.);
#16796 = ORIENTED_EDGE('',*,*,#16797,.T.);
#16797 = EDGE_CURVE('',#8325,#12153,#16798,.T.);
#16798 = LINE('',#16799,#16800);
#16799 = CARTESIAN_POINT('',(30.90125,-86.615,-4.6E-02));
#16800 = VECTOR('',#16801,1.);
#16801 = DIRECTION('',(0.,0.,1.));
#16802 = ORIENTED_EDGE('',*,*,#12152,.F.);
#16803 = ORIENTED_EDGE('',*,*,#16797,.F.);
#16804 = CYLINDRICAL_SURFACE('',#16805,0.875);
#16805 = AXIS2_PLACEMENT_3D('',#16806,#16807,#16808);
#16806 = CARTESIAN_POINT('',(30.90125,-85.74,-4.6E-02));
#16807 = DIRECTION('',(-0.,-0.,-1.));
#16808 = DIRECTION('',(-0.,-1.,0.));
#16809 = ADVANCED_FACE('',(#16810),#16821,.F.);
#16810 = FACE_BOUND('',#16811,.T.);
#16811 = EDGE_LOOP('',(#16812,#16813,#16819,#16820));
#16812 = ORIENTED_EDGE('',*,*,#8335,.T.);
#16813 = ORIENTED_EDGE('',*,*,#16814,.T.);
#16814 = EDGE_CURVE('',#8336,#12164,#16815,.T.);
#16815 = LINE('',#16816,#16817);
#16816 = CARTESIAN_POINT('',(37.41,-86.615,-4.6E-02));
#16817 = VECTOR('',#16818,1.);
#16818 = DIRECTION('',(0.,0.,1.));
#16819 = ORIENTED_EDGE('',*,*,#12163,.F.);
#16820 = ORIENTED_EDGE('',*,*,#16814,.F.);
#16821 = CYLINDRICAL_SURFACE('',#16822,0.875);
#16822 = AXIS2_PLACEMENT_3D('',#16823,#16824,#16825);
#16823 = CARTESIAN_POINT('',(37.41,-85.74,-4.6E-02));
#16824 = DIRECTION('',(-0.,-0.,-1.));
#16825 = DIRECTION('',(-0.,-1.,0.));
#16826 = ADVANCED_FACE('',(#16827),#16843,.F.);
#16827 = FACE_BOUND('',#16828,.T.);
#16828 = EDGE_LOOP('',(#16829,#16830,#16836,#16837));
#16829 = ORIENTED_EDGE('',*,*,#8346,.T.);
#16830 = ORIENTED_EDGE('',*,*,#16831,.T.);
#16831 = EDGE_CURVE('',#8349,#12177,#16832,.T.);
#16832 = LINE('',#16833,#16834);
#16833 = CARTESIAN_POINT('',(42.49,-87.7339,-4.6E-02));
#16834 = VECTOR('',#16835,1.);
#16835 = DIRECTION('',(0.,0.,1.));
#16836 = ORIENTED_EDGE('',*,*,#12174,.F.);
#16837 = ORIENTED_EDGE('',*,*,#16838,.T.);
#16838 = EDGE_CURVE('',#12175,#8347,#16839,.T.);
#16839 = LINE('',#16840,#16841);
#16840 = CARTESIAN_POINT('',(44.299588436705,-86.5772734916,-4.6E-02));
#16841 = VECTOR('',#16842,1.);
#16842 = DIRECTION('',(-0.,0.,-1.));
#16843 = CYLINDRICAL_SURFACE('',#16844,1.9939);
#16844 = AXIS2_PLACEMENT_3D('',#16845,#16846,#16847);
#16845 = CARTESIAN_POINT('',(42.49,-85.74,-4.6E-02));
#16846 = DIRECTION('',(-0.,0.,-1.));
#16847 = DIRECTION('',(3.563582605748E-15,-1.,-0.));
#16848 = ADVANCED_FACE('',(#16849),#16860,.F.);
#16849 = FACE_BOUND('',#16850,.T.);
#16850 = EDGE_LOOP('',(#16851,#16857,#16858,#16859));
#16851 = ORIENTED_EDGE('',*,*,#16852,.F.);
#16852 = EDGE_CURVE('',#8367,#12195,#16853,.T.);
#16853 = LINE('',#16854,#16855);
#16854 = CARTESIAN_POINT('',(44.55375,-86.615,-4.6E-02));
#16855 = VECTOR('',#16856,1.);
#16856 = DIRECTION('',(0.,0.,1.));
#16857 = ORIENTED_EDGE('',*,*,#8375,.T.);
#16858 = ORIENTED_EDGE('',*,*,#16838,.F.);
#16859 = ORIENTED_EDGE('',*,*,#12203,.F.);
#16860 = CYLINDRICAL_SURFACE('',#16861,0.875);
#16861 = AXIS2_PLACEMENT_3D('',#16862,#16863,#16864);
#16862 = CARTESIAN_POINT('',(44.55375,-85.74,-4.6E-02));
#16863 = DIRECTION('',(-0.,-0.,-1.));
#16864 = DIRECTION('',(-0.,-1.,0.));
#16865 = ADVANCED_FACE('',(#16866),#16877,.F.);
#16866 = FACE_BOUND('',#16867,.T.);
#16867 = EDGE_LOOP('',(#16868,#16869,#16870,#16871));
#16868 = ORIENTED_EDGE('',*,*,#8366,.T.);
#16869 = ORIENTED_EDGE('',*,*,#16852,.T.);
#16870 = ORIENTED_EDGE('',*,*,#12194,.F.);
#16871 = ORIENTED_EDGE('',*,*,#16872,.T.);
#16872 = EDGE_CURVE('',#12186,#8358,#16873,.T.);
#16873 = LINE('',#16874,#16875);
#16874 = CARTESIAN_POINT('',(44.299588436705,-84.90272650839,-4.6E-02));
#16875 = VECTOR('',#16876,1.);
#16876 = DIRECTION('',(-0.,0.,-1.));
#16877 = CYLINDRICAL_SURFACE('',#16878,0.875);
#16878 = AXIS2_PLACEMENT_3D('',#16879,#16880,#16881);
#16879 = CARTESIAN_POINT('',(44.55375,-85.74,-4.6E-02));
#16880 = DIRECTION('',(-0.,-0.,-1.));
#16881 = DIRECTION('',(-0.,-1.,0.));
#16882 = ADVANCED_FACE('',(#16883),#16889,.F.);
#16883 = FACE_BOUND('',#16884,.T.);
#16884 = EDGE_LOOP('',(#16885,#16886,#16887,#16888));
#16885 = ORIENTED_EDGE('',*,*,#16831,.F.);
#16886 = ORIENTED_EDGE('',*,*,#8357,.T.);
#16887 = ORIENTED_EDGE('',*,*,#16872,.F.);
#16888 = ORIENTED_EDGE('',*,*,#12185,.F.);
#16889 = CYLINDRICAL_SURFACE('',#16890,1.9939);
#16890 = AXIS2_PLACEMENT_3D('',#16891,#16892,#16893);
#16891 = CARTESIAN_POINT('',(42.49,-85.74,-4.6E-02));
#16892 = DIRECTION('',(-0.,0.,-1.));
#16893 = DIRECTION('',(3.563582605748E-15,-1.,-0.));
#16894 = ADVANCED_FACE('',(#16895),#16906,.F.);
#16895 = FACE_BOUND('',#16896,.T.);
#16896 = EDGE_LOOP('',(#16897,#16898,#16904,#16905));
#16897 = ORIENTED_EDGE('',*,*,#8384,.T.);
#16898 = ORIENTED_EDGE('',*,*,#16899,.T.);
#16899 = EDGE_CURVE('',#8385,#12213,#16900,.T.);
#16900 = LINE('',#16901,#16902);
#16901 = CARTESIAN_POINT('',(19.63,-83.935,-4.6E-02));
#16902 = VECTOR('',#16903,1.);
#16903 = DIRECTION('',(0.,0.,1.));
#16904 = ORIENTED_EDGE('',*,*,#12212,.F.);
#16905 = ORIENTED_EDGE('',*,*,#16899,.F.);
#16906 = CYLINDRICAL_SURFACE('',#16907,0.735);
#16907 = AXIS2_PLACEMENT_3D('',#16908,#16909,#16910);
#16908 = CARTESIAN_POINT('',(19.63,-83.2,-4.6E-02));
#16909 = DIRECTION('',(-0.,-0.,-1.));
#16910 = DIRECTION('',(-0.,-1.,0.));
#16911 = ADVANCED_FACE('',(#16912),#16923,.F.);
#16912 = FACE_BOUND('',#16913,.T.);
#16913 = EDGE_LOOP('',(#16914,#16915,#16921,#16922));
#16914 = ORIENTED_EDGE('',*,*,#8395,.T.);
#16915 = ORIENTED_EDGE('',*,*,#16916,.T.);
#16916 = EDGE_CURVE('',#8396,#12224,#16917,.T.);
#16917 = LINE('',#16918,#16919);
#16918 = CARTESIAN_POINT('',(22.01125,-83.935,-4.6E-02));
#16919 = VECTOR('',#16920,1.);
#16920 = DIRECTION('',(0.,0.,1.));
#16921 = ORIENTED_EDGE('',*,*,#12223,.F.);
#16922 = ORIENTED_EDGE('',*,*,#16916,.F.);
#16923 = CYLINDRICAL_SURFACE('',#16924,0.735);
#16924 = AXIS2_PLACEMENT_3D('',#16925,#16926,#16927);
#16925 = CARTESIAN_POINT('',(22.01125,-83.2,-4.6E-02));
#16926 = DIRECTION('',(-0.,-0.,-1.));
#16927 = DIRECTION('',(-0.,-1.,0.));
#16928 = ADVANCED_FACE('',(#16929),#16940,.F.);
#16929 = FACE_BOUND('',#16930,.T.);
#16930 = EDGE_LOOP('',(#16931,#16932,#16938,#16939));
#16931 = ORIENTED_EDGE('',*,*,#8406,.T.);
#16932 = ORIENTED_EDGE('',*,*,#16933,.T.);
#16933 = EDGE_CURVE('',#8407,#12235,#16934,.T.);
#16934 = LINE('',#16935,#16936);
#16935 = CARTESIAN_POINT('',(25.98,-81.395,-4.6E-02));
#16936 = VECTOR('',#16937,1.);
#16937 = DIRECTION('',(0.,0.,1.));
#16938 = ORIENTED_EDGE('',*,*,#12234,.F.);
#16939 = ORIENTED_EDGE('',*,*,#16933,.F.);
#16940 = CYLINDRICAL_SURFACE('',#16941,0.735);
#16941 = AXIS2_PLACEMENT_3D('',#16942,#16943,#16944);
#16942 = CARTESIAN_POINT('',(25.98,-80.66,-4.6E-02));
#16943 = DIRECTION('',(-0.,-0.,-1.));
#16944 = DIRECTION('',(-0.,-1.,0.));
#16945 = ADVANCED_FACE('',(#16946),#16957,.F.);
#16946 = FACE_BOUND('',#16947,.T.);
#16947 = EDGE_LOOP('',(#16948,#16949,#16955,#16956));
#16948 = ORIENTED_EDGE('',*,*,#8417,.T.);
#16949 = ORIENTED_EDGE('',*,*,#16950,.T.);
#16950 = EDGE_CURVE('',#8418,#12246,#16951,.T.);
#16951 = LINE('',#16952,#16953);
#16952 = CARTESIAN_POINT('',(28.36125,-81.395,-4.6E-02));
#16953 = VECTOR('',#16954,1.);
#16954 = DIRECTION('',(0.,0.,1.));
#16955 = ORIENTED_EDGE('',*,*,#12245,.F.);
#16956 = ORIENTED_EDGE('',*,*,#16950,.F.);
#16957 = CYLINDRICAL_SURFACE('',#16958,0.735);
#16958 = AXIS2_PLACEMENT_3D('',#16959,#16960,#16961);
#16959 = CARTESIAN_POINT('',(28.36125,-80.66,-4.6E-02));
#16960 = DIRECTION('',(-0.,-0.,-1.));
#16961 = DIRECTION('',(-0.,-1.,0.));
#16962 = ADVANCED_FACE('',(#16963),#16974,.F.);
#16963 = FACE_BOUND('',#16964,.T.);
#16964 = EDGE_LOOP('',(#16965,#16966,#16972,#16973));
#16965 = ORIENTED_EDGE('',*,*,#8428,.T.);
#16966 = ORIENTED_EDGE('',*,*,#16967,.T.);
#16967 = EDGE_CURVE('',#8429,#12257,#16968,.T.);
#16968 = LINE('',#16969,#16970);
#16969 = CARTESIAN_POINT('',(38.68,-83.935,-4.6E-02));
#16970 = VECTOR('',#16971,1.);
#16971 = DIRECTION('',(0.,0.,1.));
#16972 = ORIENTED_EDGE('',*,*,#12256,.F.);
#16973 = ORIENTED_EDGE('',*,*,#16967,.F.);
#16974 = CYLINDRICAL_SURFACE('',#16975,0.735);
#16975 = AXIS2_PLACEMENT_3D('',#16976,#16977,#16978);
#16976 = CARTESIAN_POINT('',(38.68,-83.2,-4.6E-02));
#16977 = DIRECTION('',(-0.,-0.,-1.));
#16978 = DIRECTION('',(-0.,-1.,0.));
#16979 = ADVANCED_FACE('',(#16980),#16991,.F.);
#16980 = FACE_BOUND('',#16981,.T.);
#16981 = EDGE_LOOP('',(#16982,#16983,#16989,#16990));
#16982 = ORIENTED_EDGE('',*,*,#8439,.T.);
#16983 = ORIENTED_EDGE('',*,*,#16984,.T.);
#16984 = EDGE_CURVE('',#8440,#12268,#16985,.T.);
#16985 = LINE('',#16986,#16987);
#16986 = CARTESIAN_POINT('',(45.03,-81.395,-4.6E-02));
#16987 = VECTOR('',#16988,1.);
#16988 = DIRECTION('',(0.,0.,1.));
#16989 = ORIENTED_EDGE('',*,*,#12267,.F.);
#16990 = ORIENTED_EDGE('',*,*,#16984,.F.);
#16991 = CYLINDRICAL_SURFACE('',#16992,0.735);
#16992 = AXIS2_PLACEMENT_3D('',#16993,#16994,#16995);
#16993 = CARTESIAN_POINT('',(45.03,-80.66,-4.6E-02));
#16994 = DIRECTION('',(-0.,-0.,-1.));
#16995 = DIRECTION('',(-0.,-1.,0.));
#16996 = ADVANCED_FACE('',(#16997),#17013,.F.);
#16997 = FACE_BOUND('',#16998,.T.);
#16998 = EDGE_LOOP('',(#16999,#17000,#17006,#17007));
#16999 = ORIENTED_EDGE('',*,*,#8450,.T.);
#17000 = ORIENTED_EDGE('',*,*,#17001,.T.);
#17001 = EDGE_CURVE('',#8453,#12281,#17002,.T.);
#17002 = LINE('',#17003,#17004);
#17003 = CARTESIAN_POINT('',(47.57,-86.615,-4.6E-02));
#17004 = VECTOR('',#17005,1.);
#17005 = DIRECTION('',(0.,0.,1.));
#17006 = ORIENTED_EDGE('',*,*,#12278,.F.);
#17007 = ORIENTED_EDGE('',*,*,#17008,.T.);
#17008 = EDGE_CURVE('',#12279,#8451,#17009,.T.);
#17009 = LINE('',#17010,#17011);
#17010 = CARTESIAN_POINT('',(47.824161563295,-86.5772734916,-4.6E-02));
#17011 = VECTOR('',#17012,1.);
#17012 = DIRECTION('',(-0.,-0.,-1.));
#17013 = CYLINDRICAL_SURFACE('',#17014,0.875);
#17014 = AXIS2_PLACEMENT_3D('',#17015,#17016,#17017);
#17015 = CARTESIAN_POINT('',(47.57,-85.74,-4.6E-02));
#17016 = DIRECTION('',(-0.,-0.,-1.));
#17017 = DIRECTION('',(-0.,-1.,0.));
#17018 = ADVANCED_FACE('',(#17019),#17030,.F.);
#17019 = FACE_BOUND('',#17020,.T.);
#17020 = EDGE_LOOP('',(#17021,#17027,#17028,#17029));
#17021 = ORIENTED_EDGE('',*,*,#17022,.F.);
#17022 = EDGE_CURVE('',#8471,#12299,#17023,.T.);
#17023 = LINE('',#17024,#17025);
#17024 = CARTESIAN_POINT('',(49.63375,-87.7339,-4.6E-02));
#17025 = VECTOR('',#17026,1.);
#17026 = DIRECTION('',(0.,0.,1.));
#17027 = ORIENTED_EDGE('',*,*,#8479,.T.);
#17028 = ORIENTED_EDGE('',*,*,#17008,.F.);
#17029 = ORIENTED_EDGE('',*,*,#12307,.F.);
#17030 = CYLINDRICAL_SURFACE('',#17031,1.9939);
#17031 = AXIS2_PLACEMENT_3D('',#17032,#17033,#17034);
#17032 = CARTESIAN_POINT('',(49.63375,-85.74,-4.6E-02));
#17033 = DIRECTION('',(-0.,-0.,-1.));
#17034 = DIRECTION('',(-3.563582605748E-15,-1.,0.));
#17035 = ADVANCED_FACE('',(#17036),#17047,.F.);
#17036 = FACE_BOUND('',#17037,.T.);
#17037 = EDGE_LOOP('',(#17038,#17039,#17040,#17041));
#17038 = ORIENTED_EDGE('',*,*,#8470,.T.);
#17039 = ORIENTED_EDGE('',*,*,#17022,.T.);
#17040 = ORIENTED_EDGE('',*,*,#12298,.F.);
#17041 = ORIENTED_EDGE('',*,*,#17042,.T.);
#17042 = EDGE_CURVE('',#12290,#8462,#17043,.T.);
#17043 = LINE('',#17044,#17045);
#17044 = CARTESIAN_POINT('',(47.824161563295,-84.90272650839,-4.6E-02));
#17045 = VECTOR('',#17046,1.);
#17046 = DIRECTION('',(-0.,-0.,-1.));
#17047 = CYLINDRICAL_SURFACE('',#17048,1.9939);
#17048 = AXIS2_PLACEMENT_3D('',#17049,#17050,#17051);
#17049 = CARTESIAN_POINT('',(49.63375,-85.74,-4.6E-02));
#17050 = DIRECTION('',(-0.,-0.,-1.));
#17051 = DIRECTION('',(-3.563582605748E-15,-1.,0.));
#17052 = ADVANCED_FACE('',(#17053),#17059,.F.);
#17053 = FACE_BOUND('',#17054,.T.);
#17054 = EDGE_LOOP('',(#17055,#17056,#17057,#17058));
#17055 = ORIENTED_EDGE('',*,*,#17001,.F.);
#17056 = ORIENTED_EDGE('',*,*,#8461,.T.);
#17057 = ORIENTED_EDGE('',*,*,#17042,.F.);
#17058 = ORIENTED_EDGE('',*,*,#12289,.F.);
#17059 = CYLINDRICAL_SURFACE('',#17060,0.875);
#17060 = AXIS2_PLACEMENT_3D('',#17061,#17062,#17063);
#17061 = CARTESIAN_POINT('',(47.57,-85.74,-4.6E-02));
#17062 = DIRECTION('',(-0.,-0.,-1.));
#17063 = DIRECTION('',(-0.,-1.,0.));
#17064 = ADVANCED_FACE('',(#17065),#17081,.F.);
#17065 = FACE_BOUND('',#17066,.T.);
#17066 = EDGE_LOOP('',(#17067,#17068,#17074,#17075));
#17067 = ORIENTED_EDGE('',*,*,#8488,.T.);
#17068 = ORIENTED_EDGE('',*,*,#17069,.T.);
#17069 = EDGE_CURVE('',#8491,#12319,#17070,.T.);
#17070 = LINE('',#17071,#17072);
#17071 = CARTESIAN_POINT('',(54.71375,-86.615,-4.6E-02));
#17072 = VECTOR('',#17073,1.);
#17073 = DIRECTION('',(0.,0.,1.));
#17074 = ORIENTED_EDGE('',*,*,#12316,.F.);
#17075 = ORIENTED_EDGE('',*,*,#17076,.T.);
#17076 = EDGE_CURVE('',#12317,#8489,#17077,.T.);
#17077 = LINE('',#17078,#17079);
#17078 = CARTESIAN_POINT('',(55.586875,-85.79725150107,-4.6E-02));
#17079 = VECTOR('',#17080,1.);
#17080 = DIRECTION('',(-0.,-0.,-1.));
#17081 = CYLINDRICAL_SURFACE('',#17082,0.875);
#17082 = AXIS2_PLACEMENT_3D('',#17083,#17084,#17085);
#17083 = CARTESIAN_POINT('',(54.71375,-85.74,-4.6E-02));
#17084 = DIRECTION('',(-0.,-0.,-1.));
#17085 = DIRECTION('',(-0.,-1.,0.));
#17086 = ADVANCED_FACE('',(#17087),#17098,.F.);
#17087 = FACE_BOUND('',#17088,.T.);
#17088 = EDGE_LOOP('',(#17089,#17095,#17096,#17097));
#17089 = ORIENTED_EDGE('',*,*,#17090,.F.);
#17090 = EDGE_CURVE('',#8509,#12337,#17091,.T.);
#17091 = LINE('',#17092,#17093);
#17092 = CARTESIAN_POINT('',(56.46,-86.615,-4.6E-02));
#17093 = VECTOR('',#17094,1.);
#17094 = DIRECTION('',(0.,0.,1.));
#17095 = ORIENTED_EDGE('',*,*,#8517,.T.);
#17096 = ORIENTED_EDGE('',*,*,#17076,.F.);
#17097 = ORIENTED_EDGE('',*,*,#12345,.F.);
#17098 = CYLINDRICAL_SURFACE('',#17099,0.875);
#17099 = AXIS2_PLACEMENT_3D('',#17100,#17101,#17102);
#17100 = CARTESIAN_POINT('',(56.46,-85.74,-4.6E-02));
#17101 = DIRECTION('',(-0.,-0.,-1.));
#17102 = DIRECTION('',(-0.,-1.,0.));
#17103 = ADVANCED_FACE('',(#17104),#17115,.F.);
#17104 = FACE_BOUND('',#17105,.T.);
#17105 = EDGE_LOOP('',(#17106,#17107,#17108,#17109));
#17106 = ORIENTED_EDGE('',*,*,#8508,.T.);
#17107 = ORIENTED_EDGE('',*,*,#17090,.T.);
#17108 = ORIENTED_EDGE('',*,*,#12336,.F.);
#17109 = ORIENTED_EDGE('',*,*,#17110,.T.);
#17110 = EDGE_CURVE('',#12328,#8500,#17111,.T.);
#17111 = LINE('',#17112,#17113);
#17112 = CARTESIAN_POINT('',(55.586875,-85.68274849892,-4.6E-02));
#17113 = VECTOR('',#17114,1.);
#17114 = DIRECTION('',(-0.,-0.,-1.));
#17115 = CYLINDRICAL_SURFACE('',#17116,0.875);
#17116 = AXIS2_PLACEMENT_3D('',#17117,#17118,#17119);
#17117 = CARTESIAN_POINT('',(56.46,-85.74,-4.6E-02));
#17118 = DIRECTION('',(-0.,-0.,-1.));
#17119 = DIRECTION('',(-0.,-1.,0.));
#17120 = ADVANCED_FACE('',(#17121),#17127,.F.);
#17121 = FACE_BOUND('',#17122,.T.);
#17122 = EDGE_LOOP('',(#17123,#17124,#17125,#17126));
#17123 = ORIENTED_EDGE('',*,*,#17069,.F.);
#17124 = ORIENTED_EDGE('',*,*,#8499,.T.);
#17125 = ORIENTED_EDGE('',*,*,#17110,.F.);
#17126 = ORIENTED_EDGE('',*,*,#12327,.F.);
#17127 = CYLINDRICAL_SURFACE('',#17128,0.875);
#17128 = AXIS2_PLACEMENT_3D('',#17129,#17130,#17131);
#17129 = CARTESIAN_POINT('',(54.71375,-85.74,-4.6E-02));
#17130 = DIRECTION('',(-0.,-0.,-1.));
#17131 = DIRECTION('',(-0.,-1.,0.));
#17132 = ADVANCED_FACE('',(#17133),#17144,.F.);
#17133 = FACE_BOUND('',#17134,.T.);
#17134 = EDGE_LOOP('',(#17135,#17136,#17142,#17143));
#17135 = ORIENTED_EDGE('',*,*,#8526,.T.);
#17136 = ORIENTED_EDGE('',*,*,#17137,.T.);
#17137 = EDGE_CURVE('',#8527,#12355,#17138,.T.);
#17138 = LINE('',#17139,#17140);
#17139 = CARTESIAN_POINT('',(61.54,-87.7339,-4.6E-02));
#17140 = VECTOR('',#17141,1.);
#17141 = DIRECTION('',(0.,0.,1.));
#17142 = ORIENTED_EDGE('',*,*,#12354,.F.);
#17143 = ORIENTED_EDGE('',*,*,#17137,.F.);
#17144 = CYLINDRICAL_SURFACE('',#17145,1.9939);
#17145 = AXIS2_PLACEMENT_3D('',#17146,#17147,#17148);
#17146 = CARTESIAN_POINT('',(61.54,-85.74,-4.6E-02));
#17147 = DIRECTION('',(-0.,-0.,-1.));
#17148 = DIRECTION('',(-3.563582605748E-15,-1.,0.));
#17149 = ADVANCED_FACE('',(#17150),#17161,.F.);
#17150 = FACE_BOUND('',#17151,.T.);
#17151 = EDGE_LOOP('',(#17152,#17153,#17159,#17160));
#17152 = ORIENTED_EDGE('',*,*,#8537,.T.);
#17153 = ORIENTED_EDGE('',*,*,#17154,.T.);
#17154 = EDGE_CURVE('',#8538,#12366,#17155,.T.);
#17155 = LINE('',#17156,#17157);
#17156 = CARTESIAN_POINT('',(66.62,-86.615,-4.6E-02));
#17157 = VECTOR('',#17158,1.);
#17158 = DIRECTION('',(0.,0.,1.));
#17159 = ORIENTED_EDGE('',*,*,#12365,.F.);
#17160 = ORIENTED_EDGE('',*,*,#17154,.F.);
#17161 = CYLINDRICAL_SURFACE('',#17162,0.875);
#17162 = AXIS2_PLACEMENT_3D('',#17163,#17164,#17165);
#17163 = CARTESIAN_POINT('',(66.62,-85.74,-4.6E-02));
#17164 = DIRECTION('',(-0.,-0.,-1.));
#17165 = DIRECTION('',(-0.,-1.,0.));
#17166 = ADVANCED_FACE('',(#17167),#17178,.F.);
#17167 = FACE_BOUND('',#17168,.T.);
#17168 = EDGE_LOOP('',(#17169,#17170,#17176,#17177));
#17169 = ORIENTED_EDGE('',*,*,#8548,.T.);
#17170 = ORIENTED_EDGE('',*,*,#17171,.T.);
#17171 = EDGE_CURVE('',#8549,#12377,#17172,.T.);
#17172 = LINE('',#17173,#17174);
#17173 = CARTESIAN_POINT('',(45.82375,-83.935,-4.6E-02));
#17174 = VECTOR('',#17175,1.);
#17175 = DIRECTION('',(0.,0.,1.));
#17176 = ORIENTED_EDGE('',*,*,#12376,.F.);
#17177 = ORIENTED_EDGE('',*,*,#17171,.F.);
#17178 = CYLINDRICAL_SURFACE('',#17179,0.735);
#17179 = AXIS2_PLACEMENT_3D('',#17180,#17181,#17182);
#17180 = CARTESIAN_POINT('',(45.82375,-83.2,-4.6E-02));
#17181 = DIRECTION('',(-0.,-0.,-1.));
#17182 = DIRECTION('',(-9.66724810558E-15,-1.,0.));
#17183 = ADVANCED_FACE('',(#17184),#17195,.F.);
#17184 = FACE_BOUND('',#17185,.T.);
#17185 = EDGE_LOOP('',(#17186,#17187,#17193,#17194));
#17186 = ORIENTED_EDGE('',*,*,#8559,.T.);
#17187 = ORIENTED_EDGE('',*,*,#17188,.T.);
#17188 = EDGE_CURVE('',#8560,#12388,#17189,.T.);
#17189 = LINE('',#17190,#17191);
#17190 = CARTESIAN_POINT('',(57.73,-83.935,-4.6E-02));
#17191 = VECTOR('',#17192,1.);
#17192 = DIRECTION('',(0.,0.,1.));
#17193 = ORIENTED_EDGE('',*,*,#12387,.F.);
#17194 = ORIENTED_EDGE('',*,*,#17188,.F.);
#17195 = CYLINDRICAL_SURFACE('',#17196,0.735);
#17196 = AXIS2_PLACEMENT_3D('',#17197,#17198,#17199);
#17197 = CARTESIAN_POINT('',(57.73,-83.2,-4.6E-02));
#17198 = DIRECTION('',(-0.,-0.,-1.));
#17199 = DIRECTION('',(-9.66724810558E-15,-1.,0.));
#17200 = ADVANCED_FACE('',(#17201),#17212,.F.);
#17201 = FACE_BOUND('',#17202,.T.);
#17202 = EDGE_LOOP('',(#17203,#17204,#17210,#17211));
#17203 = ORIENTED_EDGE('',*,*,#8570,.T.);
#17204 = ORIENTED_EDGE('',*,*,#17205,.T.);
#17205 = EDGE_CURVE('',#8571,#12399,#17206,.T.);
#17206 = LINE('',#17207,#17208);
#17207 = CARTESIAN_POINT('',(52.17375,-81.395,-4.6E-02));
#17208 = VECTOR('',#17209,1.);
#17209 = DIRECTION('',(0.,0.,1.));
#17210 = ORIENTED_EDGE('',*,*,#12398,.F.);
#17211 = ORIENTED_EDGE('',*,*,#17205,.F.);
#17212 = CYLINDRICAL_SURFACE('',#17213,0.735);
#17213 = AXIS2_PLACEMENT_3D('',#17214,#17215,#17216);
#17214 = CARTESIAN_POINT('',(52.17375,-80.66,-4.6E-02));
#17215 = DIRECTION('',(-0.,-0.,-1.));
#17216 = DIRECTION('',(-0.,-1.,0.));
#17217 = ADVANCED_FACE('',(#17218),#17229,.F.);
#17218 = FACE_BOUND('',#17219,.T.);
#17219 = EDGE_LOOP('',(#17220,#17221,#17227,#17228));
#17220 = ORIENTED_EDGE('',*,*,#8581,.T.);
#17221 = ORIENTED_EDGE('',*,*,#17222,.T.);
#17222 = EDGE_CURVE('',#8582,#12410,#17223,.T.);
#17223 = LINE('',#17224,#17225);
#17224 = CARTESIAN_POINT('',(64.08,-81.395,-4.6E-02));
#17225 = VECTOR('',#17226,1.);
#17226 = DIRECTION('',(0.,0.,1.));
#17227 = ORIENTED_EDGE('',*,*,#12409,.F.);
#17228 = ORIENTED_EDGE('',*,*,#17222,.F.);
#17229 = CYLINDRICAL_SURFACE('',#17230,0.735);
#17230 = AXIS2_PLACEMENT_3D('',#17231,#17232,#17233);
#17231 = CARTESIAN_POINT('',(64.08,-80.66,-4.6E-02));
#17232 = DIRECTION('',(-0.,-0.,-1.));
#17233 = DIRECTION('',(-0.,-1.,0.));
#17234 = ADVANCED_FACE('',(#17235),#17246,.F.);
#17235 = FACE_BOUND('',#17236,.T.);
#17236 = EDGE_LOOP('',(#17237,#17238,#17244,#17245));
#17237 = ORIENTED_EDGE('',*,*,#8592,.T.);
#17238 = ORIENTED_EDGE('',*,*,#17239,.T.);
#17239 = EDGE_CURVE('',#8593,#12421,#17240,.T.);
#17240 = LINE('',#17241,#17242);
#17241 = CARTESIAN_POINT('',(79.7962,-100.341878,-4.6E-02));
#17242 = VECTOR('',#17243,1.);
#17243 = DIRECTION('',(0.,0.,1.));
#17244 = ORIENTED_EDGE('',*,*,#12420,.F.);
#17245 = ORIENTED_EDGE('',*,*,#17239,.F.);
#17246 = CYLINDRICAL_SURFACE('',#17247,1.505);
#17247 = AXIS2_PLACEMENT_3D('',#17248,#17249,#17250);
#17248 = CARTESIAN_POINT('',(79.7962,-98.836878,-4.6E-02));
#17249 = DIRECTION('',(-0.,-0.,-1.));
#17250 = DIRECTION('',(-0.,-1.,0.));
#17251 = ADVANCED_FACE('',(#17252),#17263,.F.);
#17252 = FACE_BOUND('',#17253,.T.);
#17253 = EDGE_LOOP('',(#17254,#17255,#17261,#17262));
#17254 = ORIENTED_EDGE('',*,*,#8603,.T.);
#17255 = ORIENTED_EDGE('',*,*,#17256,.T.);
#17256 = EDGE_CURVE('',#8604,#12432,#17257,.T.);
#17257 = LINE('',#17258,#17259);
#17258 = CARTESIAN_POINT('',(80.59,-94.249,-4.6E-02));
#17259 = VECTOR('',#17260,1.);
#17260 = DIRECTION('',(0.,0.,1.));
#17261 = ORIENTED_EDGE('',*,*,#12431,.F.);
#17262 = ORIENTED_EDGE('',*,*,#17256,.F.);
#17263 = CYLINDRICAL_SURFACE('',#17264,1.524);
#17264 = AXIS2_PLACEMENT_3D('',#17265,#17266,#17267);
#17265 = CARTESIAN_POINT('',(80.59,-92.725,-4.6E-02));
#17266 = DIRECTION('',(-0.,-0.,-1.));
#17267 = DIRECTION('',(-0.,-1.,0.));
#17268 = ADVANCED_FACE('',(#17269),#17280,.F.);
#17269 = FACE_BOUND('',#17270,.T.);
#17270 = EDGE_LOOP('',(#17271,#17272,#17278,#17279));
#17271 = ORIENTED_EDGE('',*,*,#8614,.T.);
#17272 = ORIENTED_EDGE('',*,*,#17273,.T.);
#17273 = EDGE_CURVE('',#8615,#12443,#17274,.T.);
#17274 = LINE('',#17275,#17276);
#17275 = CARTESIAN_POINT('',(118.69,-94.249,-4.6E-02));
#17276 = VECTOR('',#17277,1.);
#17277 = DIRECTION('',(0.,0.,1.));
#17278 = ORIENTED_EDGE('',*,*,#12442,.F.);
#17279 = ORIENTED_EDGE('',*,*,#17273,.F.);
#17280 = CYLINDRICAL_SURFACE('',#17281,1.524);
#17281 = AXIS2_PLACEMENT_3D('',#17282,#17283,#17284);
#17282 = CARTESIAN_POINT('',(118.69,-92.725,-4.6E-02));
#17283 = DIRECTION('',(-0.,-0.,-1.));
#17284 = DIRECTION('',(-0.,-1.,0.));
#17285 = ADVANCED_FACE('',(#17286),#17297,.F.);
#17286 = FACE_BOUND('',#17287,.T.);
#17287 = EDGE_LOOP('',(#17288,#17289,#17295,#17296));
#17288 = ORIENTED_EDGE('',*,*,#8625,.T.);
#17289 = ORIENTED_EDGE('',*,*,#17290,.T.);
#17290 = EDGE_CURVE('',#8626,#12454,#17291,.T.);
#17291 = LINE('',#17292,#17293);
#17292 = CARTESIAN_POINT('',(94.56,-86.615,-4.6E-02));
#17293 = VECTOR('',#17294,1.);
#17294 = DIRECTION('',(0.,0.,1.));
#17295 = ORIENTED_EDGE('',*,*,#12453,.F.);
#17296 = ORIENTED_EDGE('',*,*,#17290,.F.);
#17297 = CYLINDRICAL_SURFACE('',#17298,0.875);
#17298 = AXIS2_PLACEMENT_3D('',#17299,#17300,#17301);
#17299 = CARTESIAN_POINT('',(94.56,-85.74,-4.6E-02));
#17300 = DIRECTION('',(-0.,-0.,-1.));
#17301 = DIRECTION('',(-0.,-1.,0.));
#17302 = ADVANCED_FACE('',(#17303),#17314,.F.);
#17303 = FACE_BOUND('',#17304,.T.);
#17304 = EDGE_LOOP('',(#17305,#17306,#17312,#17313));
#17305 = ORIENTED_EDGE('',*,*,#8636,.T.);
#17306 = ORIENTED_EDGE('',*,*,#17307,.T.);
#17307 = EDGE_CURVE('',#8637,#12465,#17308,.T.);
#17308 = LINE('',#17309,#17310);
#17309 = CARTESIAN_POINT('',(99.64,-87.7339,-4.6E-02));
#17310 = VECTOR('',#17311,1.);
#17311 = DIRECTION('',(0.,0.,1.));
#17312 = ORIENTED_EDGE('',*,*,#12464,.F.);
#17313 = ORIENTED_EDGE('',*,*,#17307,.F.);
#17314 = CYLINDRICAL_SURFACE('',#17315,1.9939);
#17315 = AXIS2_PLACEMENT_3D('',#17316,#17317,#17318);
#17316 = CARTESIAN_POINT('',(99.64,-85.74,-4.6E-02));
#17317 = DIRECTION('',(-0.,-0.,-1.));
#17318 = DIRECTION('',(-0.,-1.,0.));
#17319 = ADVANCED_FACE('',(#17320),#17331,.F.);
#17320 = FACE_BOUND('',#17321,.T.);
#17321 = EDGE_LOOP('',(#17322,#17323,#17329,#17330));
#17322 = ORIENTED_EDGE('',*,*,#8647,.T.);
#17323 = ORIENTED_EDGE('',*,*,#17324,.T.);
#17324 = EDGE_CURVE('',#8648,#12476,#17325,.T.);
#17325 = LINE('',#17326,#17327);
#17326 = CARTESIAN_POINT('',(95.83,-83.935,-4.6E-02));
#17327 = VECTOR('',#17328,1.);
#17328 = DIRECTION('',(0.,0.,1.));
#17329 = ORIENTED_EDGE('',*,*,#12475,.F.);
#17330 = ORIENTED_EDGE('',*,*,#17324,.F.);
#17331 = CYLINDRICAL_SURFACE('',#17332,0.735);
#17332 = AXIS2_PLACEMENT_3D('',#17333,#17334,#17335);
#17333 = CARTESIAN_POINT('',(95.83,-83.2,-4.6E-02));
#17334 = DIRECTION('',(-0.,-0.,-1.));
#17335 = DIRECTION('',(-0.,-1.,0.));
#17336 = ADVANCED_FACE('',(#17337),#17348,.F.);
#17337 = FACE_BOUND('',#17338,.T.);
#17338 = EDGE_LOOP('',(#17339,#17340,#17346,#17347));
#17339 = ORIENTED_EDGE('',*,*,#8658,.T.);
#17340 = ORIENTED_EDGE('',*,*,#17341,.T.);
#17341 = EDGE_CURVE('',#8659,#12487,#17342,.T.);
#17342 = LINE('',#17343,#17344);
#17343 = CARTESIAN_POINT('',(104.72,-86.615,-4.6E-02));
#17344 = VECTOR('',#17345,1.);
#17345 = DIRECTION('',(0.,0.,1.));
#17346 = ORIENTED_EDGE('',*,*,#12486,.F.);
#17347 = ORIENTED_EDGE('',*,*,#17341,.F.);
#17348 = CYLINDRICAL_SURFACE('',#17349,0.875);
#17349 = AXIS2_PLACEMENT_3D('',#17350,#17351,#17352);
#17350 = CARTESIAN_POINT('',(104.72,-85.74,-4.6E-02));
#17351 = DIRECTION('',(-0.,-0.,-1.));
#17352 = DIRECTION('',(-0.,-1.,0.));
#17353 = ADVANCED_FACE('',(#17354),#17365,.F.);
#17354 = FACE_BOUND('',#17355,.T.);
#17355 = EDGE_LOOP('',(#17356,#17357,#17363,#17364));
#17356 = ORIENTED_EDGE('',*,*,#8669,.T.);
#17357 = ORIENTED_EDGE('',*,*,#17358,.T.);
#17358 = EDGE_CURVE('',#8670,#12498,#17359,.T.);
#17359 = LINE('',#17360,#17361);
#17360 = CARTESIAN_POINT('',(123.135,-86.615,-4.6E-02));
#17361 = VECTOR('',#17362,1.);
#17362 = DIRECTION('',(0.,0.,1.));
#17363 = ORIENTED_EDGE('',*,*,#12497,.F.);
#17364 = ORIENTED_EDGE('',*,*,#17358,.F.);
#17365 = CYLINDRICAL_SURFACE('',#17366,0.875);
#17366 = AXIS2_PLACEMENT_3D('',#17367,#17368,#17369);
#17367 = CARTESIAN_POINT('',(123.135,-85.74,-4.6E-02));
#17368 = DIRECTION('',(-0.,-0.,-1.));
#17369 = DIRECTION('',(-0.,-1.,0.));
#17370 = ADVANCED_FACE('',(#17371),#17382,.F.);
#17371 = FACE_BOUND('',#17372,.T.);
#17372 = EDGE_LOOP('',(#17373,#17374,#17380,#17381));
#17373 = ORIENTED_EDGE('',*,*,#8680,.T.);
#17374 = ORIENTED_EDGE('',*,*,#17375,.T.);
#17375 = EDGE_CURVE('',#8681,#12509,#17376,.T.);
#17376 = LINE('',#17377,#17378);
#17377 = CARTESIAN_POINT('',(102.18,-81.395,-4.6E-02));
#17378 = VECTOR('',#17379,1.);
#17379 = DIRECTION('',(0.,0.,1.));
#17380 = ORIENTED_EDGE('',*,*,#12508,.F.);
#17381 = ORIENTED_EDGE('',*,*,#17375,.F.);
#17382 = CYLINDRICAL_SURFACE('',#17383,0.735);
#17383 = AXIS2_PLACEMENT_3D('',#17384,#17385,#17386);
#17384 = CARTESIAN_POINT('',(102.18,-80.66,-4.6E-02));
#17385 = DIRECTION('',(-0.,-0.,-1.));
#17386 = DIRECTION('',(-0.,-1.,0.));
#17387 = ADVANCED_FACE('',(#17388),#17399,.F.);
#17388 = FACE_BOUND('',#17389,.T.);
#17389 = EDGE_LOOP('',(#17390,#17391,#17397,#17398));
#17390 = ORIENTED_EDGE('',*,*,#8691,.T.);
#17391 = ORIENTED_EDGE('',*,*,#17392,.T.);
#17392 = EDGE_CURVE('',#8692,#12520,#17393,.T.);
#17393 = LINE('',#17394,#17395);
#17394 = CARTESIAN_POINT('',(124.405,-83.935,-4.6E-02));
#17395 = VECTOR('',#17396,1.);
#17396 = DIRECTION('',(0.,0.,1.));
#17397 = ORIENTED_EDGE('',*,*,#12519,.F.);
#17398 = ORIENTED_EDGE('',*,*,#17392,.F.);
#17399 = CYLINDRICAL_SURFACE('',#17400,0.735);
#17400 = AXIS2_PLACEMENT_3D('',#17401,#17402,#17403);
#17401 = CARTESIAN_POINT('',(124.405,-83.2,-4.6E-02));
#17402 = DIRECTION('',(-0.,-0.,-1.));
#17403 = DIRECTION('',(-0.,-1.,0.));
#17404 = ADVANCED_FACE('',(#17405),#17416,.F.);
#17405 = FACE_BOUND('',#17406,.T.);
#17406 = EDGE_LOOP('',(#17407,#17408,#17414,#17415));
#17407 = ORIENTED_EDGE('',*,*,#8702,.T.);
#17408 = ORIENTED_EDGE('',*,*,#17409,.T.);
#17409 = EDGE_CURVE('',#8703,#12531,#17410,.T.);
#17410 = LINE('',#17411,#17412);
#17411 = CARTESIAN_POINT('',(59.15755,-79.4789,-4.6E-02));
#17412 = VECTOR('',#17413,1.);
#17413 = DIRECTION('',(0.,0.,1.));
#17414 = ORIENTED_EDGE('',*,*,#12530,.F.);
#17415 = ORIENTED_EDGE('',*,*,#17409,.F.);
#17416 = CYLINDRICAL_SURFACE('',#17417,1.9939);
#17417 = AXIS2_PLACEMENT_3D('',#17418,#17419,#17420);
#17418 = CARTESIAN_POINT('',(59.15755,-77.485,-4.6E-02));
#17419 = DIRECTION('',(-0.,-0.,-1.));
#17420 = DIRECTION('',(-0.,-1.,0.));
#17421 = ADVANCED_FACE('',(#17422),#17433,.F.);
#17422 = FACE_BOUND('',#17423,.T.);
#17423 = EDGE_LOOP('',(#17424,#17425,#17431,#17432));
#17424 = ORIENTED_EDGE('',*,*,#8713,.T.);
#17425 = ORIENTED_EDGE('',*,*,#17426,.T.);
#17426 = EDGE_CURVE('',#8714,#12542,#17427,.T.);
#17427 = LINE('',#17428,#17429);
#17428 = CARTESIAN_POINT('',(71.065,-79.4787,-4.6E-02));
#17429 = VECTOR('',#17430,1.);
#17430 = DIRECTION('',(0.,0.,1.));
#17431 = ORIENTED_EDGE('',*,*,#12541,.F.);
#17432 = ORIENTED_EDGE('',*,*,#17426,.F.);
#17433 = CYLINDRICAL_SURFACE('',#17434,1.9939);
#17434 = AXIS2_PLACEMENT_3D('',#17435,#17436,#17437);
#17435 = CARTESIAN_POINT('',(71.065,-77.4848,-4.6E-02));
#17436 = DIRECTION('',(-0.,-0.,-1.));
#17437 = DIRECTION('',(-0.,-1.,0.));
#17438 = ADVANCED_FACE('',(#17439),#17450,.F.);
#17439 = FACE_BOUND('',#17440,.T.);
#17440 = EDGE_LOOP('',(#17441,#17442,#17448,#17449));
#17441 = ORIENTED_EDGE('',*,*,#8724,.T.);
#17442 = ORIENTED_EDGE('',*,*,#17443,.T.);
#17443 = EDGE_CURVE('',#8725,#12553,#17444,.T.);
#17444 = LINE('',#17445,#17446);
#17445 = CARTESIAN_POINT('',(23.1225,-67.565,-4.6E-02));
#17446 = VECTOR('',#17447,1.);
#17447 = DIRECTION('',(0.,0.,1.));
#17448 = ORIENTED_EDGE('',*,*,#12552,.F.);
#17449 = ORIENTED_EDGE('',*,*,#17443,.F.);
#17450 = CYLINDRICAL_SURFACE('',#17451,0.875);
#17451 = AXIS2_PLACEMENT_3D('',#17452,#17453,#17454);
#17452 = CARTESIAN_POINT('',(23.1225,-66.69,-4.6E-02));
#17453 = DIRECTION('',(-0.,-0.,-1.));
#17454 = DIRECTION('',(-0.,-1.,0.));
#17455 = ADVANCED_FACE('',(#17456),#17467,.F.);
#17456 = FACE_BOUND('',#17457,.T.);
#17457 = EDGE_LOOP('',(#17458,#17459,#17465,#17466));
#17458 = ORIENTED_EDGE('',*,*,#8735,.T.);
#17459 = ORIENTED_EDGE('',*,*,#17460,.T.);
#17460 = EDGE_CURVE('',#8736,#12564,#17461,.T.);
#17461 = LINE('',#17462,#17463);
#17462 = CARTESIAN_POINT('',(28.2025,-68.6839,-4.6E-02));
#17463 = VECTOR('',#17464,1.);
#17464 = DIRECTION('',(0.,0.,1.));
#17465 = ORIENTED_EDGE('',*,*,#12563,.F.);
#17466 = ORIENTED_EDGE('',*,*,#17460,.F.);
#17467 = CYLINDRICAL_SURFACE('',#17468,1.9939);
#17468 = AXIS2_PLACEMENT_3D('',#17469,#17470,#17471);
#17469 = CARTESIAN_POINT('',(28.2025,-66.69,-4.6E-02));
#17470 = DIRECTION('',(-0.,-0.,-1.));
#17471 = DIRECTION('',(-0.,-1.,0.));
#17472 = ADVANCED_FACE('',(#17473),#17484,.F.);
#17473 = FACE_BOUND('',#17474,.T.);
#17474 = EDGE_LOOP('',(#17475,#17476,#17482,#17483));
#17475 = ORIENTED_EDGE('',*,*,#8746,.T.);
#17476 = ORIENTED_EDGE('',*,*,#17477,.T.);
#17477 = EDGE_CURVE('',#8747,#12575,#17478,.T.);
#17478 = LINE('',#17479,#17480);
#17479 = CARTESIAN_POINT('',(24.3925,-64.885,-4.6E-02));
#17480 = VECTOR('',#17481,1.);
#17481 = DIRECTION('',(0.,0.,1.));
#17482 = ORIENTED_EDGE('',*,*,#12574,.F.);
#17483 = ORIENTED_EDGE('',*,*,#17477,.F.);
#17484 = CYLINDRICAL_SURFACE('',#17485,0.735);
#17485 = AXIS2_PLACEMENT_3D('',#17486,#17487,#17488);
#17486 = CARTESIAN_POINT('',(24.3925,-64.15,-4.6E-02));
#17487 = DIRECTION('',(-0.,-0.,-1.));
#17488 = DIRECTION('',(-0.,-1.,0.));
#17489 = ADVANCED_FACE('',(#17490),#17501,.F.);
#17490 = FACE_BOUND('',#17491,.T.);
#17491 = EDGE_LOOP('',(#17492,#17493,#17499,#17500));
#17492 = ORIENTED_EDGE('',*,*,#8757,.T.);
#17493 = ORIENTED_EDGE('',*,*,#17494,.T.);
#17494 = EDGE_CURVE('',#8758,#12586,#17495,.T.);
#17495 = LINE('',#17496,#17497);
#17496 = CARTESIAN_POINT('',(33.2825,-67.565,-4.6E-02));
#17497 = VECTOR('',#17498,1.);
#17498 = DIRECTION('',(0.,0.,1.));
#17499 = ORIENTED_EDGE('',*,*,#12585,.F.);
#17500 = ORIENTED_EDGE('',*,*,#17494,.F.);
#17501 = CYLINDRICAL_SURFACE('',#17502,0.875);
#17502 = AXIS2_PLACEMENT_3D('',#17503,#17504,#17505);
#17503 = CARTESIAN_POINT('',(33.2825,-66.69,-4.6E-02));
#17504 = DIRECTION('',(-0.,-0.,-1.));
#17505 = DIRECTION('',(-0.,-1.,0.));
#17506 = ADVANCED_FACE('',(#17507),#17518,.F.);
#17507 = FACE_BOUND('',#17508,.T.);
#17508 = EDGE_LOOP('',(#17509,#17510,#17516,#17517));
#17509 = ORIENTED_EDGE('',*,*,#8768,.T.);
#17510 = ORIENTED_EDGE('',*,*,#17511,.T.);
#17511 = EDGE_CURVE('',#8769,#12597,#17512,.T.);
#17512 = LINE('',#17513,#17514);
#17513 = CARTESIAN_POINT('',(30.7425,-62.345,-4.6E-02));
#17514 = VECTOR('',#17515,1.);
#17515 = DIRECTION('',(0.,0.,1.));
#17516 = ORIENTED_EDGE('',*,*,#12596,.F.);
#17517 = ORIENTED_EDGE('',*,*,#17511,.F.);
#17518 = CYLINDRICAL_SURFACE('',#17519,0.735);
#17519 = AXIS2_PLACEMENT_3D('',#17520,#17521,#17522);
#17520 = CARTESIAN_POINT('',(30.7425,-61.61,-4.6E-02));
#17521 = DIRECTION('',(-0.,-0.,-1.));
#17522 = DIRECTION('',(-0.,-1.,0.));
#17523 = ADVANCED_FACE('',(#17524),#17535,.F.);
#17524 = FACE_BOUND('',#17525,.T.);
#17525 = EDGE_LOOP('',(#17526,#17527,#17533,#17534));
#17526 = ORIENTED_EDGE('',*,*,#8779,.T.);
#17527 = ORIENTED_EDGE('',*,*,#17528,.T.);
#17528 = EDGE_CURVE('',#8780,#12608,#17529,.T.);
#17529 = LINE('',#17530,#17531);
#17530 = CARTESIAN_POINT('',(46.935,-67.565,-4.6E-02));
#17531 = VECTOR('',#17532,1.);
#17532 = DIRECTION('',(0.,0.,1.));
#17533 = ORIENTED_EDGE('',*,*,#12607,.F.);
#17534 = ORIENTED_EDGE('',*,*,#17528,.F.);
#17535 = CYLINDRICAL_SURFACE('',#17536,0.875);
#17536 = AXIS2_PLACEMENT_3D('',#17537,#17538,#17539);
#17537 = CARTESIAN_POINT('',(46.935,-66.69,-4.6E-02));
#17538 = DIRECTION('',(-0.,-0.,-1.));
#17539 = DIRECTION('',(-0.,-1.,0.));
#17540 = ADVANCED_FACE('',(#17541),#17552,.F.);
#17541 = FACE_BOUND('',#17542,.T.);
#17542 = EDGE_LOOP('',(#17543,#17544,#17550,#17551));
#17543 = ORIENTED_EDGE('',*,*,#8790,.T.);
#17544 = ORIENTED_EDGE('',*,*,#17545,.T.);
#17545 = EDGE_CURVE('',#8791,#12619,#17546,.T.);
#17546 = LINE('',#17547,#17548);
#17547 = CARTESIAN_POINT('',(52.015,-68.6839,-4.6E-02));
#17548 = VECTOR('',#17549,1.);
#17549 = DIRECTION('',(0.,0.,1.));
#17550 = ORIENTED_EDGE('',*,*,#12618,.F.);
#17551 = ORIENTED_EDGE('',*,*,#17545,.F.);
#17552 = CYLINDRICAL_SURFACE('',#17553,1.9939);
#17553 = AXIS2_PLACEMENT_3D('',#17554,#17555,#17556);
#17554 = CARTESIAN_POINT('',(52.015,-66.69,-4.6E-02));
#17555 = DIRECTION('',(-0.,-0.,-1.));
#17556 = DIRECTION('',(-0.,-1.,0.));
#17557 = ADVANCED_FACE('',(#17558),#17569,.F.);
#17558 = FACE_BOUND('',#17559,.T.);
#17559 = EDGE_LOOP('',(#17560,#17561,#17567,#17568));
#17560 = ORIENTED_EDGE('',*,*,#8801,.T.);
#17561 = ORIENTED_EDGE('',*,*,#17562,.T.);
#17562 = EDGE_CURVE('',#8802,#12630,#17563,.T.);
#17563 = LINE('',#17564,#17565);
#17564 = CARTESIAN_POINT('',(57.095,-67.565,-4.6E-02));
#17565 = VECTOR('',#17566,1.);
#17566 = DIRECTION('',(0.,0.,1.));
#17567 = ORIENTED_EDGE('',*,*,#12629,.F.);
#17568 = ORIENTED_EDGE('',*,*,#17562,.F.);
#17569 = CYLINDRICAL_SURFACE('',#17570,0.875);
#17570 = AXIS2_PLACEMENT_3D('',#17571,#17572,#17573);
#17571 = CARTESIAN_POINT('',(57.095,-66.69,-4.6E-02));
#17572 = DIRECTION('',(-0.,-0.,-1.));
#17573 = DIRECTION('',(-0.,-1.,0.));
#17574 = ADVANCED_FACE('',(#17575),#17586,.F.);
#17575 = FACE_BOUND('',#17576,.T.);
#17576 = EDGE_LOOP('',(#17577,#17578,#17584,#17585));
#17577 = ORIENTED_EDGE('',*,*,#8812,.T.);
#17578 = ORIENTED_EDGE('',*,*,#17579,.T.);
#17579 = EDGE_CURVE('',#8813,#12641,#17580,.T.);
#17580 = LINE('',#17581,#17582);
#17581 = CARTESIAN_POINT('',(48.205,-64.885,-4.6E-02));
#17582 = VECTOR('',#17583,1.);
#17583 = DIRECTION('',(0.,0.,1.));
#17584 = ORIENTED_EDGE('',*,*,#12640,.F.);
#17585 = ORIENTED_EDGE('',*,*,#17579,.F.);
#17586 = CYLINDRICAL_SURFACE('',#17587,0.735);
#17587 = AXIS2_PLACEMENT_3D('',#17588,#17589,#17590);
#17588 = CARTESIAN_POINT('',(48.205,-64.15,-4.6E-02));
#17589 = DIRECTION('',(-0.,-0.,-1.));
#17590 = DIRECTION('',(-0.,-1.,0.));
#17591 = ADVANCED_FACE('',(#17592),#17603,.F.);
#17592 = FACE_BOUND('',#17593,.T.);
#17593 = EDGE_LOOP('',(#17594,#17595,#17601,#17602));
#17594 = ORIENTED_EDGE('',*,*,#8823,.T.);
#17595 = ORIENTED_EDGE('',*,*,#17596,.T.);
#17596 = EDGE_CURVE('',#8824,#12652,#17597,.T.);
#17597 = LINE('',#17598,#17599);
#17598 = CARTESIAN_POINT('',(65.985,-67.565,-4.6E-02));
#17599 = VECTOR('',#17600,1.);
#17600 = DIRECTION('',(0.,0.,1.));
#17601 = ORIENTED_EDGE('',*,*,#12651,.F.);
#17602 = ORIENTED_EDGE('',*,*,#17596,.F.);
#17603 = CYLINDRICAL_SURFACE('',#17604,0.875);
#17604 = AXIS2_PLACEMENT_3D('',#17605,#17606,#17607);
#17605 = CARTESIAN_POINT('',(65.985,-66.69,-4.6E-02));
#17606 = DIRECTION('',(-0.,-0.,-1.));
#17607 = DIRECTION('',(-0.,-1.,0.));
#17608 = ADVANCED_FACE('',(#17609),#17620,.F.);
#17609 = FACE_BOUND('',#17610,.T.);
#17610 = EDGE_LOOP('',(#17611,#17612,#17618,#17619));
#17611 = ORIENTED_EDGE('',*,*,#8834,.T.);
#17612 = ORIENTED_EDGE('',*,*,#17613,.T.);
#17613 = EDGE_CURVE('',#8835,#12663,#17614,.T.);
#17614 = LINE('',#17615,#17616);
#17615 = CARTESIAN_POINT('',(71.065,-68.6839,-4.6E-02));
#17616 = VECTOR('',#17617,1.);
#17617 = DIRECTION('',(0.,0.,1.));
#17618 = ORIENTED_EDGE('',*,*,#12662,.F.);
#17619 = ORIENTED_EDGE('',*,*,#17613,.F.);
#17620 = CYLINDRICAL_SURFACE('',#17621,1.9939);
#17621 = AXIS2_PLACEMENT_3D('',#17622,#17623,#17624);
#17622 = CARTESIAN_POINT('',(71.065,-66.69,-4.6E-02));
#17623 = DIRECTION('',(-0.,-0.,-1.));
#17624 = DIRECTION('',(-0.,-1.,0.));
#17625 = ADVANCED_FACE('',(#17626),#17637,.F.);
#17626 = FACE_BOUND('',#17627,.T.);
#17627 = EDGE_LOOP('',(#17628,#17629,#17635,#17636));
#17628 = ORIENTED_EDGE('',*,*,#8845,.T.);
#17629 = ORIENTED_EDGE('',*,*,#17630,.T.);
#17630 = EDGE_CURVE('',#8846,#12674,#17631,.T.);
#17631 = LINE('',#17632,#17633);
#17632 = CARTESIAN_POINT('',(67.255,-64.885,-4.6E-02));
#17633 = VECTOR('',#17634,1.);
#17634 = DIRECTION('',(0.,0.,1.));
#17635 = ORIENTED_EDGE('',*,*,#12673,.F.);
#17636 = ORIENTED_EDGE('',*,*,#17630,.F.);
#17637 = CYLINDRICAL_SURFACE('',#17638,0.735);
#17638 = AXIS2_PLACEMENT_3D('',#17639,#17640,#17641);
#17639 = CARTESIAN_POINT('',(67.255,-64.15,-4.6E-02));
#17640 = DIRECTION('',(-0.,-0.,-1.));
#17641 = DIRECTION('',(-0.,-1.,0.));
#17642 = ADVANCED_FACE('',(#17643),#17654,.F.);
#17643 = FACE_BOUND('',#17644,.T.);
#17644 = EDGE_LOOP('',(#17645,#17646,#17652,#17653));
#17645 = ORIENTED_EDGE('',*,*,#8856,.T.);
#17646 = ORIENTED_EDGE('',*,*,#17647,.T.);
#17647 = EDGE_CURVE('',#8857,#12685,#17648,.T.);
#17648 = LINE('',#17649,#17650);
#17649 = CARTESIAN_POINT('',(54.555,-62.345,-4.6E-02));
#17650 = VECTOR('',#17651,1.);
#17651 = DIRECTION('',(0.,0.,1.));
#17652 = ORIENTED_EDGE('',*,*,#12684,.F.);
#17653 = ORIENTED_EDGE('',*,*,#17647,.F.);
#17654 = CYLINDRICAL_SURFACE('',#17655,0.735);
#17655 = AXIS2_PLACEMENT_3D('',#17656,#17657,#17658);
#17656 = CARTESIAN_POINT('',(54.555,-61.61,-4.6E-02));
#17657 = DIRECTION('',(-0.,-0.,-1.));
#17658 = DIRECTION('',(-0.,-1.,0.));
#17659 = ADVANCED_FACE('',(#17660),#17671,.F.);
#17660 = FACE_BOUND('',#17661,.T.);
#17661 = EDGE_LOOP('',(#17662,#17663,#17669,#17670));
#17662 = ORIENTED_EDGE('',*,*,#8867,.T.);
#17663 = ORIENTED_EDGE('',*,*,#17664,.T.);
#17664 = EDGE_CURVE('',#8868,#12696,#17665,.T.);
#17665 = LINE('',#17666,#17667);
#17666 = CARTESIAN_POINT('',(80.59,-79.4789,-4.6E-02));
#17667 = VECTOR('',#17668,1.);
#17668 = DIRECTION('',(0.,0.,1.));
#17669 = ORIENTED_EDGE('',*,*,#12695,.F.);
#17670 = ORIENTED_EDGE('',*,*,#17664,.F.);
#17671 = CYLINDRICAL_SURFACE('',#17672,1.9939);
#17672 = AXIS2_PLACEMENT_3D('',#17673,#17674,#17675);
#17673 = CARTESIAN_POINT('',(80.59,-77.485,-4.6E-02));
#17674 = DIRECTION('',(-0.,-0.,-1.));
#17675 = DIRECTION('',(-0.,-1.,0.));
#17676 = ADVANCED_FACE('',(#17677),#17688,.F.);
#17677 = FACE_BOUND('',#17678,.T.);
#17678 = EDGE_LOOP('',(#17679,#17680,#17686,#17687));
#17679 = ORIENTED_EDGE('',*,*,#8878,.T.);
#17680 = ORIENTED_EDGE('',*,*,#17681,.T.);
#17681 = EDGE_CURVE('',#8879,#12707,#17682,.T.);
#17682 = LINE('',#17683,#17684);
#17683 = CARTESIAN_POINT('',(118.69,-79.4789,-4.6E-02));
#17684 = VECTOR('',#17685,1.);
#17685 = DIRECTION('',(0.,0.,1.));
#17686 = ORIENTED_EDGE('',*,*,#12706,.F.);
#17687 = ORIENTED_EDGE('',*,*,#17681,.F.);
#17688 = CYLINDRICAL_SURFACE('',#17689,1.9939);
#17689 = AXIS2_PLACEMENT_3D('',#17690,#17691,#17692);
#17690 = CARTESIAN_POINT('',(118.69,-77.485,-4.6E-02));
#17691 = DIRECTION('',(-0.,-0.,-1.));
#17692 = DIRECTION('',(-0.,-1.,0.));
#17693 = ADVANCED_FACE('',(#17694),#17705,.F.);
#17694 = FACE_BOUND('',#17695,.T.);
#17695 = EDGE_LOOP('',(#17696,#17697,#17703,#17704));
#17696 = ORIENTED_EDGE('',*,*,#8889,.T.);
#17697 = ORIENTED_EDGE('',*,*,#17698,.T.);
#17698 = EDGE_CURVE('',#8890,#12718,#17699,.T.);
#17699 = LINE('',#17700,#17701);
#17700 = CARTESIAN_POINT('',(76.145,-67.565,-4.6E-02));
#17701 = VECTOR('',#17702,1.);
#17702 = DIRECTION('',(0.,0.,1.));
#17703 = ORIENTED_EDGE('',*,*,#12717,.F.);
#17704 = ORIENTED_EDGE('',*,*,#17698,.F.);
#17705 = CYLINDRICAL_SURFACE('',#17706,0.875);
#17706 = AXIS2_PLACEMENT_3D('',#17707,#17708,#17709);
#17707 = CARTESIAN_POINT('',(76.145,-66.69,-4.6E-02));
#17708 = DIRECTION('',(-0.,-0.,-1.));
#17709 = DIRECTION('',(-0.,-1.,0.));
#17710 = ADVANCED_FACE('',(#17711),#17722,.F.);
#17711 = FACE_BOUND('',#17712,.T.);
#17712 = EDGE_LOOP('',(#17713,#17714,#17720,#17721));
#17713 = ORIENTED_EDGE('',*,*,#8900,.T.);
#17714 = ORIENTED_EDGE('',*,*,#17715,.T.);
#17715 = EDGE_CURVE('',#8901,#12729,#17716,.T.);
#17716 = LINE('',#17717,#17718);
#17717 = CARTESIAN_POINT('',(85.035,-67.565,-4.6E-02));
#17718 = VECTOR('',#17719,1.);
#17719 = DIRECTION('',(0.,0.,1.));
#17720 = ORIENTED_EDGE('',*,*,#12728,.F.);
#17721 = ORIENTED_EDGE('',*,*,#17715,.F.);
#17722 = CYLINDRICAL_SURFACE('',#17723,0.875);
#17723 = AXIS2_PLACEMENT_3D('',#17724,#17725,#17726);
#17724 = CARTESIAN_POINT('',(85.035,-66.69,-4.6E-02));
#17725 = DIRECTION('',(-0.,-0.,-1.));
#17726 = DIRECTION('',(-0.,-1.,0.));
#17727 = ADVANCED_FACE('',(#17728),#17739,.F.);
#17728 = FACE_BOUND('',#17729,.T.);
#17729 = EDGE_LOOP('',(#17730,#17731,#17737,#17738));
#17730 = ORIENTED_EDGE('',*,*,#8911,.T.);
#17731 = ORIENTED_EDGE('',*,*,#17732,.T.);
#17732 = EDGE_CURVE('',#8912,#12740,#17733,.T.);
#17733 = LINE('',#17734,#17735);
#17734 = CARTESIAN_POINT('',(86.305,-64.885,-4.6E-02));
#17735 = VECTOR('',#17736,1.);
#17736 = DIRECTION('',(0.,0.,1.));
#17737 = ORIENTED_EDGE('',*,*,#12739,.F.);
#17738 = ORIENTED_EDGE('',*,*,#17732,.F.);
#17739 = CYLINDRICAL_SURFACE('',#17740,0.735);
#17740 = AXIS2_PLACEMENT_3D('',#17741,#17742,#17743);
#17741 = CARTESIAN_POINT('',(86.305,-64.15,-4.6E-02));
#17742 = DIRECTION('',(-0.,-0.,-1.));
#17743 = DIRECTION('',(-0.,-1.,0.));
#17744 = ADVANCED_FACE('',(#17745),#17756,.F.);
#17745 = FACE_BOUND('',#17746,.T.);
#17746 = EDGE_LOOP('',(#17747,#17748,#17754,#17755));
#17747 = ORIENTED_EDGE('',*,*,#8922,.T.);
#17748 = ORIENTED_EDGE('',*,*,#17749,.T.);
#17749 = EDGE_CURVE('',#8923,#12751,#17750,.T.);
#17750 = LINE('',#17751,#17752);
#17751 = CARTESIAN_POINT('',(90.115,-68.6839,-4.6E-02));
#17752 = VECTOR('',#17753,1.);
#17753 = DIRECTION('',(0.,0.,1.));
#17754 = ORIENTED_EDGE('',*,*,#12750,.F.);
#17755 = ORIENTED_EDGE('',*,*,#17749,.F.);
#17756 = CYLINDRICAL_SURFACE('',#17757,1.9939);
#17757 = AXIS2_PLACEMENT_3D('',#17758,#17759,#17760);
#17758 = CARTESIAN_POINT('',(90.115,-66.69,-4.6E-02));
#17759 = DIRECTION('',(-0.,-0.,-1.));
#17760 = DIRECTION('',(-7.127165211496E-15,-1.,0.));
#17761 = ADVANCED_FACE('',(#17762),#17773,.F.);
#17762 = FACE_BOUND('',#17763,.T.);
#17763 = EDGE_LOOP('',(#17764,#17765,#17771,#17772));
#17764 = ORIENTED_EDGE('',*,*,#8933,.T.);
#17765 = ORIENTED_EDGE('',*,*,#17766,.T.);
#17766 = EDGE_CURVE('',#8934,#12762,#17767,.T.);
#17767 = LINE('',#17768,#17769);
#17768 = CARTESIAN_POINT('',(95.195,-67.565,-4.6E-02));
#17769 = VECTOR('',#17770,1.);
#17770 = DIRECTION('',(0.,0.,1.));
#17771 = ORIENTED_EDGE('',*,*,#12761,.F.);
#17772 = ORIENTED_EDGE('',*,*,#17766,.F.);
#17773 = CYLINDRICAL_SURFACE('',#17774,0.875);
#17774 = AXIS2_PLACEMENT_3D('',#17775,#17776,#17777);
#17775 = CARTESIAN_POINT('',(95.195,-66.69,-4.6E-02));
#17776 = DIRECTION('',(-0.,-0.,-1.));
#17777 = DIRECTION('',(-0.,-1.,0.));
#17778 = ADVANCED_FACE('',(#17779),#17790,.F.);
#17779 = FACE_BOUND('',#17780,.T.);
#17780 = EDGE_LOOP('',(#17781,#17782,#17788,#17789));
#17781 = ORIENTED_EDGE('',*,*,#8944,.T.);
#17782 = ORIENTED_EDGE('',*,*,#17783,.T.);
#17783 = EDGE_CURVE('',#8945,#12773,#17784,.T.);
#17784 = LINE('',#17785,#17786);
#17785 = CARTESIAN_POINT('',(73.605,-62.345,-4.6E-02));
#17786 = VECTOR('',#17787,1.);
#17787 = DIRECTION('',(0.,0.,1.));
#17788 = ORIENTED_EDGE('',*,*,#12772,.F.);
#17789 = ORIENTED_EDGE('',*,*,#17783,.F.);
#17790 = CYLINDRICAL_SURFACE('',#17791,0.735);
#17791 = AXIS2_PLACEMENT_3D('',#17792,#17793,#17794);
#17792 = CARTESIAN_POINT('',(73.605,-61.61,-4.6E-02));
#17793 = DIRECTION('',(-0.,-0.,-1.));
#17794 = DIRECTION('',(-0.,-1.,0.));
#17795 = ADVANCED_FACE('',(#17796),#17807,.F.);
#17796 = FACE_BOUND('',#17797,.T.);
#17797 = EDGE_LOOP('',(#17798,#17799,#17805,#17806));
#17798 = ORIENTED_EDGE('',*,*,#8955,.T.);
#17799 = ORIENTED_EDGE('',*,*,#17800,.T.);
#17800 = EDGE_CURVE('',#8956,#12784,#17801,.T.);
#17801 = LINE('',#17802,#17803);
#17802 = CARTESIAN_POINT('',(92.655,-62.345,-4.6E-02));
#17803 = VECTOR('',#17804,1.);
#17804 = DIRECTION('',(0.,0.,1.));
#17805 = ORIENTED_EDGE('',*,*,#12783,.F.);
#17806 = ORIENTED_EDGE('',*,*,#17800,.F.);
#17807 = CYLINDRICAL_SURFACE('',#17808,0.735);
#17808 = AXIS2_PLACEMENT_3D('',#17809,#17810,#17811);
#17809 = CARTESIAN_POINT('',(92.655,-61.61,-4.6E-02));
#17810 = DIRECTION('',(-0.,-0.,-1.));
#17811 = DIRECTION('',(-0.,-1.,0.));
#17812 = ADVANCED_FACE('',(#17813),#17824,.F.);
#17813 = FACE_BOUND('',#17814,.T.);
#17814 = EDGE_LOOP('',(#17815,#17816,#17822,#17823));
#17815 = ORIENTED_EDGE('',*,*,#8966,.T.);
#17816 = ORIENTED_EDGE('',*,*,#17817,.T.);
#17817 = EDGE_CURVE('',#8967,#12795,#17818,.T.);
#17818 = LINE('',#17819,#17820);
#17819 = CARTESIAN_POINT('',(104.085,-67.565,-4.6E-02));
#17820 = VECTOR('',#17821,1.);
#17821 = DIRECTION('',(0.,0.,1.));
#17822 = ORIENTED_EDGE('',*,*,#12794,.F.);
#17823 = ORIENTED_EDGE('',*,*,#17817,.F.);
#17824 = CYLINDRICAL_SURFACE('',#17825,0.875);
#17825 = AXIS2_PLACEMENT_3D('',#17826,#17827,#17828);
#17826 = CARTESIAN_POINT('',(104.085,-66.69,-4.6E-02));
#17827 = DIRECTION('',(-0.,-0.,-1.));
#17828 = DIRECTION('',(-0.,-1.,0.));
#17829 = ADVANCED_FACE('',(#17830),#17841,.F.);
#17830 = FACE_BOUND('',#17831,.T.);
#17831 = EDGE_LOOP('',(#17832,#17833,#17839,#17840));
#17832 = ORIENTED_EDGE('',*,*,#8977,.T.);
#17833 = ORIENTED_EDGE('',*,*,#17834,.T.);
#17834 = EDGE_CURVE('',#8978,#12806,#17835,.T.);
#17835 = LINE('',#17836,#17837);
#17836 = CARTESIAN_POINT('',(109.165,-68.6839,-4.6E-02));
#17837 = VECTOR('',#17838,1.);
#17838 = DIRECTION('',(0.,0.,1.));
#17839 = ORIENTED_EDGE('',*,*,#12805,.F.);
#17840 = ORIENTED_EDGE('',*,*,#17834,.F.);
#17841 = CYLINDRICAL_SURFACE('',#17842,1.9939);
#17842 = AXIS2_PLACEMENT_3D('',#17843,#17844,#17845);
#17843 = CARTESIAN_POINT('',(109.165,-66.69,-4.6E-02));
#17844 = DIRECTION('',(-0.,0.,-1.));
#17845 = DIRECTION('',(7.127165211496E-15,-1.,-0.));
#17846 = ADVANCED_FACE('',(#17847),#17858,.F.);
#17847 = FACE_BOUND('',#17848,.T.);
#17848 = EDGE_LOOP('',(#17849,#17850,#17856,#17857));
#17849 = ORIENTED_EDGE('',*,*,#8988,.T.);
#17850 = ORIENTED_EDGE('',*,*,#17851,.T.);
#17851 = EDGE_CURVE('',#8989,#12817,#17852,.T.);
#17852 = LINE('',#17853,#17854);
#17853 = CARTESIAN_POINT('',(114.245,-67.565,-4.6E-02));
#17854 = VECTOR('',#17855,1.);
#17855 = DIRECTION('',(0.,0.,1.));
#17856 = ORIENTED_EDGE('',*,*,#12816,.F.);
#17857 = ORIENTED_EDGE('',*,*,#17851,.F.);
#17858 = CYLINDRICAL_SURFACE('',#17859,0.875);
#17859 = AXIS2_PLACEMENT_3D('',#17860,#17861,#17862);
#17860 = CARTESIAN_POINT('',(114.245,-66.69,-4.6E-02));
#17861 = DIRECTION('',(-0.,-0.,-1.));
#17862 = DIRECTION('',(-0.,-1.,0.));
#17863 = ADVANCED_FACE('',(#17864),#17875,.F.);
#17864 = FACE_BOUND('',#17865,.T.);
#17865 = EDGE_LOOP('',(#17866,#17867,#17873,#17874));
#17866 = ORIENTED_EDGE('',*,*,#8999,.T.);
#17867 = ORIENTED_EDGE('',*,*,#17868,.T.);
#17868 = EDGE_CURVE('',#9000,#12828,#17869,.T.);
#17869 = LINE('',#17870,#17871);
#17870 = CARTESIAN_POINT('',(105.355,-64.885,-4.6E-02));
#17871 = VECTOR('',#17872,1.);
#17872 = DIRECTION('',(0.,0.,1.));
#17873 = ORIENTED_EDGE('',*,*,#12827,.F.);
#17874 = ORIENTED_EDGE('',*,*,#17868,.F.);
#17875 = CYLINDRICAL_SURFACE('',#17876,0.735);
#17876 = AXIS2_PLACEMENT_3D('',#17877,#17878,#17879);
#17877 = CARTESIAN_POINT('',(105.355,-64.15,-4.6E-02));
#17878 = DIRECTION('',(-0.,-0.,-1.));
#17879 = DIRECTION('',(-0.,-1.,0.));
#17880 = ADVANCED_FACE('',(#17881),#17892,.F.);
#17881 = FACE_BOUND('',#17882,.T.);
#17882 = EDGE_LOOP('',(#17883,#17884,#17890,#17891));
#17883 = ORIENTED_EDGE('',*,*,#9010,.T.);
#17884 = ORIENTED_EDGE('',*,*,#17885,.T.);
#17885 = EDGE_CURVE('',#9011,#12839,#17886,.T.);
#17886 = LINE('',#17887,#17888);
#17887 = CARTESIAN_POINT('',(123.135,-67.565,-4.6E-02));
#17888 = VECTOR('',#17889,1.);
#17889 = DIRECTION('',(0.,0.,1.));
#17890 = ORIENTED_EDGE('',*,*,#12838,.F.);
#17891 = ORIENTED_EDGE('',*,*,#17885,.F.);
#17892 = CYLINDRICAL_SURFACE('',#17893,0.875);
#17893 = AXIS2_PLACEMENT_3D('',#17894,#17895,#17896);
#17894 = CARTESIAN_POINT('',(123.135,-66.69,-4.6E-02));
#17895 = DIRECTION('',(-0.,-0.,-1.));
#17896 = DIRECTION('',(-0.,-1.,0.));
#17897 = ADVANCED_FACE('',(#17898),#17909,.F.);
#17898 = FACE_BOUND('',#17899,.T.);
#17899 = EDGE_LOOP('',(#17900,#17901,#17907,#17908));
#17900 = ORIENTED_EDGE('',*,*,#9021,.T.);
#17901 = ORIENTED_EDGE('',*,*,#17902,.T.);
#17902 = EDGE_CURVE('',#9022,#12850,#17903,.T.);
#17903 = LINE('',#17904,#17905);
#17904 = CARTESIAN_POINT('',(124.405,-64.885,-4.6E-02));
#17905 = VECTOR('',#17906,1.);
#17906 = DIRECTION('',(0.,0.,1.));
#17907 = ORIENTED_EDGE('',*,*,#12849,.F.);
#17908 = ORIENTED_EDGE('',*,*,#17902,.F.);
#17909 = CYLINDRICAL_SURFACE('',#17910,0.735);
#17910 = AXIS2_PLACEMENT_3D('',#17911,#17912,#17913);
#17911 = CARTESIAN_POINT('',(124.405,-64.15,-4.6E-02));
#17912 = DIRECTION('',(-0.,-0.,-1.));
#17913 = DIRECTION('',(-0.,-1.,0.));
#17914 = ADVANCED_FACE('',(#17915),#17926,.F.);
#17915 = FACE_BOUND('',#17916,.T.);
#17916 = EDGE_LOOP('',(#17917,#17918,#17924,#17925));
#17917 = ORIENTED_EDGE('',*,*,#9032,.T.);
#17918 = ORIENTED_EDGE('',*,*,#17919,.T.);
#17919 = EDGE_CURVE('',#9033,#12861,#17920,.T.);
#17920 = LINE('',#17921,#17922);
#17921 = CARTESIAN_POINT('',(111.705,-62.345,-4.6E-02));
#17922 = VECTOR('',#17923,1.);
#17923 = DIRECTION('',(0.,0.,1.));
#17924 = ORIENTED_EDGE('',*,*,#12860,.F.);
#17925 = ORIENTED_EDGE('',*,*,#17919,.F.);
#17926 = CYLINDRICAL_SURFACE('',#17927,0.735);
#17927 = AXIS2_PLACEMENT_3D('',#17928,#17929,#17930);
#17928 = CARTESIAN_POINT('',(111.705,-61.61,-4.6E-02));
#17929 = DIRECTION('',(-0.,-0.,-1.));
#17930 = DIRECTION('',(-0.,-1.,0.));
#17931 = ADVANCED_FACE('',(#17932),#17943,.F.);
#17932 = FACE_BOUND('',#17933,.T.);
#17933 = EDGE_LOOP('',(#17934,#17935,#17941,#17942));
#17934 = ORIENTED_EDGE('',*,*,#9043,.T.);
#17935 = ORIENTED_EDGE('',*,*,#17936,.T.);
#17936 = EDGE_CURVE('',#9044,#12872,#17937,.T.);
#17937 = LINE('',#17938,#17939);
#17938 = CARTESIAN_POINT('',(137.74,-94.249,-4.6E-02));
#17939 = VECTOR('',#17940,1.);
#17940 = DIRECTION('',(0.,0.,1.));
#17941 = ORIENTED_EDGE('',*,*,#12871,.F.);
#17942 = ORIENTED_EDGE('',*,*,#17936,.F.);
#17943 = CYLINDRICAL_SURFACE('',#17944,1.524);
#17944 = AXIS2_PLACEMENT_3D('',#17945,#17946,#17947);
#17945 = CARTESIAN_POINT('',(137.74,-92.725,-4.6E-02));
#17946 = DIRECTION('',(-0.,-0.,-1.));
#17947 = DIRECTION('',(-0.,-1.,0.));
#17948 = ADVANCED_FACE('',(#17949),#17960,.F.);
#17949 = FACE_BOUND('',#17950,.T.);
#17950 = EDGE_LOOP('',(#17951,#17952,#17958,#17959));
#17951 = ORIENTED_EDGE('',*,*,#9054,.T.);
#17952 = ORIENTED_EDGE('',*,*,#17953,.T.);
#17953 = EDGE_CURVE('',#9055,#12883,#17954,.T.);
#17954 = LINE('',#17955,#17956);
#17955 = CARTESIAN_POINT('',(176.6338,-100.341881,-4.6E-02));
#17956 = VECTOR('',#17957,1.);
#17957 = DIRECTION('',(0.,0.,1.));
#17958 = ORIENTED_EDGE('',*,*,#12882,.F.);
#17959 = ORIENTED_EDGE('',*,*,#17953,.F.);
#17960 = CYLINDRICAL_SURFACE('',#17961,1.505);
#17961 = AXIS2_PLACEMENT_3D('',#17962,#17963,#17964);
#17962 = CARTESIAN_POINT('',(176.6338,-98.836881,-4.6E-02));
#17963 = DIRECTION('',(-0.,-0.,-1.));
#17964 = DIRECTION('',(-0.,-1.,0.));
#17965 = ADVANCED_FACE('',(#17966),#17977,.F.);
#17966 = FACE_BOUND('',#17967,.T.);
#17967 = EDGE_LOOP('',(#17968,#17969,#17975,#17976));
#17968 = ORIENTED_EDGE('',*,*,#9065,.T.);
#17969 = ORIENTED_EDGE('',*,*,#17970,.T.);
#17970 = EDGE_CURVE('',#9066,#12894,#17971,.T.);
#17971 = LINE('',#17972,#17973);
#17972 = CARTESIAN_POINT('',(175.84,-94.249,-4.6E-02));
#17973 = VECTOR('',#17974,1.);
#17974 = DIRECTION('',(0.,0.,1.));
#17975 = ORIENTED_EDGE('',*,*,#12893,.F.);
#17976 = ORIENTED_EDGE('',*,*,#17970,.F.);
#17977 = CYLINDRICAL_SURFACE('',#17978,1.524);
#17978 = AXIS2_PLACEMENT_3D('',#17979,#17980,#17981);
#17979 = CARTESIAN_POINT('',(175.84,-92.725,-4.6E-02));
#17980 = DIRECTION('',(-0.,-0.,-1.));
#17981 = DIRECTION('',(-0.,-1.,0.));
#17982 = ADVANCED_FACE('',(#17983),#17994,.F.);
#17983 = FACE_BOUND('',#17984,.T.);
#17984 = EDGE_LOOP('',(#17985,#17986,#17992,#17993));
#17985 = ORIENTED_EDGE('',*,*,#9076,.T.);
#17986 = ORIENTED_EDGE('',*,*,#17987,.T.);
#17987 = EDGE_CURVE('',#9077,#12905,#17988,.T.);
#17988 = LINE('',#17989,#17990);
#17989 = CARTESIAN_POINT('',(128.215,-87.7339,-4.6E-02));
#17990 = VECTOR('',#17991,1.);
#17991 = DIRECTION('',(0.,0.,1.));
#17992 = ORIENTED_EDGE('',*,*,#12904,.F.);
#17993 = ORIENTED_EDGE('',*,*,#17987,.F.);
#17994 = CYLINDRICAL_SURFACE('',#17995,1.9939);
#17995 = AXIS2_PLACEMENT_3D('',#17996,#17997,#17998);
#17996 = CARTESIAN_POINT('',(128.215,-85.74,-4.6E-02));
#17997 = DIRECTION('',(-0.,-0.,-1.));
#17998 = DIRECTION('',(-0.,-1.,0.));
#17999 = ADVANCED_FACE('',(#18000),#18011,.F.);
#18000 = FACE_BOUND('',#18001,.T.);
#18001 = EDGE_LOOP('',(#18002,#18003,#18009,#18010));
#18002 = ORIENTED_EDGE('',*,*,#9087,.T.);
#18003 = ORIENTED_EDGE('',*,*,#18004,.T.);
#18004 = EDGE_CURVE('',#9088,#12916,#18005,.T.);
#18005 = LINE('',#18006,#18007);
#18006 = CARTESIAN_POINT('',(133.295,-86.615,-4.6E-02));
#18007 = VECTOR('',#18008,1.);
#18008 = DIRECTION('',(0.,0.,1.));
#18009 = ORIENTED_EDGE('',*,*,#12915,.F.);
#18010 = ORIENTED_EDGE('',*,*,#18004,.F.);
#18011 = CYLINDRICAL_SURFACE('',#18012,0.875);
#18012 = AXIS2_PLACEMENT_3D('',#18013,#18014,#18015);
#18013 = CARTESIAN_POINT('',(133.295,-85.74,-4.6E-02));
#18014 = DIRECTION('',(-0.,-0.,-1.));
#18015 = DIRECTION('',(-0.,-1.,0.));
#18016 = ADVANCED_FACE('',(#18017),#18028,.F.);
#18017 = FACE_BOUND('',#18018,.T.);
#18018 = EDGE_LOOP('',(#18019,#18020,#18026,#18027));
#18019 = ORIENTED_EDGE('',*,*,#9098,.T.);
#18020 = ORIENTED_EDGE('',*,*,#18021,.T.);
#18021 = EDGE_CURVE('',#9099,#12927,#18022,.T.);
#18022 = LINE('',#18023,#18024);
#18023 = CARTESIAN_POINT('',(151.71,-86.615,-4.6E-02));
#18024 = VECTOR('',#18025,1.);
#18025 = DIRECTION('',(0.,0.,1.));
#18026 = ORIENTED_EDGE('',*,*,#12926,.F.);
#18027 = ORIENTED_EDGE('',*,*,#18021,.F.);
#18028 = CYLINDRICAL_SURFACE('',#18029,0.875);
#18029 = AXIS2_PLACEMENT_3D('',#18030,#18031,#18032);
#18030 = CARTESIAN_POINT('',(151.71,-85.74,-4.6E-02));
#18031 = DIRECTION('',(-0.,-0.,-1.));
#18032 = DIRECTION('',(-0.,-1.,0.));
#18033 = ADVANCED_FACE('',(#18034),#18045,.F.);
#18034 = FACE_BOUND('',#18035,.T.);
#18035 = EDGE_LOOP('',(#18036,#18037,#18043,#18044));
#18036 = ORIENTED_EDGE('',*,*,#9109,.T.);
#18037 = ORIENTED_EDGE('',*,*,#18038,.T.);
#18038 = EDGE_CURVE('',#9110,#12938,#18039,.T.);
#18039 = LINE('',#18040,#18041);
#18040 = CARTESIAN_POINT('',(130.755,-81.395,-4.6E-02));
#18041 = VECTOR('',#18042,1.);
#18042 = DIRECTION('',(0.,0.,1.));
#18043 = ORIENTED_EDGE('',*,*,#12937,.F.);
#18044 = ORIENTED_EDGE('',*,*,#18038,.F.);
#18045 = CYLINDRICAL_SURFACE('',#18046,0.735);
#18046 = AXIS2_PLACEMENT_3D('',#18047,#18048,#18049);
#18047 = CARTESIAN_POINT('',(130.755,-80.66,-4.6E-02));
#18048 = DIRECTION('',(-0.,-0.,-1.));
#18049 = DIRECTION('',(-0.,-1.,0.));
#18050 = ADVANCED_FACE('',(#18051),#18062,.F.);
#18051 = FACE_BOUND('',#18052,.T.);
#18052 = EDGE_LOOP('',(#18053,#18054,#18060,#18061));
#18053 = ORIENTED_EDGE('',*,*,#9120,.T.);
#18054 = ORIENTED_EDGE('',*,*,#18055,.T.);
#18055 = EDGE_CURVE('',#9121,#12949,#18056,.T.);
#18056 = LINE('',#18057,#18058);
#18057 = CARTESIAN_POINT('',(152.98,-83.935,-4.6E-02));
#18058 = VECTOR('',#18059,1.);
#18059 = DIRECTION('',(0.,0.,1.));
#18060 = ORIENTED_EDGE('',*,*,#12948,.F.);
#18061 = ORIENTED_EDGE('',*,*,#18055,.F.);
#18062 = CYLINDRICAL_SURFACE('',#18063,0.735);
#18063 = AXIS2_PLACEMENT_3D('',#18064,#18065,#18066);
#18064 = CARTESIAN_POINT('',(152.98,-83.2,-4.6E-02));
#18065 = DIRECTION('',(-0.,-0.,-1.));
#18066 = DIRECTION('',(-3.866899242232E-14,-1.,0.));
#18067 = ADVANCED_FACE('',(#18068),#18079,.F.);
#18068 = FACE_BOUND('',#18069,.T.);
#18069 = EDGE_LOOP('',(#18070,#18071,#18077,#18078));
#18070 = ORIENTED_EDGE('',*,*,#9131,.T.);
#18071 = ORIENTED_EDGE('',*,*,#18072,.T.);
#18072 = EDGE_CURVE('',#9132,#12960,#18073,.T.);
#18073 = LINE('',#18074,#18075);
#18074 = CARTESIAN_POINT('',(156.79,-87.7339,-4.6E-02));
#18075 = VECTOR('',#18076,1.);
#18076 = DIRECTION('',(0.,0.,1.));
#18077 = ORIENTED_EDGE('',*,*,#12959,.F.);
#18078 = ORIENTED_EDGE('',*,*,#18072,.F.);
#18079 = CYLINDRICAL_SURFACE('',#18080,1.9939);
#18080 = AXIS2_PLACEMENT_3D('',#18081,#18082,#18083);
#18081 = CARTESIAN_POINT('',(156.79,-85.74,-4.6E-02));
#18082 = DIRECTION('',(-0.,-0.,-1.));
#18083 = DIRECTION('',(-0.,-1.,0.));
#18084 = ADVANCED_FACE('',(#18085),#18096,.F.);
#18085 = FACE_BOUND('',#18086,.T.);
#18086 = EDGE_LOOP('',(#18087,#18088,#18094,#18095));
#18087 = ORIENTED_EDGE('',*,*,#9142,.T.);
#18088 = ORIENTED_EDGE('',*,*,#18089,.T.);
#18089 = EDGE_CURVE('',#9143,#12971,#18090,.T.);
#18090 = LINE('',#18091,#18092);
#18091 = CARTESIAN_POINT('',(161.87,-86.615,-4.6E-02));
#18092 = VECTOR('',#18093,1.);
#18093 = DIRECTION('',(0.,0.,1.));
#18094 = ORIENTED_EDGE('',*,*,#12970,.F.);
#18095 = ORIENTED_EDGE('',*,*,#18089,.F.);
#18096 = CYLINDRICAL_SURFACE('',#18097,0.875);
#18097 = AXIS2_PLACEMENT_3D('',#18098,#18099,#18100);
#18098 = CARTESIAN_POINT('',(161.87,-85.74,-4.6E-02));
#18099 = DIRECTION('',(-0.,-0.,-1.));
#18100 = DIRECTION('',(-0.,-1.,0.));
#18101 = ADVANCED_FACE('',(#18102),#18113,.F.);
#18102 = FACE_BOUND('',#18103,.T.);
#18103 = EDGE_LOOP('',(#18104,#18105,#18111,#18112));
#18104 = ORIENTED_EDGE('',*,*,#9153,.T.);
#18105 = ORIENTED_EDGE('',*,*,#18106,.T.);
#18106 = EDGE_CURVE('',#9154,#12982,#18107,.T.);
#18107 = LINE('',#18108,#18109);
#18108 = CARTESIAN_POINT('',(159.33,-81.395,-4.6E-02));
#18109 = VECTOR('',#18110,1.);
#18110 = DIRECTION('',(0.,0.,1.));
#18111 = ORIENTED_EDGE('',*,*,#12981,.F.);
#18112 = ORIENTED_EDGE('',*,*,#18106,.F.);
#18113 = CYLINDRICAL_SURFACE('',#18114,0.735);
#18114 = AXIS2_PLACEMENT_3D('',#18115,#18116,#18117);
#18115 = CARTESIAN_POINT('',(159.33,-80.66,-4.6E-02));
#18116 = DIRECTION('',(-0.,0.,-1.));
#18117 = DIRECTION('',(3.866899242232E-14,-1.,-0.));
#18118 = ADVANCED_FACE('',(#18119),#18130,.F.);
#18119 = FACE_BOUND('',#18120,.T.);
#18120 = EDGE_LOOP('',(#18121,#18122,#18128,#18129));
#18121 = ORIENTED_EDGE('',*,*,#9164,.T.);
#18122 = ORIENTED_EDGE('',*,*,#18123,.T.);
#18123 = EDGE_CURVE('',#9165,#12993,#18124,.T.);
#18124 = LINE('',#18125,#18126);
#18125 = CARTESIAN_POINT('',(185.365,-94.2488,-4.6E-02));
#18126 = VECTOR('',#18127,1.);
#18127 = DIRECTION('',(0.,0.,1.));
#18128 = ORIENTED_EDGE('',*,*,#12992,.F.);
#18129 = ORIENTED_EDGE('',*,*,#18123,.F.);
#18130 = CYLINDRICAL_SURFACE('',#18131,1.524);
#18131 = AXIS2_PLACEMENT_3D('',#18132,#18133,#18134);
#18132 = CARTESIAN_POINT('',(185.365,-92.7248,-4.6E-02));
#18133 = DIRECTION('',(-0.,-0.,-1.));
#18134 = DIRECTION('',(-0.,-1.,0.));
#18135 = ADVANCED_FACE('',(#18136),#18147,.F.);
#18136 = FACE_BOUND('',#18137,.T.);
#18137 = EDGE_LOOP('',(#18138,#18139,#18145,#18146));
#18138 = ORIENTED_EDGE('',*,*,#9175,.T.);
#18139 = ORIENTED_EDGE('',*,*,#18140,.T.);
#18140 = EDGE_CURVE('',#9176,#13004,#18141,.T.);
#18141 = LINE('',#18142,#18143);
#18142 = CARTESIAN_POINT('',(197.27245,-94.2488,-4.6E-02));
#18143 = VECTOR('',#18144,1.);
#18144 = DIRECTION('',(0.,0.,1.));
#18145 = ORIENTED_EDGE('',*,*,#13003,.F.);
#18146 = ORIENTED_EDGE('',*,*,#18140,.F.);
#18147 = CYLINDRICAL_SURFACE('',#18148,1.524);
#18148 = AXIS2_PLACEMENT_3D('',#18149,#18150,#18151);
#18149 = CARTESIAN_POINT('',(197.27245,-92.7248,-4.6E-02));
#18150 = DIRECTION('',(-0.,-0.,-1.));
#18151 = DIRECTION('',(-0.,-1.,0.));
#18152 = ADVANCED_FACE('',(#18153),#18164,.F.);
#18153 = FACE_BOUND('',#18154,.T.);
#18154 = EDGE_LOOP('',(#18155,#18156,#18162,#18163));
#18155 = ORIENTED_EDGE('',*,*,#9186,.T.);
#18156 = ORIENTED_EDGE('',*,*,#18157,.T.);
#18157 = EDGE_CURVE('',#9187,#13015,#18158,.T.);
#18158 = LINE('',#18159,#18160);
#18159 = CARTESIAN_POINT('',(233.7838,-100.341881,-4.6E-02));
#18160 = VECTOR('',#18161,1.);
#18161 = DIRECTION('',(0.,0.,1.));
#18162 = ORIENTED_EDGE('',*,*,#13014,.F.);
#18163 = ORIENTED_EDGE('',*,*,#18157,.F.);
#18164 = CYLINDRICAL_SURFACE('',#18165,1.505);
#18165 = AXIS2_PLACEMENT_3D('',#18166,#18167,#18168);
#18166 = CARTESIAN_POINT('',(233.7838,-98.836881,-4.6E-02));
#18167 = DIRECTION('',(-0.,0.,-1.));
#18168 = DIRECTION('',(1.888485676439E-14,-1.,-0.));
#18169 = ADVANCED_FACE('',(#18170),#18181,.F.);
#18170 = FACE_BOUND('',#18171,.T.);
#18171 = EDGE_LOOP('',(#18172,#18173,#18179,#18180));
#18172 = ORIENTED_EDGE('',*,*,#9197,.T.);
#18173 = ORIENTED_EDGE('',*,*,#18174,.T.);
#18174 = EDGE_CURVE('',#9198,#13026,#18175,.T.);
#18175 = LINE('',#18176,#18177);
#18176 = CARTESIAN_POINT('',(189.81,-86.615,-4.6E-02));
#18177 = VECTOR('',#18178,1.);
#18178 = DIRECTION('',(0.,0.,1.));
#18179 = ORIENTED_EDGE('',*,*,#13025,.F.);
#18180 = ORIENTED_EDGE('',*,*,#18174,.F.);
#18181 = CYLINDRICAL_SURFACE('',#18182,0.875);
#18182 = AXIS2_PLACEMENT_3D('',#18183,#18184,#18185);
#18183 = CARTESIAN_POINT('',(189.81,-85.74,-4.6E-02));
#18184 = DIRECTION('',(-0.,-0.,-1.));
#18185 = DIRECTION('',(-0.,-1.,0.));
#18186 = ADVANCED_FACE('',(#18187),#18198,.F.);
#18187 = FACE_BOUND('',#18188,.T.);
#18188 = EDGE_LOOP('',(#18189,#18190,#18196,#18197));
#18189 = ORIENTED_EDGE('',*,*,#9208,.T.);
#18190 = ORIENTED_EDGE('',*,*,#18191,.T.);
#18191 = EDGE_CURVE('',#9209,#13037,#18192,.T.);
#18192 = LINE('',#18193,#18194);
#18193 = CARTESIAN_POINT('',(194.89,-87.7339,-4.6E-02));
#18194 = VECTOR('',#18195,1.);
#18195 = DIRECTION('',(0.,0.,1.));
#18196 = ORIENTED_EDGE('',*,*,#13036,.F.);
#18197 = ORIENTED_EDGE('',*,*,#18191,.F.);
#18198 = CYLINDRICAL_SURFACE('',#18199,1.9939);
#18199 = AXIS2_PLACEMENT_3D('',#18200,#18201,#18202);
#18200 = CARTESIAN_POINT('',(194.89,-85.74,-4.6E-02));
#18201 = DIRECTION('',(-0.,-0.,-1.));
#18202 = DIRECTION('',(-0.,-1.,0.));
#18203 = ADVANCED_FACE('',(#18204),#18220,.F.);
#18204 = FACE_BOUND('',#18205,.T.);
#18205 = EDGE_LOOP('',(#18206,#18207,#18213,#18214));
#18206 = ORIENTED_EDGE('',*,*,#9219,.T.);
#18207 = ORIENTED_EDGE('',*,*,#18208,.T.);
#18208 = EDGE_CURVE('',#9222,#13050,#18209,.T.);
#18209 = LINE('',#18210,#18211);
#18210 = CARTESIAN_POINT('',(199.97,-86.615,-4.6E-02));
#18211 = VECTOR('',#18212,1.);
#18212 = DIRECTION('',(0.,0.,1.));
#18213 = ORIENTED_EDGE('',*,*,#13047,.F.);
#18214 = ORIENTED_EDGE('',*,*,#18215,.T.);
#18215 = EDGE_CURVE('',#13048,#9220,#18216,.T.);
#18216 = LINE('',#18217,#18218);
#18217 = CARTESIAN_POINT('',(200.843125,-85.79725150107,-4.6E-02));
#18218 = VECTOR('',#18219,1.);
#18219 = DIRECTION('',(-0.,-0.,-1.));
#18220 = CYLINDRICAL_SURFACE('',#18221,0.875);
#18221 = AXIS2_PLACEMENT_3D('',#18222,#18223,#18224);
#18222 = CARTESIAN_POINT('',(199.97,-85.74,-4.6E-02));
#18223 = DIRECTION('',(-0.,-0.,-1.));
#18224 = DIRECTION('',(-0.,-1.,0.));
#18225 = ADVANCED_FACE('',(#18226),#18237,.F.);
#18226 = FACE_BOUND('',#18227,.T.);
#18227 = EDGE_LOOP('',(#18228,#18234,#18235,#18236));
#18228 = ORIENTED_EDGE('',*,*,#18229,.F.);
#18229 = EDGE_CURVE('',#9240,#13068,#18230,.T.);
#18230 = LINE('',#18231,#18232);
#18231 = CARTESIAN_POINT('',(201.71625,-86.615,-4.6E-02));
#18232 = VECTOR('',#18233,1.);
#18233 = DIRECTION('',(0.,0.,1.));
#18234 = ORIENTED_EDGE('',*,*,#9248,.T.);
#18235 = ORIENTED_EDGE('',*,*,#18215,.F.);
#18236 = ORIENTED_EDGE('',*,*,#13076,.F.);
#18237 = CYLINDRICAL_SURFACE('',#18238,0.875);
#18238 = AXIS2_PLACEMENT_3D('',#18239,#18240,#18241);
#18239 = CARTESIAN_POINT('',(201.71625,-85.74,-4.6E-02));
#18240 = DIRECTION('',(-0.,-0.,-1.));
#18241 = DIRECTION('',(-0.,-1.,0.));
#18242 = ADVANCED_FACE('',(#18243),#18254,.F.);
#18243 = FACE_BOUND('',#18244,.T.);
#18244 = EDGE_LOOP('',(#18245,#18246,#18247,#18248));
#18245 = ORIENTED_EDGE('',*,*,#9239,.T.);
#18246 = ORIENTED_EDGE('',*,*,#18229,.T.);
#18247 = ORIENTED_EDGE('',*,*,#13067,.F.);
#18248 = ORIENTED_EDGE('',*,*,#18249,.T.);
#18249 = EDGE_CURVE('',#13059,#9231,#18250,.T.);
#18250 = LINE('',#18251,#18252);
#18251 = CARTESIAN_POINT('',(200.843125,-85.68274849892,-4.6E-02));
#18252 = VECTOR('',#18253,1.);
#18253 = DIRECTION('',(-0.,-0.,-1.));
#18254 = CYLINDRICAL_SURFACE('',#18255,0.875);
#18255 = AXIS2_PLACEMENT_3D('',#18256,#18257,#18258);
#18256 = CARTESIAN_POINT('',(201.71625,-85.74,-4.6E-02));
#18257 = DIRECTION('',(-0.,-0.,-1.));
#18258 = DIRECTION('',(-0.,-1.,0.));
#18259 = ADVANCED_FACE('',(#18260),#18266,.F.);
#18260 = FACE_BOUND('',#18261,.T.);
#18261 = EDGE_LOOP('',(#18262,#18263,#18264,#18265));
#18262 = ORIENTED_EDGE('',*,*,#18208,.F.);
#18263 = ORIENTED_EDGE('',*,*,#9230,.T.);
#18264 = ORIENTED_EDGE('',*,*,#18249,.F.);
#18265 = ORIENTED_EDGE('',*,*,#13058,.F.);
#18266 = CYLINDRICAL_SURFACE('',#18267,0.875);
#18267 = AXIS2_PLACEMENT_3D('',#18268,#18269,#18270);
#18268 = CARTESIAN_POINT('',(199.97,-85.74,-4.6E-02));
#18269 = DIRECTION('',(-0.,-0.,-1.));
#18270 = DIRECTION('',(-0.,-1.,0.));
#18271 = ADVANCED_FACE('',(#18272),#18288,.F.);
#18272 = FACE_BOUND('',#18273,.T.);
#18273 = EDGE_LOOP('',(#18274,#18275,#18281,#18282));
#18274 = ORIENTED_EDGE('',*,*,#9257,.T.);
#18275 = ORIENTED_EDGE('',*,*,#18276,.T.);
#18276 = EDGE_CURVE('',#9260,#13088,#18277,.T.);
#18277 = LINE('',#18278,#18279);
#18278 = CARTESIAN_POINT('',(206.79625,-87.7339,-4.6E-02));
#18279 = VECTOR('',#18280,1.);
#18280 = DIRECTION('',(0.,0.,1.));
#18281 = ORIENTED_EDGE('',*,*,#13085,.F.);
#18282 = ORIENTED_EDGE('',*,*,#18283,.T.);
#18283 = EDGE_CURVE('',#13086,#9258,#18284,.T.);
#18284 = LINE('',#18285,#18286);
#18285 = CARTESIAN_POINT('',(208.6058384367,-86.5772734916,-4.6E-02));
#18286 = VECTOR('',#18287,1.);
#18287 = DIRECTION('',(-0.,-0.,-1.));
#18288 = CYLINDRICAL_SURFACE('',#18289,1.9939);
#18289 = AXIS2_PLACEMENT_3D('',#18290,#18291,#18292);
#18290 = CARTESIAN_POINT('',(206.79625,-85.74,-4.6E-02));
#18291 = DIRECTION('',(-0.,-0.,-1.));
#18292 = DIRECTION('',(-0.,-1.,0.));
#18293 = ADVANCED_FACE('',(#18294),#18305,.F.);
#18294 = FACE_BOUND('',#18295,.T.);
#18295 = EDGE_LOOP('',(#18296,#18302,#18303,#18304));
#18296 = ORIENTED_EDGE('',*,*,#18297,.F.);
#18297 = EDGE_CURVE('',#9278,#13106,#18298,.T.);
#18298 = LINE('',#18299,#18300);
#18299 = CARTESIAN_POINT('',(208.86,-86.615,-4.6E-02));
#18300 = VECTOR('',#18301,1.);
#18301 = DIRECTION('',(0.,0.,1.));
#18302 = ORIENTED_EDGE('',*,*,#9286,.T.);
#18303 = ORIENTED_EDGE('',*,*,#18283,.F.);
#18304 = ORIENTED_EDGE('',*,*,#13114,.F.);
#18305 = CYLINDRICAL_SURFACE('',#18306,0.875);
#18306 = AXIS2_PLACEMENT_3D('',#18307,#18308,#18309);
#18307 = CARTESIAN_POINT('',(208.86,-85.74,-4.6E-02));
#18308 = DIRECTION('',(-0.,-0.,-1.));
#18309 = DIRECTION('',(-0.,-1.,0.));
#18310 = ADVANCED_FACE('',(#18311),#18322,.F.);
#18311 = FACE_BOUND('',#18312,.T.);
#18312 = EDGE_LOOP('',(#18313,#18314,#18315,#18316));
#18313 = ORIENTED_EDGE('',*,*,#9277,.T.);
#18314 = ORIENTED_EDGE('',*,*,#18297,.T.);
#18315 = ORIENTED_EDGE('',*,*,#13105,.F.);
#18316 = ORIENTED_EDGE('',*,*,#18317,.T.);
#18317 = EDGE_CURVE('',#13097,#9269,#18318,.T.);
#18318 = LINE('',#18319,#18320);
#18319 = CARTESIAN_POINT('',(208.6058384367,-84.90272650839,-4.6E-02));
#18320 = VECTOR('',#18321,1.);
#18321 = DIRECTION('',(-0.,-0.,-1.));
#18322 = CYLINDRICAL_SURFACE('',#18323,0.875);
#18323 = AXIS2_PLACEMENT_3D('',#18324,#18325,#18326);
#18324 = CARTESIAN_POINT('',(208.86,-85.74,-4.6E-02));
#18325 = DIRECTION('',(-0.,-0.,-1.));
#18326 = DIRECTION('',(-0.,-1.,0.));
#18327 = ADVANCED_FACE('',(#18328),#18334,.F.);
#18328 = FACE_BOUND('',#18329,.T.);
#18329 = EDGE_LOOP('',(#18330,#18331,#18332,#18333));
#18330 = ORIENTED_EDGE('',*,*,#18276,.F.);
#18331 = ORIENTED_EDGE('',*,*,#9268,.T.);
#18332 = ORIENTED_EDGE('',*,*,#18317,.F.);
#18333 = ORIENTED_EDGE('',*,*,#13096,.F.);
#18334 = CYLINDRICAL_SURFACE('',#18335,1.9939);
#18335 = AXIS2_PLACEMENT_3D('',#18336,#18337,#18338);
#18336 = CARTESIAN_POINT('',(206.79625,-85.74,-4.6E-02));
#18337 = DIRECTION('',(-0.,-0.,-1.));
#18338 = DIRECTION('',(-0.,-1.,0.));
#18339 = ADVANCED_FACE('',(#18340),#18351,.F.);
#18340 = FACE_BOUND('',#18341,.T.);
#18341 = EDGE_LOOP('',(#18342,#18343,#18349,#18350));
#18342 = ORIENTED_EDGE('',*,*,#9295,.T.);
#18343 = ORIENTED_EDGE('',*,*,#18344,.T.);
#18344 = EDGE_CURVE('',#9296,#13124,#18345,.T.);
#18345 = LINE('',#18346,#18347);
#18346 = CARTESIAN_POINT('',(191.08,-83.935,-4.6E-02));
#18347 = VECTOR('',#18348,1.);
#18348 = DIRECTION('',(0.,0.,1.));
#18349 = ORIENTED_EDGE('',*,*,#13123,.F.);
#18350 = ORIENTED_EDGE('',*,*,#18344,.F.);
#18351 = CYLINDRICAL_SURFACE('',#18352,0.735);
#18352 = AXIS2_PLACEMENT_3D('',#18353,#18354,#18355);
#18353 = CARTESIAN_POINT('',(191.08,-83.2,-4.6E-02));
#18354 = DIRECTION('',(-0.,0.,-1.));
#18355 = DIRECTION('',(3.866899242232E-14,-1.,-0.));
#18356 = ADVANCED_FACE('',(#18357),#18368,.F.);
#18357 = FACE_BOUND('',#18358,.T.);
#18358 = EDGE_LOOP('',(#18359,#18360,#18366,#18367));
#18359 = ORIENTED_EDGE('',*,*,#9306,.T.);
#18360 = ORIENTED_EDGE('',*,*,#18361,.T.);
#18361 = EDGE_CURVE('',#9307,#13135,#18362,.T.);
#18362 = LINE('',#18363,#18364);
#18363 = CARTESIAN_POINT('',(202.98625,-83.935,-4.6E-02));
#18364 = VECTOR('',#18365,1.);
#18365 = DIRECTION('',(0.,0.,1.));
#18366 = ORIENTED_EDGE('',*,*,#13134,.F.);
#18367 = ORIENTED_EDGE('',*,*,#18361,.F.);
#18368 = CYLINDRICAL_SURFACE('',#18369,0.735);
#18369 = AXIS2_PLACEMENT_3D('',#18370,#18371,#18372);
#18370 = CARTESIAN_POINT('',(202.98625,-83.2,-4.6E-02));
#18371 = DIRECTION('',(-0.,0.,-1.));
#18372 = DIRECTION('',(3.866899242232E-14,-1.,-0.));
#18373 = ADVANCED_FACE('',(#18374),#18385,.F.);
#18374 = FACE_BOUND('',#18375,.T.);
#18375 = EDGE_LOOP('',(#18376,#18377,#18383,#18384));
#18376 = ORIENTED_EDGE('',*,*,#9317,.T.);
#18377 = ORIENTED_EDGE('',*,*,#18378,.T.);
#18378 = EDGE_CURVE('',#9318,#13146,#18379,.T.);
#18379 = LINE('',#18380,#18381);
#18380 = CARTESIAN_POINT('',(210.13,-83.935,-4.6E-02));
#18381 = VECTOR('',#18382,1.);
#18382 = DIRECTION('',(0.,0.,1.));
#18383 = ORIENTED_EDGE('',*,*,#13145,.F.);
#18384 = ORIENTED_EDGE('',*,*,#18378,.F.);
#18385 = CYLINDRICAL_SURFACE('',#18386,0.735);
#18386 = AXIS2_PLACEMENT_3D('',#18387,#18388,#18389);
#18387 = CARTESIAN_POINT('',(210.13,-83.2,-4.6E-02));
#18388 = DIRECTION('',(-0.,-0.,-1.));
#18389 = DIRECTION('',(-0.,-1.,0.));
#18390 = ADVANCED_FACE('',(#18391),#18402,.F.);
#18391 = FACE_BOUND('',#18392,.T.);
#18392 = EDGE_LOOP('',(#18393,#18394,#18400,#18401));
#18393 = ORIENTED_EDGE('',*,*,#9328,.T.);
#18394 = ORIENTED_EDGE('',*,*,#18395,.T.);
#18395 = EDGE_CURVE('',#9329,#13157,#18396,.T.);
#18396 = LINE('',#18397,#18398);
#18397 = CARTESIAN_POINT('',(197.43,-81.395,-4.6E-02));
#18398 = VECTOR('',#18399,1.);
#18399 = DIRECTION('',(0.,0.,1.));
#18400 = ORIENTED_EDGE('',*,*,#13156,.F.);
#18401 = ORIENTED_EDGE('',*,*,#18395,.F.);
#18402 = CYLINDRICAL_SURFACE('',#18403,0.735);
#18403 = AXIS2_PLACEMENT_3D('',#18404,#18405,#18406);
#18404 = CARTESIAN_POINT('',(197.43,-80.66,-4.6E-02));
#18405 = DIRECTION('',(-0.,-0.,-1.));
#18406 = DIRECTION('',(-0.,-1.,0.));
#18407 = ADVANCED_FACE('',(#18408),#18419,.F.);
#18408 = FACE_BOUND('',#18409,.T.);
#18409 = EDGE_LOOP('',(#18410,#18411,#18417,#18418));
#18410 = ORIENTED_EDGE('',*,*,#9339,.T.);
#18411 = ORIENTED_EDGE('',*,*,#18412,.T.);
#18412 = EDGE_CURVE('',#9340,#13168,#18413,.T.);
#18413 = LINE('',#18414,#18415);
#18414 = CARTESIAN_POINT('',(209.33625,-81.395,-4.6E-02));
#18415 = VECTOR('',#18416,1.);
#18416 = DIRECTION('',(0.,0.,1.));
#18417 = ORIENTED_EDGE('',*,*,#13167,.F.);
#18418 = ORIENTED_EDGE('',*,*,#18412,.F.);
#18419 = CYLINDRICAL_SURFACE('',#18420,0.735);
#18420 = AXIS2_PLACEMENT_3D('',#18421,#18422,#18423);
#18421 = CARTESIAN_POINT('',(209.33625,-80.66,-4.6E-02));
#18422 = DIRECTION('',(-0.,-0.,-1.));
#18423 = DIRECTION('',(-0.,-1.,0.));
#18424 = ADVANCED_FACE('',(#18425),#18441,.F.);
#18425 = FACE_BOUND('',#18426,.T.);
#18426 = EDGE_LOOP('',(#18427,#18428,#18434,#18435));
#18427 = ORIENTED_EDGE('',*,*,#9350,.T.);
#18428 = ORIENTED_EDGE('',*,*,#18429,.T.);
#18429 = EDGE_CURVE('',#9353,#13181,#18430,.T.);
#18430 = LINE('',#18431,#18432);
#18431 = CARTESIAN_POINT('',(211.87625,-86.615,-4.6E-02));
#18432 = VECTOR('',#18433,1.);
#18433 = DIRECTION('',(0.,0.,1.));
#18434 = ORIENTED_EDGE('',*,*,#13178,.F.);
#18435 = ORIENTED_EDGE('',*,*,#18436,.T.);
#18436 = EDGE_CURVE('',#13179,#9351,#18437,.T.);
#18437 = LINE('',#18438,#18439);
#18438 = CARTESIAN_POINT('',(212.13041156329,-86.5772734916,-4.6E-02));
#18439 = VECTOR('',#18440,1.);
#18440 = DIRECTION('',(-0.,-0.,-1.));
#18441 = CYLINDRICAL_SURFACE('',#18442,0.875);
#18442 = AXIS2_PLACEMENT_3D('',#18443,#18444,#18445);
#18443 = CARTESIAN_POINT('',(211.87625,-85.74,-4.6E-02));
#18444 = DIRECTION('',(-0.,-0.,-1.));
#18445 = DIRECTION('',(-0.,-1.,0.));
#18446 = ADVANCED_FACE('',(#18447),#18458,.F.);
#18447 = FACE_BOUND('',#18448,.T.);
#18448 = EDGE_LOOP('',(#18449,#18455,#18456,#18457));
#18449 = ORIENTED_EDGE('',*,*,#18450,.F.);
#18450 = EDGE_CURVE('',#9371,#13199,#18451,.T.);
#18451 = LINE('',#18452,#18453);
#18452 = CARTESIAN_POINT('',(213.94,-87.7339,-4.6E-02));
#18453 = VECTOR('',#18454,1.);
#18454 = DIRECTION('',(0.,0.,1.));
#18455 = ORIENTED_EDGE('',*,*,#9379,.T.);
#18456 = ORIENTED_EDGE('',*,*,#18436,.F.);
#18457 = ORIENTED_EDGE('',*,*,#13207,.F.);
#18458 = CYLINDRICAL_SURFACE('',#18459,1.9939);
#18459 = AXIS2_PLACEMENT_3D('',#18460,#18461,#18462);
#18460 = CARTESIAN_POINT('',(213.94,-85.74,-4.6E-02));
#18461 = DIRECTION('',(-0.,-0.,-1.));
#18462 = DIRECTION('',(-0.,-1.,0.));
#18463 = ADVANCED_FACE('',(#18464),#18475,.F.);
#18464 = FACE_BOUND('',#18465,.T.);
#18465 = EDGE_LOOP('',(#18466,#18467,#18468,#18469));
#18466 = ORIENTED_EDGE('',*,*,#9370,.T.);
#18467 = ORIENTED_EDGE('',*,*,#18450,.T.);
#18468 = ORIENTED_EDGE('',*,*,#13198,.F.);
#18469 = ORIENTED_EDGE('',*,*,#18470,.T.);
#18470 = EDGE_CURVE('',#13190,#9362,#18471,.T.);
#18471 = LINE('',#18472,#18473);
#18472 = CARTESIAN_POINT('',(212.13041156329,-84.90272650839,-4.6E-02));
#18473 = VECTOR('',#18474,1.);
#18474 = DIRECTION('',(-0.,-0.,-1.));
#18475 = CYLINDRICAL_SURFACE('',#18476,1.9939);
#18476 = AXIS2_PLACEMENT_3D('',#18477,#18478,#18479);
#18477 = CARTESIAN_POINT('',(213.94,-85.74,-4.6E-02));
#18478 = DIRECTION('',(-0.,-0.,-1.));
#18479 = DIRECTION('',(-0.,-1.,0.));
#18480 = ADVANCED_FACE('',(#18481),#18487,.F.);
#18481 = FACE_BOUND('',#18482,.T.);
#18482 = EDGE_LOOP('',(#18483,#18484,#18485,#18486));
#18483 = ORIENTED_EDGE('',*,*,#18429,.F.);
#18484 = ORIENTED_EDGE('',*,*,#9361,.T.);
#18485 = ORIENTED_EDGE('',*,*,#18470,.F.);
#18486 = ORIENTED_EDGE('',*,*,#13189,.F.);
#18487 = CYLINDRICAL_SURFACE('',#18488,0.875);
#18488 = AXIS2_PLACEMENT_3D('',#18489,#18490,#18491);
#18489 = CARTESIAN_POINT('',(211.87625,-85.74,-4.6E-02));
#18490 = DIRECTION('',(-0.,-0.,-1.));
#18491 = DIRECTION('',(-0.,-1.,0.));
#18492 = ADVANCED_FACE('',(#18493),#18504,.F.);
#18493 = FACE_BOUND('',#18494,.T.);
#18494 = EDGE_LOOP('',(#18495,#18496,#18502,#18503));
#18495 = ORIENTED_EDGE('',*,*,#9388,.T.);
#18496 = ORIENTED_EDGE('',*,*,#18497,.T.);
#18497 = EDGE_CURVE('',#9389,#13217,#18498,.T.);
#18498 = LINE('',#18499,#18500);
#18499 = CARTESIAN_POINT('',(219.02,-86.615,-4.6E-02));
#18500 = VECTOR('',#18501,1.);
#18501 = DIRECTION('',(0.,0.,1.));
#18502 = ORIENTED_EDGE('',*,*,#13216,.F.);
#18503 = ORIENTED_EDGE('',*,*,#18497,.F.);
#18504 = CYLINDRICAL_SURFACE('',#18505,0.875);
#18505 = AXIS2_PLACEMENT_3D('',#18506,#18507,#18508);
#18506 = CARTESIAN_POINT('',(219.02,-85.74,-4.6E-02));
#18507 = DIRECTION('',(-0.,-0.,-1.));
#18508 = DIRECTION('',(-0.,-1.,0.));
#18509 = ADVANCED_FACE('',(#18510),#18521,.F.);
#18510 = FACE_BOUND('',#18511,.T.);
#18511 = EDGE_LOOP('',(#18512,#18513,#18519,#18520));
#18512 = ORIENTED_EDGE('',*,*,#9399,.T.);
#18513 = ORIENTED_EDGE('',*,*,#18514,.T.);
#18514 = EDGE_CURVE('',#9400,#13228,#18515,.T.);
#18515 = LINE('',#18516,#18517);
#18516 = CARTESIAN_POINT('',(225.52875,-86.615,-4.6E-02));
#18517 = VECTOR('',#18518,1.);
#18518 = DIRECTION('',(0.,0.,1.));
#18519 = ORIENTED_EDGE('',*,*,#13227,.F.);
#18520 = ORIENTED_EDGE('',*,*,#18514,.F.);
#18521 = CYLINDRICAL_SURFACE('',#18522,0.875);
#18522 = AXIS2_PLACEMENT_3D('',#18523,#18524,#18525);
#18523 = CARTESIAN_POINT('',(225.52875,-85.74,-4.6E-02));
#18524 = DIRECTION('',(-0.,-0.,-1.));
#18525 = DIRECTION('',(-0.,-1.,0.));
#18526 = ADVANCED_FACE('',(#18527),#18543,.F.);
#18527 = FACE_BOUND('',#18528,.T.);
#18528 = EDGE_LOOP('',(#18529,#18530,#18536,#18537));
#18529 = ORIENTED_EDGE('',*,*,#9410,.T.);
#18530 = ORIENTED_EDGE('',*,*,#18531,.T.);
#18531 = EDGE_CURVE('',#9413,#13241,#18532,.T.);
#18532 = LINE('',#18533,#18534);
#18533 = CARTESIAN_POINT('',(227.91,-86.615,-4.6E-02));
#18534 = VECTOR('',#18535,1.);
#18535 = DIRECTION('',(0.,0.,1.));
#18536 = ORIENTED_EDGE('',*,*,#13238,.F.);
#18537 = ORIENTED_EDGE('',*,*,#18538,.T.);
#18538 = EDGE_CURVE('',#13239,#9411,#18539,.T.);
#18539 = LINE('',#18540,#18541);
#18540 = CARTESIAN_POINT('',(228.66465296016,-86.18285879206,-4.6E-02));
#18541 = VECTOR('',#18542,1.);
#18542 = DIRECTION('',(-0.,-0.,-1.));
#18543 = CYLINDRICAL_SURFACE('',#18544,0.875);
#18544 = AXIS2_PLACEMENT_3D('',#18545,#18546,#18547);
#18545 = CARTESIAN_POINT('',(227.91,-85.74,-4.6E-02));
#18546 = DIRECTION('',(-0.,-0.,-1.));
#18547 = DIRECTION('',(-0.,-1.,0.));
#18548 = ADVANCED_FACE('',(#18549),#18560,.F.);
#18549 = FACE_BOUND('',#18550,.T.);
#18550 = EDGE_LOOP('',(#18551,#18557,#18558,#18559));
#18551 = ORIENTED_EDGE('',*,*,#18552,.F.);
#18552 = EDGE_CURVE('',#9485,#13313,#18553,.T.);
#18553 = LINE('',#18554,#18555);
#18554 = CARTESIAN_POINT('',(230.60875,-87.7339,-4.6E-02));
#18555 = VECTOR('',#18556,1.);
#18556 = DIRECTION('',(0.,0.,1.));
#18557 = ORIENTED_EDGE('',*,*,#9493,.T.);
#18558 = ORIENTED_EDGE('',*,*,#18538,.F.);
#18559 = ORIENTED_EDGE('',*,*,#13321,.F.);
#18560 = CYLINDRICAL_SURFACE('',#18561,1.9939);
#18561 = AXIS2_PLACEMENT_3D('',#18562,#18563,#18564);
#18562 = CARTESIAN_POINT('',(230.60875,-85.74,-4.6E-02));
#18563 = DIRECTION('',(-0.,-0.,-1.));
#18564 = DIRECTION('',(-0.,-1.,0.));
#18565 = ADVANCED_FACE('',(#18566),#18577,.F.);
#18566 = FACE_BOUND('',#18567,.T.);
#18567 = EDGE_LOOP('',(#18568,#18569,#18570,#18571));
#18568 = ORIENTED_EDGE('',*,*,#9484,.T.);
#18569 = ORIENTED_EDGE('',*,*,#18552,.T.);
#18570 = ORIENTED_EDGE('',*,*,#13312,.F.);
#18571 = ORIENTED_EDGE('',*,*,#18572,.T.);
#18572 = EDGE_CURVE('',#13304,#9476,#18573,.T.);
#18573 = LINE('',#18574,#18575);
#18574 = CARTESIAN_POINT('',(231.799375,-87.33939029613,-4.6E-02));
#18575 = VECTOR('',#18576,1.);
#18576 = DIRECTION('',(-0.,-0.,-1.));
#18577 = CYLINDRICAL_SURFACE('',#18578,1.9939);
#18578 = AXIS2_PLACEMENT_3D('',#18579,#18580,#18581);
#18579 = CARTESIAN_POINT('',(230.60875,-85.74,-4.6E-02));
#18580 = DIRECTION('',(-0.,-0.,-1.));
#18581 = DIRECTION('',(-0.,-1.,0.));
#18582 = ADVANCED_FACE('',(#18583),#18594,.F.);
#18583 = FACE_BOUND('',#18584,.T.);
#18584 = EDGE_LOOP('',(#18585,#18591,#18592,#18593));
#18585 = ORIENTED_EDGE('',*,*,#18586,.F.);
#18586 = EDGE_CURVE('',#9467,#13295,#18587,.T.);
#18587 = LINE('',#18588,#18589);
#18588 = CARTESIAN_POINT('',(232.99,-87.7339,-4.6E-02));
#18589 = VECTOR('',#18590,1.);
#18590 = DIRECTION('',(0.,0.,1.));
#18591 = ORIENTED_EDGE('',*,*,#9475,.T.);
#18592 = ORIENTED_EDGE('',*,*,#18572,.F.);
#18593 = ORIENTED_EDGE('',*,*,#13303,.F.);
#18594 = CYLINDRICAL_SURFACE('',#18595,1.9939);
#18595 = AXIS2_PLACEMENT_3D('',#18596,#18597,#18598);
#18596 = CARTESIAN_POINT('',(232.99,-85.74,-4.6E-02));
#18597 = DIRECTION('',(-0.,-0.,-1.));
#18598 = DIRECTION('',(-0.,-1.,0.));
#18599 = ADVANCED_FACE('',(#18600),#18611,.F.);
#18600 = FACE_BOUND('',#18601,.T.);
#18601 = EDGE_LOOP('',(#18602,#18603,#18604,#18605));
#18602 = ORIENTED_EDGE('',*,*,#9466,.T.);
#18603 = ORIENTED_EDGE('',*,*,#18586,.T.);
#18604 = ORIENTED_EDGE('',*,*,#13294,.F.);
#18605 = ORIENTED_EDGE('',*,*,#18606,.T.);
#18606 = EDGE_CURVE('',#13286,#9458,#18607,.T.);
#18607 = LINE('',#18608,#18609);
#18608 = CARTESIAN_POINT('',(234.93409703983,-86.18285879206,-4.6E-02));
#18609 = VECTOR('',#18610,1.);
#18610 = DIRECTION('',(-0.,-0.,-1.));
#18611 = CYLINDRICAL_SURFACE('',#18612,1.9939);
#18612 = AXIS2_PLACEMENT_3D('',#18613,#18614,#18615);
#18613 = CARTESIAN_POINT('',(232.99,-85.74,-4.6E-02));
#18614 = DIRECTION('',(-0.,-0.,-1.));
#18615 = DIRECTION('',(-0.,-1.,0.));
#18616 = ADVANCED_FACE('',(#18617),#18628,.F.);
#18617 = FACE_BOUND('',#18618,.T.);
#18618 = EDGE_LOOP('',(#18619,#18625,#18626,#18627));
#18619 = ORIENTED_EDGE('',*,*,#18620,.F.);
#18620 = EDGE_CURVE('',#9449,#13277,#18621,.T.);
#18621 = LINE('',#18622,#18623);
#18622 = CARTESIAN_POINT('',(235.68875,-86.615,-4.6E-02));
#18623 = VECTOR('',#18624,1.);
#18624 = DIRECTION('',(0.,0.,1.));
#18625 = ORIENTED_EDGE('',*,*,#9457,.T.);
#18626 = ORIENTED_EDGE('',*,*,#18606,.F.);
#18627 = ORIENTED_EDGE('',*,*,#13285,.F.);
#18628 = CYLINDRICAL_SURFACE('',#18629,0.875);
#18629 = AXIS2_PLACEMENT_3D('',#18630,#18631,#18632);
#18630 = CARTESIAN_POINT('',(235.68875,-85.74,-4.6E-02));
#18631 = DIRECTION('',(-0.,-0.,-1.));
#18632 = DIRECTION('',(-0.,-1.,0.));
#18633 = ADVANCED_FACE('',(#18634),#18645,.F.);
#18634 = FACE_BOUND('',#18635,.T.);
#18635 = EDGE_LOOP('',(#18636,#18637,#18638,#18639));
#18636 = ORIENTED_EDGE('',*,*,#9448,.T.);
#18637 = ORIENTED_EDGE('',*,*,#18620,.T.);
#18638 = ORIENTED_EDGE('',*,*,#13276,.F.);
#18639 = ORIENTED_EDGE('',*,*,#18640,.T.);
#18640 = EDGE_CURVE('',#13268,#9440,#18641,.T.);
#18641 = LINE('',#18642,#18643);
#18642 = CARTESIAN_POINT('',(234.93409703983,-85.29714120793,-4.6E-02));
#18643 = VECTOR('',#18644,1.);
#18644 = DIRECTION('',(-0.,-0.,-1.));
#18645 = CYLINDRICAL_SURFACE('',#18646,0.875);
#18646 = AXIS2_PLACEMENT_3D('',#18647,#18648,#18649);
#18647 = CARTESIAN_POINT('',(235.68875,-85.74,-4.6E-02));
#18648 = DIRECTION('',(-0.,-0.,-1.));
#18649 = DIRECTION('',(-0.,-1.,0.));
#18650 = ADVANCED_FACE('',(#18651),#18662,.F.);
#18651 = FACE_BOUND('',#18652,.T.);
#18652 = EDGE_LOOP('',(#18653,#18659,#18660,#18661));
#18653 = ORIENTED_EDGE('',*,*,#18654,.T.);
#18654 = EDGE_CURVE('',#13259,#9431,#18655,.T.);
#18655 = LINE('',#18656,#18657);
#18656 = CARTESIAN_POINT('',(231.799375,-84.14060970386,-4.6E-02));
#18657 = VECTOR('',#18658,1.);
#18658 = DIRECTION('',(-0.,-0.,-1.));
#18659 = ORIENTED_EDGE('',*,*,#9439,.T.);
#18660 = ORIENTED_EDGE('',*,*,#18640,.F.);
#18661 = ORIENTED_EDGE('',*,*,#13267,.F.);
#18662 = CYLINDRICAL_SURFACE('',#18663,1.9939);
#18663 = AXIS2_PLACEMENT_3D('',#18664,#18665,#18666);
#18664 = CARTESIAN_POINT('',(232.99,-85.74,-4.6E-02));
#18665 = DIRECTION('',(-0.,-0.,-1.));
#18666 = DIRECTION('',(-0.,-1.,0.));
#18667 = ADVANCED_FACE('',(#18668),#18679,.F.);
#18668 = FACE_BOUND('',#18669,.T.);
#18669 = EDGE_LOOP('',(#18670,#18676,#18677,#18678));
#18670 = ORIENTED_EDGE('',*,*,#18671,.T.);
#18671 = EDGE_CURVE('',#13250,#9422,#18672,.T.);
#18672 = LINE('',#18673,#18674);
#18673 = CARTESIAN_POINT('',(228.66465296016,-85.29714120793,-4.6E-02));
#18674 = VECTOR('',#18675,1.);
#18675 = DIRECTION('',(-0.,-0.,-1.));
#18676 = ORIENTED_EDGE('',*,*,#9430,.T.);
#18677 = ORIENTED_EDGE('',*,*,#18654,.F.);
#18678 = ORIENTED_EDGE('',*,*,#13258,.F.);
#18679 = CYLINDRICAL_SURFACE('',#18680,1.9939);
#18680 = AXIS2_PLACEMENT_3D('',#18681,#18682,#18683);
#18681 = CARTESIAN_POINT('',(230.60875,-85.74,-4.6E-02));
#18682 = DIRECTION('',(-0.,-0.,-1.));
#18683 = DIRECTION('',(-0.,-1.,0.));
#18684 = ADVANCED_FACE('',(#18685),#18691,.F.);
#18685 = FACE_BOUND('',#18686,.T.);
#18686 = EDGE_LOOP('',(#18687,#18688,#18689,#18690));
#18687 = ORIENTED_EDGE('',*,*,#18531,.F.);
#18688 = ORIENTED_EDGE('',*,*,#9421,.T.);
#18689 = ORIENTED_EDGE('',*,*,#18671,.F.);
#18690 = ORIENTED_EDGE('',*,*,#13249,.F.);
#18691 = CYLINDRICAL_SURFACE('',#18692,0.875);
#18692 = AXIS2_PLACEMENT_3D('',#18693,#18694,#18695);
#18693 = CARTESIAN_POINT('',(227.91,-85.74,-4.6E-02));
#18694 = DIRECTION('',(-0.,-0.,-1.));
#18695 = DIRECTION('',(-0.,-1.,0.));
#18696 = ADVANCED_FACE('',(#18697),#18708,.F.);
#18697 = FACE_BOUND('',#18698,.T.);
#18698 = EDGE_LOOP('',(#18699,#18700,#18706,#18707));
#18699 = ORIENTED_EDGE('',*,*,#9502,.T.);
#18700 = ORIENTED_EDGE('',*,*,#18701,.T.);
#18701 = EDGE_CURVE('',#9503,#13331,#18702,.T.);
#18702 = LINE('',#18703,#18704);
#18703 = CARTESIAN_POINT('',(238.07,-86.615,-4.6E-02));
#18704 = VECTOR('',#18705,1.);
#18705 = DIRECTION('',(0.,0.,1.));
#18706 = ORIENTED_EDGE('',*,*,#13330,.F.);
#18707 = ORIENTED_EDGE('',*,*,#18701,.F.);
#18708 = CYLINDRICAL_SURFACE('',#18709,0.875);
#18709 = AXIS2_PLACEMENT_3D('',#18710,#18711,#18712);
#18710 = CARTESIAN_POINT('',(238.07,-85.74,-4.6E-02));
#18711 = DIRECTION('',(-0.,-0.,-1.));
#18712 = DIRECTION('',(-0.,-1.,0.));
#18713 = ADVANCED_FACE('',(#18714),#18725,.F.);
#18714 = FACE_BOUND('',#18715,.T.);
#18715 = EDGE_LOOP('',(#18716,#18717,#18723,#18724));
#18716 = ORIENTED_EDGE('',*,*,#9513,.T.);
#18717 = ORIENTED_EDGE('',*,*,#18718,.T.);
#18718 = EDGE_CURVE('',#9514,#13342,#18719,.T.);
#18719 = LINE('',#18720,#18721);
#18720 = CARTESIAN_POINT('',(216.48,-81.395,-4.6E-02));
#18721 = VECTOR('',#18722,1.);
#18722 = DIRECTION('',(0.,0.,1.));
#18723 = ORIENTED_EDGE('',*,*,#13341,.F.);
#18724 = ORIENTED_EDGE('',*,*,#18718,.F.);
#18725 = CYLINDRICAL_SURFACE('',#18726,0.735);
#18726 = AXIS2_PLACEMENT_3D('',#18727,#18728,#18729);
#18727 = CARTESIAN_POINT('',(216.48,-80.66,-4.6E-02));
#18728 = DIRECTION('',(-0.,-0.,-1.));
#18729 = DIRECTION('',(-3.866899242232E-14,-1.,0.));
#18730 = ADVANCED_FACE('',(#18731),#18742,.F.);
#18731 = FACE_BOUND('',#18732,.T.);
#18732 = EDGE_LOOP('',(#18733,#18734,#18740,#18741));
#18733 = ORIENTED_EDGE('',*,*,#9524,.T.);
#18734 = ORIENTED_EDGE('',*,*,#18735,.T.);
#18735 = EDGE_CURVE('',#9525,#13353,#18736,.T.);
#18736 = LINE('',#18737,#18738);
#18737 = CARTESIAN_POINT('',(226.79875,-83.935,-4.6E-02));
#18738 = VECTOR('',#18739,1.);
#18739 = DIRECTION('',(0.,0.,1.));
#18740 = ORIENTED_EDGE('',*,*,#13352,.F.);
#18741 = ORIENTED_EDGE('',*,*,#18735,.F.);
#18742 = CYLINDRICAL_SURFACE('',#18743,0.735);
#18743 = AXIS2_PLACEMENT_3D('',#18744,#18745,#18746);
#18744 = CARTESIAN_POINT('',(226.79875,-83.2,-4.6E-02));
#18745 = DIRECTION('',(-0.,0.,-1.));
#18746 = DIRECTION('',(3.866899242232E-14,-1.,-0.));
#18747 = ADVANCED_FACE('',(#18748),#18759,.F.);
#18748 = FACE_BOUND('',#18749,.T.);
#18749 = EDGE_LOOP('',(#18750,#18751,#18757,#18758));
#18750 = ORIENTED_EDGE('',*,*,#9535,.T.);
#18751 = ORIENTED_EDGE('',*,*,#18752,.T.);
#18752 = EDGE_CURVE('',#9536,#13364,#18753,.T.);
#18753 = LINE('',#18754,#18755);
#18754 = CARTESIAN_POINT('',(229.18,-83.935,-4.6E-02));
#18755 = VECTOR('',#18756,1.);
#18756 = DIRECTION('',(0.,0.,1.));
#18757 = ORIENTED_EDGE('',*,*,#13363,.F.);
#18758 = ORIENTED_EDGE('',*,*,#18752,.F.);
#18759 = CYLINDRICAL_SURFACE('',#18760,0.735);
#18760 = AXIS2_PLACEMENT_3D('',#18761,#18762,#18763);
#18761 = CARTESIAN_POINT('',(229.18,-83.2,-4.6E-02));
#18762 = DIRECTION('',(-0.,-0.,-1.));
#18763 = DIRECTION('',(-0.,-1.,0.));
#18764 = ADVANCED_FACE('',(#18765),#18776,.F.);
#18765 = FACE_BOUND('',#18766,.T.);
#18766 = EDGE_LOOP('',(#18767,#18768,#18774,#18775));
#18767 = ORIENTED_EDGE('',*,*,#9546,.T.);
#18768 = ORIENTED_EDGE('',*,*,#18769,.T.);
#18769 = EDGE_CURVE('',#9547,#13375,#18770,.T.);
#18770 = LINE('',#18771,#18772);
#18771 = CARTESIAN_POINT('',(233.14875,-81.395,-4.6E-02));
#18772 = VECTOR('',#18773,1.);
#18773 = DIRECTION('',(0.,0.,1.));
#18774 = ORIENTED_EDGE('',*,*,#13374,.F.);
#18775 = ORIENTED_EDGE('',*,*,#18769,.F.);
#18776 = CYLINDRICAL_SURFACE('',#18777,0.735);
#18777 = AXIS2_PLACEMENT_3D('',#18778,#18779,#18780);
#18778 = CARTESIAN_POINT('',(233.14875,-80.66,-4.6E-02));
#18779 = DIRECTION('',(-0.,-0.,-1.));
#18780 = DIRECTION('',(-0.,-1.,0.));
#18781 = ADVANCED_FACE('',(#18782),#18793,.F.);
#18782 = FACE_BOUND('',#18783,.T.);
#18783 = EDGE_LOOP('',(#18784,#18785,#18791,#18792));
#18784 = ORIENTED_EDGE('',*,*,#9557,.T.);
#18785 = ORIENTED_EDGE('',*,*,#18786,.T.);
#18786 = EDGE_CURVE('',#9558,#13386,#18787,.T.);
#18787 = LINE('',#18788,#18789);
#18788 = CARTESIAN_POINT('',(235.53,-81.395,-4.6E-02));
#18789 = VECTOR('',#18790,1.);
#18790 = DIRECTION('',(0.,0.,1.));
#18791 = ORIENTED_EDGE('',*,*,#13385,.F.);
#18792 = ORIENTED_EDGE('',*,*,#18786,.F.);
#18793 = CYLINDRICAL_SURFACE('',#18794,0.735);
#18794 = AXIS2_PLACEMENT_3D('',#18795,#18796,#18797);
#18795 = CARTESIAN_POINT('',(235.53,-80.66,-4.6E-02));
#18796 = DIRECTION('',(-0.,0.,-1.));
#18797 = DIRECTION('',(3.866899242232E-14,-1.,-0.));
#18798 = ADVANCED_FACE('',(#18799),#18810,.F.);
#18799 = FACE_BOUND('',#18800,.T.);
#18800 = EDGE_LOOP('',(#18801,#18802,#18808,#18809));
#18801 = ORIENTED_EDGE('',*,*,#9568,.T.);
#18802 = ORIENTED_EDGE('',*,*,#18803,.T.);
#18803 = EDGE_CURVE('',#9569,#13397,#18804,.T.);
#18804 = LINE('',#18805,#18806);
#18805 = CARTESIAN_POINT('',(137.74,-79.4789,-4.6E-02));
#18806 = VECTOR('',#18807,1.);
#18807 = DIRECTION('',(0.,0.,1.));
#18808 = ORIENTED_EDGE('',*,*,#13396,.F.);
#18809 = ORIENTED_EDGE('',*,*,#18803,.F.);
#18810 = CYLINDRICAL_SURFACE('',#18811,1.9939);
#18811 = AXIS2_PLACEMENT_3D('',#18812,#18813,#18814);
#18812 = CARTESIAN_POINT('',(137.74,-77.485,-4.6E-02));
#18813 = DIRECTION('',(-0.,-0.,-1.));
#18814 = DIRECTION('',(-0.,-1.,0.));
#18815 = ADVANCED_FACE('',(#18816),#18827,.F.);
#18816 = FACE_BOUND('',#18817,.T.);
#18817 = EDGE_LOOP('',(#18818,#18819,#18825,#18826));
#18818 = ORIENTED_EDGE('',*,*,#9579,.T.);
#18819 = ORIENTED_EDGE('',*,*,#18820,.T.);
#18820 = EDGE_CURVE('',#9580,#13408,#18821,.T.);
#18821 = LINE('',#18822,#18823);
#18822 = CARTESIAN_POINT('',(175.84,-79.4789,-4.6E-02));
#18823 = VECTOR('',#18824,1.);
#18824 = DIRECTION('',(0.,0.,1.));
#18825 = ORIENTED_EDGE('',*,*,#13407,.F.);
#18826 = ORIENTED_EDGE('',*,*,#18820,.F.);
#18827 = CYLINDRICAL_SURFACE('',#18828,1.9939);
#18828 = AXIS2_PLACEMENT_3D('',#18829,#18830,#18831);
#18829 = CARTESIAN_POINT('',(175.84,-77.485,-4.6E-02));
#18830 = DIRECTION('',(-0.,-0.,-1.));
#18831 = DIRECTION('',(-0.,-1.,0.));
#18832 = ADVANCED_FACE('',(#18833),#18844,.F.);
#18833 = FACE_BOUND('',#18834,.T.);
#18834 = EDGE_LOOP('',(#18835,#18836,#18842,#18843));
#18835 = ORIENTED_EDGE('',*,*,#9590,.T.);
#18836 = ORIENTED_EDGE('',*,*,#18837,.T.);
#18837 = EDGE_CURVE('',#9591,#13419,#18838,.T.);
#18838 = LINE('',#18839,#18840);
#18839 = CARTESIAN_POINT('',(128.215,-68.6839,-4.6E-02));
#18840 = VECTOR('',#18841,1.);
#18841 = DIRECTION('',(0.,0.,1.));
#18842 = ORIENTED_EDGE('',*,*,#13418,.F.);
#18843 = ORIENTED_EDGE('',*,*,#18837,.F.);
#18844 = CYLINDRICAL_SURFACE('',#18845,1.9939);
#18845 = AXIS2_PLACEMENT_3D('',#18846,#18847,#18848);
#18846 = CARTESIAN_POINT('',(128.215,-66.69,-4.6E-02));
#18847 = DIRECTION('',(-0.,-0.,-1.));
#18848 = DIRECTION('',(-0.,-1.,0.));
#18849 = ADVANCED_FACE('',(#18850),#18861,.F.);
#18850 = FACE_BOUND('',#18851,.T.);
#18851 = EDGE_LOOP('',(#18852,#18853,#18859,#18860));
#18852 = ORIENTED_EDGE('',*,*,#9601,.T.);
#18853 = ORIENTED_EDGE('',*,*,#18854,.T.);
#18854 = EDGE_CURVE('',#9602,#13430,#18855,.T.);
#18855 = LINE('',#18856,#18857);
#18856 = CARTESIAN_POINT('',(133.295,-67.565,-4.6E-02));
#18857 = VECTOR('',#18858,1.);
#18858 = DIRECTION('',(0.,0.,1.));
#18859 = ORIENTED_EDGE('',*,*,#13429,.F.);
#18860 = ORIENTED_EDGE('',*,*,#18854,.F.);
#18861 = CYLINDRICAL_SURFACE('',#18862,0.875);
#18862 = AXIS2_PLACEMENT_3D('',#18863,#18864,#18865);
#18863 = CARTESIAN_POINT('',(133.295,-66.69,-4.6E-02));
#18864 = DIRECTION('',(-0.,-0.,-1.));
#18865 = DIRECTION('',(-0.,-1.,0.));
#18866 = ADVANCED_FACE('',(#18867),#18878,.F.);
#18867 = FACE_BOUND('',#18868,.T.);
#18868 = EDGE_LOOP('',(#18869,#18870,#18876,#18877));
#18869 = ORIENTED_EDGE('',*,*,#9612,.T.);
#18870 = ORIENTED_EDGE('',*,*,#18871,.T.);
#18871 = EDGE_CURVE('',#9613,#13441,#18872,.T.);
#18872 = LINE('',#18873,#18874);
#18873 = CARTESIAN_POINT('',(142.185,-67.565,-4.6E-02));
#18874 = VECTOR('',#18875,1.);
#18875 = DIRECTION('',(0.,0.,1.));
#18876 = ORIENTED_EDGE('',*,*,#13440,.F.);
#18877 = ORIENTED_EDGE('',*,*,#18871,.F.);
#18878 = CYLINDRICAL_SURFACE('',#18879,0.875);
#18879 = AXIS2_PLACEMENT_3D('',#18880,#18881,#18882);
#18880 = CARTESIAN_POINT('',(142.185,-66.69,-4.6E-02));
#18881 = DIRECTION('',(-0.,-0.,-1.));
#18882 = DIRECTION('',(-0.,-1.,0.));
#18883 = ADVANCED_FACE('',(#18884),#18895,.F.);
#18884 = FACE_BOUND('',#18885,.T.);
#18885 = EDGE_LOOP('',(#18886,#18887,#18893,#18894));
#18886 = ORIENTED_EDGE('',*,*,#9623,.T.);
#18887 = ORIENTED_EDGE('',*,*,#18888,.T.);
#18888 = EDGE_CURVE('',#9624,#13452,#18889,.T.);
#18889 = LINE('',#18890,#18891);
#18890 = CARTESIAN_POINT('',(147.265,-68.6839,-4.6E-02));
#18891 = VECTOR('',#18892,1.);
#18892 = DIRECTION('',(0.,0.,1.));
#18893 = ORIENTED_EDGE('',*,*,#13451,.F.);
#18894 = ORIENTED_EDGE('',*,*,#18888,.F.);
#18895 = CYLINDRICAL_SURFACE('',#18896,1.9939);
#18896 = AXIS2_PLACEMENT_3D('',#18897,#18898,#18899);
#18897 = CARTESIAN_POINT('',(147.265,-66.69,-4.6E-02));
#18898 = DIRECTION('',(-0.,-0.,-1.));
#18899 = DIRECTION('',(-0.,-1.,0.));
#18900 = ADVANCED_FACE('',(#18901),#18912,.F.);
#18901 = FACE_BOUND('',#18902,.T.);
#18902 = EDGE_LOOP('',(#18903,#18904,#18910,#18911));
#18903 = ORIENTED_EDGE('',*,*,#9634,.T.);
#18904 = ORIENTED_EDGE('',*,*,#18905,.T.);
#18905 = EDGE_CURVE('',#9635,#13463,#18906,.T.);
#18906 = LINE('',#18907,#18908);
#18907 = CARTESIAN_POINT('',(152.345,-67.565,-4.6E-02));
#18908 = VECTOR('',#18909,1.);
#18909 = DIRECTION('',(0.,0.,1.));
#18910 = ORIENTED_EDGE('',*,*,#13462,.F.);
#18911 = ORIENTED_EDGE('',*,*,#18905,.F.);
#18912 = CYLINDRICAL_SURFACE('',#18913,0.875);
#18913 = AXIS2_PLACEMENT_3D('',#18914,#18915,#18916);
#18914 = CARTESIAN_POINT('',(152.345,-66.69,-4.6E-02));
#18915 = DIRECTION('',(-0.,-0.,-1.));
#18916 = DIRECTION('',(-0.,-1.,0.));
#18917 = ADVANCED_FACE('',(#18918),#18929,.F.);
#18918 = FACE_BOUND('',#18919,.T.);
#18919 = EDGE_LOOP('',(#18920,#18921,#18927,#18928));
#18920 = ORIENTED_EDGE('',*,*,#9645,.T.);
#18921 = ORIENTED_EDGE('',*,*,#18922,.T.);
#18922 = EDGE_CURVE('',#9646,#13474,#18923,.T.);
#18923 = LINE('',#18924,#18925);
#18924 = CARTESIAN_POINT('',(143.455,-64.885,-4.6E-02));
#18925 = VECTOR('',#18926,1.);
#18926 = DIRECTION('',(0.,0.,1.));
#18927 = ORIENTED_EDGE('',*,*,#13473,.F.);
#18928 = ORIENTED_EDGE('',*,*,#18922,.F.);
#18929 = CYLINDRICAL_SURFACE('',#18930,0.735);
#18930 = AXIS2_PLACEMENT_3D('',#18931,#18932,#18933);
#18931 = CARTESIAN_POINT('',(143.455,-64.15,-4.6E-02));
#18932 = DIRECTION('',(-0.,0.,-1.));
#18933 = DIRECTION('',(3.866899242232E-14,-1.,-0.));
#18934 = ADVANCED_FACE('',(#18935),#18946,.F.);
#18935 = FACE_BOUND('',#18936,.T.);
#18936 = EDGE_LOOP('',(#18937,#18938,#18944,#18945));
#18937 = ORIENTED_EDGE('',*,*,#9656,.T.);
#18938 = ORIENTED_EDGE('',*,*,#18939,.T.);
#18939 = EDGE_CURVE('',#9657,#13485,#18940,.T.);
#18940 = LINE('',#18941,#18942);
#18941 = CARTESIAN_POINT('',(130.755,-62.345,-4.6E-02));
#18942 = VECTOR('',#18943,1.);
#18943 = DIRECTION('',(0.,0.,1.));
#18944 = ORIENTED_EDGE('',*,*,#13484,.F.);
#18945 = ORIENTED_EDGE('',*,*,#18939,.F.);
#18946 = CYLINDRICAL_SURFACE('',#18947,0.735);
#18947 = AXIS2_PLACEMENT_3D('',#18948,#18949,#18950);
#18948 = CARTESIAN_POINT('',(130.755,-61.61,-4.6E-02));
#18949 = DIRECTION('',(-0.,-0.,-1.));
#18950 = DIRECTION('',(-0.,-1.,0.));
#18951 = ADVANCED_FACE('',(#18952),#18963,.F.);
#18952 = FACE_BOUND('',#18953,.T.);
#18953 = EDGE_LOOP('',(#18954,#18955,#18961,#18962));
#18954 = ORIENTED_EDGE('',*,*,#9667,.T.);
#18955 = ORIENTED_EDGE('',*,*,#18956,.T.);
#18956 = EDGE_CURVE('',#9668,#13496,#18957,.T.);
#18957 = LINE('',#18958,#18959);
#18958 = CARTESIAN_POINT('',(149.805,-62.345,-4.6E-02));
#18959 = VECTOR('',#18960,1.);
#18960 = DIRECTION('',(0.,0.,1.));
#18961 = ORIENTED_EDGE('',*,*,#13495,.F.);
#18962 = ORIENTED_EDGE('',*,*,#18956,.F.);
#18963 = CYLINDRICAL_SURFACE('',#18964,0.735);
#18964 = AXIS2_PLACEMENT_3D('',#18965,#18966,#18967);
#18965 = CARTESIAN_POINT('',(149.805,-61.61,-4.6E-02));
#18966 = DIRECTION('',(-0.,-0.,-1.));
#18967 = DIRECTION('',(-0.,-1.,0.));
#18968 = ADVANCED_FACE('',(#18969),#18980,.F.);
#18969 = FACE_BOUND('',#18970,.T.);
#18970 = EDGE_LOOP('',(#18971,#18972,#18978,#18979));
#18971 = ORIENTED_EDGE('',*,*,#9678,.T.);
#18972 = ORIENTED_EDGE('',*,*,#18973,.T.);
#18973 = EDGE_CURVE('',#9679,#13507,#18974,.T.);
#18974 = LINE('',#18975,#18976);
#18975 = CARTESIAN_POINT('',(161.235,-67.565,-4.6E-02));
#18976 = VECTOR('',#18977,1.);
#18977 = DIRECTION('',(0.,0.,1.));
#18978 = ORIENTED_EDGE('',*,*,#13506,.F.);
#18979 = ORIENTED_EDGE('',*,*,#18973,.F.);
#18980 = CYLINDRICAL_SURFACE('',#18981,0.875);
#18981 = AXIS2_PLACEMENT_3D('',#18982,#18983,#18984);
#18982 = CARTESIAN_POINT('',(161.235,-66.69,-4.6E-02));
#18983 = DIRECTION('',(-0.,-0.,-1.));
#18984 = DIRECTION('',(-0.,-1.,0.));
#18985 = ADVANCED_FACE('',(#18986),#18997,.F.);
#18986 = FACE_BOUND('',#18987,.T.);
#18987 = EDGE_LOOP('',(#18988,#18989,#18995,#18996));
#18988 = ORIENTED_EDGE('',*,*,#9689,.T.);
#18989 = ORIENTED_EDGE('',*,*,#18990,.T.);
#18990 = EDGE_CURVE('',#9690,#13518,#18991,.T.);
#18991 = LINE('',#18992,#18993);
#18992 = CARTESIAN_POINT('',(166.315,-68.6839,-4.6E-02));
#18993 = VECTOR('',#18994,1.);
#18994 = DIRECTION('',(0.,0.,1.));
#18995 = ORIENTED_EDGE('',*,*,#13517,.F.);
#18996 = ORIENTED_EDGE('',*,*,#18990,.F.);
#18997 = CYLINDRICAL_SURFACE('',#18998,1.9939);
#18998 = AXIS2_PLACEMENT_3D('',#18999,#19000,#19001);
#18999 = CARTESIAN_POINT('',(166.315,-66.69,-4.6E-02));
#19000 = DIRECTION('',(-0.,-0.,-1.));
#19001 = DIRECTION('',(-0.,-1.,0.));
#19002 = ADVANCED_FACE('',(#19003),#19014,.F.);
#19003 = FACE_BOUND('',#19004,.T.);
#19004 = EDGE_LOOP('',(#19005,#19006,#19012,#19013));
#19005 = ORIENTED_EDGE('',*,*,#9700,.T.);
#19006 = ORIENTED_EDGE('',*,*,#19007,.T.);
#19007 = EDGE_CURVE('',#9701,#13529,#19008,.T.);
#19008 = LINE('',#19009,#19010);
#19009 = CARTESIAN_POINT('',(162.505,-64.885,-4.6E-02));
#19010 = VECTOR('',#19011,1.);
#19011 = DIRECTION('',(0.,0.,1.));
#19012 = ORIENTED_EDGE('',*,*,#13528,.F.);
#19013 = ORIENTED_EDGE('',*,*,#19007,.F.);
#19014 = CYLINDRICAL_SURFACE('',#19015,0.735);
#19015 = AXIS2_PLACEMENT_3D('',#19016,#19017,#19018);
#19016 = CARTESIAN_POINT('',(162.505,-64.15,-4.6E-02));
#19017 = DIRECTION('',(-0.,-0.,-1.));
#19018 = DIRECTION('',(-0.,-1.,0.));
#19019 = ADVANCED_FACE('',(#19020),#19031,.F.);
#19020 = FACE_BOUND('',#19021,.T.);
#19021 = EDGE_LOOP('',(#19022,#19023,#19029,#19030));
#19022 = ORIENTED_EDGE('',*,*,#9711,.T.);
#19023 = ORIENTED_EDGE('',*,*,#19024,.T.);
#19024 = EDGE_CURVE('',#9712,#13540,#19025,.T.);
#19025 = LINE('',#19026,#19027);
#19026 = CARTESIAN_POINT('',(171.395,-67.565,-4.6E-02));
#19027 = VECTOR('',#19028,1.);
#19028 = DIRECTION('',(0.,0.,1.));
#19029 = ORIENTED_EDGE('',*,*,#13539,.F.);
#19030 = ORIENTED_EDGE('',*,*,#19024,.F.);
#19031 = CYLINDRICAL_SURFACE('',#19032,0.875);
#19032 = AXIS2_PLACEMENT_3D('',#19033,#19034,#19035);
#19033 = CARTESIAN_POINT('',(171.395,-66.69,-4.6E-02));
#19034 = DIRECTION('',(-0.,-0.,-1.));
#19035 = DIRECTION('',(-0.,-1.,0.));
#19036 = ADVANCED_FACE('',(#19037),#19048,.F.);
#19037 = FACE_BOUND('',#19038,.T.);
#19038 = EDGE_LOOP('',(#19039,#19040,#19046,#19047));
#19039 = ORIENTED_EDGE('',*,*,#9722,.T.);
#19040 = ORIENTED_EDGE('',*,*,#19041,.T.);
#19041 = EDGE_CURVE('',#9723,#13551,#19042,.T.);
#19042 = LINE('',#19043,#19044);
#19043 = CARTESIAN_POINT('',(180.285,-67.565,-4.6E-02));
#19044 = VECTOR('',#19045,1.);
#19045 = DIRECTION('',(0.,0.,1.));
#19046 = ORIENTED_EDGE('',*,*,#13550,.F.);
#19047 = ORIENTED_EDGE('',*,*,#19041,.F.);
#19048 = CYLINDRICAL_SURFACE('',#19049,0.875);
#19049 = AXIS2_PLACEMENT_3D('',#19050,#19051,#19052);
#19050 = CARTESIAN_POINT('',(180.285,-66.69,-4.6E-02));
#19051 = DIRECTION('',(-0.,-0.,-1.));
#19052 = DIRECTION('',(-0.,-1.,0.));
#19053 = ADVANCED_FACE('',(#19054),#19065,.F.);
#19054 = FACE_BOUND('',#19055,.T.);
#19055 = EDGE_LOOP('',(#19056,#19057,#19063,#19064));
#19056 = ORIENTED_EDGE('',*,*,#9733,.T.);
#19057 = ORIENTED_EDGE('',*,*,#19058,.T.);
#19058 = EDGE_CURVE('',#9734,#13562,#19059,.T.);
#19059 = LINE('',#19060,#19061);
#19060 = CARTESIAN_POINT('',(181.555,-64.885,-4.6E-02));
#19061 = VECTOR('',#19062,1.);
#19062 = DIRECTION('',(0.,0.,1.));
#19063 = ORIENTED_EDGE('',*,*,#13561,.F.);
#19064 = ORIENTED_EDGE('',*,*,#19058,.F.);
#19065 = CYLINDRICAL_SURFACE('',#19066,0.735);
#19066 = AXIS2_PLACEMENT_3D('',#19067,#19068,#19069);
#19067 = CARTESIAN_POINT('',(181.555,-64.15,-4.6E-02));
#19068 = DIRECTION('',(-0.,-0.,-1.));
#19069 = DIRECTION('',(-0.,-1.,0.));
#19070 = ADVANCED_FACE('',(#19071),#19082,.F.);
#19071 = FACE_BOUND('',#19072,.T.);
#19072 = EDGE_LOOP('',(#19073,#19074,#19080,#19081));
#19073 = ORIENTED_EDGE('',*,*,#9744,.T.);
#19074 = ORIENTED_EDGE('',*,*,#19075,.T.);
#19075 = EDGE_CURVE('',#9745,#13573,#19076,.T.);
#19076 = LINE('',#19077,#19078);
#19077 = CARTESIAN_POINT('',(168.855,-62.345,-4.6E-02));
#19078 = VECTOR('',#19079,1.);
#19079 = DIRECTION('',(0.,0.,1.));
#19080 = ORIENTED_EDGE('',*,*,#13572,.F.);
#19081 = ORIENTED_EDGE('',*,*,#19075,.F.);
#19082 = CYLINDRICAL_SURFACE('',#19083,0.735);
#19083 = AXIS2_PLACEMENT_3D('',#19084,#19085,#19086);
#19084 = CARTESIAN_POINT('',(168.855,-61.61,-4.6E-02));
#19085 = DIRECTION('',(-0.,-0.,-1.));
#19086 = DIRECTION('',(-3.866899242232E-14,-1.,0.));
#19087 = ADVANCED_FACE('',(#19088),#19099,.F.);
#19088 = FACE_BOUND('',#19089,.T.);
#19089 = EDGE_LOOP('',(#19090,#19091,#19097,#19098));
#19090 = ORIENTED_EDGE('',*,*,#9755,.T.);
#19091 = ORIENTED_EDGE('',*,*,#19092,.T.);
#19092 = EDGE_CURVE('',#9756,#13584,#19093,.T.);
#19093 = LINE('',#19094,#19095);
#19094 = CARTESIAN_POINT('',(185.365,-79.4787,-4.6E-02));
#19095 = VECTOR('',#19096,1.);
#19096 = DIRECTION('',(0.,0.,1.));
#19097 = ORIENTED_EDGE('',*,*,#13583,.F.);
#19098 = ORIENTED_EDGE('',*,*,#19092,.F.);
#19099 = CYLINDRICAL_SURFACE('',#19100,1.9939);
#19100 = AXIS2_PLACEMENT_3D('',#19101,#19102,#19103);
#19101 = CARTESIAN_POINT('',(185.365,-77.4848,-4.6E-02));
#19102 = DIRECTION('',(-0.,-0.,-1.));
#19103 = DIRECTION('',(-0.,-1.,0.));
#19104 = ADVANCED_FACE('',(#19105),#19116,.F.);
#19105 = FACE_BOUND('',#19106,.T.);
#19106 = EDGE_LOOP('',(#19107,#19108,#19114,#19115));
#19107 = ORIENTED_EDGE('',*,*,#9766,.T.);
#19108 = ORIENTED_EDGE('',*,*,#19109,.T.);
#19109 = EDGE_CURVE('',#9767,#13595,#19110,.T.);
#19110 = LINE('',#19111,#19112);
#19111 = CARTESIAN_POINT('',(197.27245,-79.4787,-4.6E-02));
#19112 = VECTOR('',#19113,1.);
#19113 = DIRECTION('',(0.,0.,1.));
#19114 = ORIENTED_EDGE('',*,*,#13594,.F.);
#19115 = ORIENTED_EDGE('',*,*,#19109,.F.);
#19116 = CYLINDRICAL_SURFACE('',#19117,1.9939);
#19117 = AXIS2_PLACEMENT_3D('',#19118,#19119,#19120);
#19118 = CARTESIAN_POINT('',(197.27245,-77.4848,-4.6E-02));
#19119 = DIRECTION('',(-0.,-0.,-1.));
#19120 = DIRECTION('',(-0.,-1.,0.));
#19121 = ADVANCED_FACE('',(#19122),#19133,.F.);
#19122 = FACE_BOUND('',#19123,.T.);
#19123 = EDGE_LOOP('',(#19124,#19125,#19131,#19132));
#19124 = ORIENTED_EDGE('',*,*,#9777,.T.);
#19125 = ORIENTED_EDGE('',*,*,#19126,.T.);
#19126 = EDGE_CURVE('',#9778,#13606,#19127,.T.);
#19127 = LINE('',#19128,#19129);
#19128 = CARTESIAN_POINT('',(185.365,-68.6839,-4.6E-02));
#19129 = VECTOR('',#19130,1.);
#19130 = DIRECTION('',(0.,0.,1.));
#19131 = ORIENTED_EDGE('',*,*,#13605,.F.);
#19132 = ORIENTED_EDGE('',*,*,#19126,.F.);
#19133 = CYLINDRICAL_SURFACE('',#19134,1.9939);
#19134 = AXIS2_PLACEMENT_3D('',#19135,#19136,#19137);
#19135 = CARTESIAN_POINT('',(185.365,-66.69,-4.6E-02));
#19136 = DIRECTION('',(-0.,-0.,-1.));
#19137 = DIRECTION('',(-0.,-1.,0.));
#19138 = ADVANCED_FACE('',(#19139),#19150,.F.);
#19139 = FACE_BOUND('',#19140,.T.);
#19140 = EDGE_LOOP('',(#19141,#19142,#19148,#19149));
#19141 = ORIENTED_EDGE('',*,*,#9788,.T.);
#19142 = ORIENTED_EDGE('',*,*,#19143,.T.);
#19143 = EDGE_CURVE('',#9789,#13617,#19144,.T.);
#19144 = LINE('',#19145,#19146);
#19145 = CARTESIAN_POINT('',(190.445,-67.565,-4.6E-02));
#19146 = VECTOR('',#19147,1.);
#19147 = DIRECTION('',(0.,0.,1.));
#19148 = ORIENTED_EDGE('',*,*,#13616,.F.);
#19149 = ORIENTED_EDGE('',*,*,#19143,.F.);
#19150 = CYLINDRICAL_SURFACE('',#19151,0.875);
#19151 = AXIS2_PLACEMENT_3D('',#19152,#19153,#19154);
#19152 = CARTESIAN_POINT('',(190.445,-66.69,-4.6E-02));
#19153 = DIRECTION('',(-0.,-0.,-1.));
#19154 = DIRECTION('',(-0.,-1.,0.));
#19155 = ADVANCED_FACE('',(#19156),#19167,.F.);
#19156 = FACE_BOUND('',#19157,.T.);
#19157 = EDGE_LOOP('',(#19158,#19159,#19165,#19166));
#19158 = ORIENTED_EDGE('',*,*,#9799,.T.);
#19159 = ORIENTED_EDGE('',*,*,#19160,.T.);
#19160 = EDGE_CURVE('',#9800,#13628,#19161,.T.);
#19161 = LINE('',#19162,#19163);
#19162 = CARTESIAN_POINT('',(199.335,-67.565,-4.6E-02));
#19163 = VECTOR('',#19164,1.);
#19164 = DIRECTION('',(0.,0.,1.));
#19165 = ORIENTED_EDGE('',*,*,#13627,.F.);
#19166 = ORIENTED_EDGE('',*,*,#19160,.F.);
#19167 = CYLINDRICAL_SURFACE('',#19168,0.875);
#19168 = AXIS2_PLACEMENT_3D('',#19169,#19170,#19171);
#19169 = CARTESIAN_POINT('',(199.335,-66.69,-4.6E-02));
#19170 = DIRECTION('',(-0.,-0.,-1.));
#19171 = DIRECTION('',(-0.,-1.,0.));
#19172 = ADVANCED_FACE('',(#19173),#19184,.F.);
#19173 = FACE_BOUND('',#19174,.T.);
#19174 = EDGE_LOOP('',(#19175,#19176,#19182,#19183));
#19175 = ORIENTED_EDGE('',*,*,#9810,.T.);
#19176 = ORIENTED_EDGE('',*,*,#19177,.T.);
#19177 = EDGE_CURVE('',#9811,#13639,#19178,.T.);
#19178 = LINE('',#19179,#19180);
#19179 = CARTESIAN_POINT('',(204.415,-68.6839,-4.6E-02));
#19180 = VECTOR('',#19181,1.);
#19181 = DIRECTION('',(0.,0.,1.));
#19182 = ORIENTED_EDGE('',*,*,#13638,.F.);
#19183 = ORIENTED_EDGE('',*,*,#19177,.F.);
#19184 = CYLINDRICAL_SURFACE('',#19185,1.9939);
#19185 = AXIS2_PLACEMENT_3D('',#19186,#19187,#19188);
#19186 = CARTESIAN_POINT('',(204.415,-66.69,-4.6E-02));
#19187 = DIRECTION('',(-0.,-0.,-1.));
#19188 = DIRECTION('',(-0.,-1.,0.));
#19189 = ADVANCED_FACE('',(#19190),#19201,.F.);
#19190 = FACE_BOUND('',#19191,.T.);
#19191 = EDGE_LOOP('',(#19192,#19193,#19199,#19200));
#19192 = ORIENTED_EDGE('',*,*,#9821,.T.);
#19193 = ORIENTED_EDGE('',*,*,#19194,.T.);
#19194 = EDGE_CURVE('',#9822,#13650,#19195,.T.);
#19195 = LINE('',#19196,#19197);
#19196 = CARTESIAN_POINT('',(209.495,-67.565,-4.6E-02));
#19197 = VECTOR('',#19198,1.);
#19198 = DIRECTION('',(0.,0.,1.));
#19199 = ORIENTED_EDGE('',*,*,#13649,.F.);
#19200 = ORIENTED_EDGE('',*,*,#19194,.F.);
#19201 = CYLINDRICAL_SURFACE('',#19202,0.875);
#19202 = AXIS2_PLACEMENT_3D('',#19203,#19204,#19205);
#19203 = CARTESIAN_POINT('',(209.495,-66.69,-4.6E-02));
#19204 = DIRECTION('',(-0.,-0.,-1.));
#19205 = DIRECTION('',(-0.,-1.,0.));
#19206 = ADVANCED_FACE('',(#19207),#19218,.F.);
#19207 = FACE_BOUND('',#19208,.T.);
#19208 = EDGE_LOOP('',(#19209,#19210,#19216,#19217));
#19209 = ORIENTED_EDGE('',*,*,#9832,.T.);
#19210 = ORIENTED_EDGE('',*,*,#19211,.T.);
#19211 = EDGE_CURVE('',#9833,#13661,#19212,.T.);
#19212 = LINE('',#19213,#19214);
#19213 = CARTESIAN_POINT('',(200.605,-64.885,-4.6E-02));
#19214 = VECTOR('',#19215,1.);
#19215 = DIRECTION('',(0.,0.,1.));
#19216 = ORIENTED_EDGE('',*,*,#13660,.F.);
#19217 = ORIENTED_EDGE('',*,*,#19211,.F.);
#19218 = CYLINDRICAL_SURFACE('',#19219,0.735);
#19219 = AXIS2_PLACEMENT_3D('',#19220,#19221,#19222);
#19220 = CARTESIAN_POINT('',(200.605,-64.15,-4.6E-02));
#19221 = DIRECTION('',(-0.,-0.,-1.));
#19222 = DIRECTION('',(-3.866899242232E-14,-1.,0.));
#19223 = ADVANCED_FACE('',(#19224),#19235,.F.);
#19224 = FACE_BOUND('',#19225,.T.);
#19225 = EDGE_LOOP('',(#19226,#19227,#19233,#19234));
#19226 = ORIENTED_EDGE('',*,*,#9843,.T.);
#19227 = ORIENTED_EDGE('',*,*,#19228,.T.);
#19228 = EDGE_CURVE('',#9844,#13672,#19229,.T.);
#19229 = LINE('',#19230,#19231);
#19230 = CARTESIAN_POINT('',(187.905,-62.345,-4.6E-02));
#19231 = VECTOR('',#19232,1.);
#19232 = DIRECTION('',(0.,0.,1.));
#19233 = ORIENTED_EDGE('',*,*,#13671,.F.);
#19234 = ORIENTED_EDGE('',*,*,#19228,.F.);
#19235 = CYLINDRICAL_SURFACE('',#19236,0.735);
#19236 = AXIS2_PLACEMENT_3D('',#19237,#19238,#19239);
#19237 = CARTESIAN_POINT('',(187.905,-61.61,-4.6E-02));
#19238 = DIRECTION('',(-0.,0.,-1.));
#19239 = DIRECTION('',(3.866899242232E-14,-1.,-0.));
#19240 = ADVANCED_FACE('',(#19241),#19252,.F.);
#19241 = FACE_BOUND('',#19242,.T.);
#19242 = EDGE_LOOP('',(#19243,#19244,#19250,#19251));
#19243 = ORIENTED_EDGE('',*,*,#9854,.T.);
#19244 = ORIENTED_EDGE('',*,*,#19245,.T.);
#19245 = EDGE_CURVE('',#9855,#13683,#19246,.T.);
#19246 = LINE('',#19247,#19248);
#19247 = CARTESIAN_POINT('',(206.955,-62.345,-4.6E-02));
#19248 = VECTOR('',#19249,1.);
#19249 = DIRECTION('',(0.,0.,1.));
#19250 = ORIENTED_EDGE('',*,*,#13682,.F.);
#19251 = ORIENTED_EDGE('',*,*,#19245,.F.);
#19252 = CYLINDRICAL_SURFACE('',#19253,0.735);
#19253 = AXIS2_PLACEMENT_3D('',#19254,#19255,#19256);
#19254 = CARTESIAN_POINT('',(206.955,-61.61,-4.6E-02));
#19255 = DIRECTION('',(-0.,0.,-1.));
#19256 = DIRECTION('',(3.866899242232E-14,-1.,-0.));
#19257 = ADVANCED_FACE('',(#19258),#19269,.F.);
#19258 = FACE_BOUND('',#19259,.T.);
#19259 = EDGE_LOOP('',(#19260,#19261,#19267,#19268));
#19260 = ORIENTED_EDGE('',*,*,#9865,.T.);
#19261 = ORIENTED_EDGE('',*,*,#19262,.T.);
#19262 = EDGE_CURVE('',#9866,#13694,#19263,.T.);
#19263 = LINE('',#19264,#19265);
#19264 = CARTESIAN_POINT('',(223.1475,-67.565,-4.6E-02));
#19265 = VECTOR('',#19266,1.);
#19266 = DIRECTION('',(0.,0.,1.));
#19267 = ORIENTED_EDGE('',*,*,#13693,.F.);
#19268 = ORIENTED_EDGE('',*,*,#19262,.F.);
#19269 = CYLINDRICAL_SURFACE('',#19270,0.875);
#19270 = AXIS2_PLACEMENT_3D('',#19271,#19272,#19273);
#19271 = CARTESIAN_POINT('',(223.1475,-66.69,-4.6E-02));
#19272 = DIRECTION('',(-0.,-0.,-1.));
#19273 = DIRECTION('',(-0.,-1.,0.));
#19274 = ADVANCED_FACE('',(#19275),#19286,.F.);
#19275 = FACE_BOUND('',#19276,.T.);
#19276 = EDGE_LOOP('',(#19277,#19278,#19284,#19285));
#19277 = ORIENTED_EDGE('',*,*,#9876,.T.);
#19278 = ORIENTED_EDGE('',*,*,#19279,.T.);
#19279 = EDGE_CURVE('',#9877,#13705,#19280,.T.);
#19280 = LINE('',#19281,#19282);
#19281 = CARTESIAN_POINT('',(224.4175,-64.885,-4.6E-02));
#19282 = VECTOR('',#19283,1.);
#19283 = DIRECTION('',(0.,0.,1.));
#19284 = ORIENTED_EDGE('',*,*,#13704,.F.);
#19285 = ORIENTED_EDGE('',*,*,#19279,.F.);
#19286 = CYLINDRICAL_SURFACE('',#19287,0.735);
#19287 = AXIS2_PLACEMENT_3D('',#19288,#19289,#19290);
#19288 = CARTESIAN_POINT('',(224.4175,-64.15,-4.6E-02));
#19289 = DIRECTION('',(-0.,-0.,-1.));
#19290 = DIRECTION('',(-3.866899242232E-14,-1.,0.));
#19291 = ADVANCED_FACE('',(#19292),#19303,.F.);
#19292 = FACE_BOUND('',#19293,.T.);
#19293 = EDGE_LOOP('',(#19294,#19295,#19301,#19302));
#19294 = ORIENTED_EDGE('',*,*,#9887,.T.);
#19295 = ORIENTED_EDGE('',*,*,#19296,.T.);
#19296 = EDGE_CURVE('',#9888,#13716,#19297,.T.);
#19297 = LINE('',#19298,#19299);
#19298 = CARTESIAN_POINT('',(228.2275,-68.6839,-4.6E-02));
#19299 = VECTOR('',#19300,1.);
#19300 = DIRECTION('',(0.,0.,1.));
#19301 = ORIENTED_EDGE('',*,*,#13715,.F.);
#19302 = ORIENTED_EDGE('',*,*,#19296,.F.);
#19303 = CYLINDRICAL_SURFACE('',#19304,1.9939);
#19304 = AXIS2_PLACEMENT_3D('',#19305,#19306,#19307);
#19305 = CARTESIAN_POINT('',(228.2275,-66.69,-4.6E-02));
#19306 = DIRECTION('',(-0.,-0.,-1.));
#19307 = DIRECTION('',(-0.,-1.,0.));
#19308 = ADVANCED_FACE('',(#19309),#19320,.F.);
#19309 = FACE_BOUND('',#19310,.T.);
#19310 = EDGE_LOOP('',(#19311,#19312,#19318,#19319));
#19311 = ORIENTED_EDGE('',*,*,#9898,.T.);
#19312 = ORIENTED_EDGE('',*,*,#19313,.T.);
#19313 = EDGE_CURVE('',#9899,#13727,#19314,.T.);
#19314 = LINE('',#19315,#19316);
#19315 = CARTESIAN_POINT('',(233.3075,-67.565,-4.6E-02));
#19316 = VECTOR('',#19317,1.);
#19317 = DIRECTION('',(0.,0.,1.));
#19318 = ORIENTED_EDGE('',*,*,#13726,.F.);
#19319 = ORIENTED_EDGE('',*,*,#19313,.F.);
#19320 = CYLINDRICAL_SURFACE('',#19321,0.875);
#19321 = AXIS2_PLACEMENT_3D('',#19322,#19323,#19324);
#19322 = CARTESIAN_POINT('',(233.3075,-66.69,-4.6E-02));
#19323 = DIRECTION('',(-0.,-0.,-1.));
#19324 = DIRECTION('',(-0.,-1.,0.));
#19325 = ADVANCED_FACE('',(#19326),#19337,.F.);
#19326 = FACE_BOUND('',#19327,.T.);
#19327 = EDGE_LOOP('',(#19328,#19329,#19335,#19336));
#19328 = ORIENTED_EDGE('',*,*,#9909,.T.);
#19329 = ORIENTED_EDGE('',*,*,#19330,.T.);
#19330 = EDGE_CURVE('',#9910,#13738,#19331,.T.);
#19331 = LINE('',#19332,#19333);
#19332 = CARTESIAN_POINT('',(230.7675,-62.345,-4.6E-02));
#19333 = VECTOR('',#19334,1.);
#19334 = DIRECTION('',(0.,0.,1.));
#19335 = ORIENTED_EDGE('',*,*,#13737,.F.);
#19336 = ORIENTED_EDGE('',*,*,#19330,.F.);
#19337 = CYLINDRICAL_SURFACE('',#19338,0.735);
#19338 = AXIS2_PLACEMENT_3D('',#19339,#19340,#19341);
#19339 = CARTESIAN_POINT('',(230.7675,-61.61,-4.6E-02));
#19340 = DIRECTION('',(-0.,0.,-1.));
#19341 = DIRECTION('',(3.866899242232E-14,-1.,-0.));
#19342 = ADVANCED_FACE('',(#19343),#19354,.F.);
#19343 = FACE_BOUND('',#19344,.T.);
#19344 = EDGE_LOOP('',(#19345,#19346,#19352,#19353));
#19345 = ORIENTED_EDGE('',*,*,#9920,.T.);
#19346 = ORIENTED_EDGE('',*,*,#19347,.T.);
#19347 = EDGE_CURVE('',#9921,#13749,#19348,.T.);
#19348 = LINE('',#19349,#19350);
#19349 = CARTESIAN_POINT('',(18.36,-48.515,-4.6E-02));
#19350 = VECTOR('',#19351,1.);
#19351 = DIRECTION('',(0.,0.,1.));
#19352 = ORIENTED_EDGE('',*,*,#13748,.F.);
#19353 = ORIENTED_EDGE('',*,*,#19347,.F.);
#19354 = CYLINDRICAL_SURFACE('',#19355,0.875);
#19355 = AXIS2_PLACEMENT_3D('',#19356,#19357,#19358);
#19356 = CARTESIAN_POINT('',(18.36,-47.64,-4.6E-02));
#19357 = DIRECTION('',(-0.,-0.,-1.));
#19358 = DIRECTION('',(-0.,-1.,0.));
#19359 = ADVANCED_FACE('',(#19360),#19371,.F.);
#19360 = FACE_BOUND('',#19361,.T.);
#19361 = EDGE_LOOP('',(#19362,#19363,#19369,#19370));
#19362 = ORIENTED_EDGE('',*,*,#9931,.T.);
#19363 = ORIENTED_EDGE('',*,*,#19364,.T.);
#19364 = EDGE_CURVE('',#9932,#13760,#19365,.T.);
#19365 = LINE('',#19366,#19367);
#19366 = CARTESIAN_POINT('',(23.44,-49.6339,-4.6E-02));
#19367 = VECTOR('',#19368,1.);
#19368 = DIRECTION('',(0.,0.,1.));
#19369 = ORIENTED_EDGE('',*,*,#13759,.F.);
#19370 = ORIENTED_EDGE('',*,*,#19364,.F.);
#19371 = CYLINDRICAL_SURFACE('',#19372,1.9939);
#19372 = AXIS2_PLACEMENT_3D('',#19373,#19374,#19375);
#19373 = CARTESIAN_POINT('',(23.44,-47.64,-4.6E-02));
#19374 = DIRECTION('',(-0.,-0.,-1.));
#19375 = DIRECTION('',(-0.,-1.,0.));
#19376 = ADVANCED_FACE('',(#19377),#19388,.F.);
#19377 = FACE_BOUND('',#19378,.T.);
#19378 = EDGE_LOOP('',(#19379,#19380,#19386,#19387));
#19379 = ORIENTED_EDGE('',*,*,#9942,.T.);
#19380 = ORIENTED_EDGE('',*,*,#19381,.T.);
#19381 = EDGE_CURVE('',#9943,#13771,#19382,.T.);
#19382 = LINE('',#19383,#19384);
#19383 = CARTESIAN_POINT('',(28.52,-48.515,-4.6E-02));
#19384 = VECTOR('',#19385,1.);
#19385 = DIRECTION('',(0.,0.,1.));
#19386 = ORIENTED_EDGE('',*,*,#13770,.F.);
#19387 = ORIENTED_EDGE('',*,*,#19381,.F.);
#19388 = CYLINDRICAL_SURFACE('',#19389,0.875);
#19389 = AXIS2_PLACEMENT_3D('',#19390,#19391,#19392);
#19390 = CARTESIAN_POINT('',(28.52,-47.64,-4.6E-02));
#19391 = DIRECTION('',(-0.,-0.,-1.));
#19392 = DIRECTION('',(-0.,-1.,0.));
#19393 = ADVANCED_FACE('',(#19394),#19405,.F.);
#19394 = FACE_BOUND('',#19395,.T.);
#19395 = EDGE_LOOP('',(#19396,#19397,#19403,#19404));
#19396 = ORIENTED_EDGE('',*,*,#9953,.T.);
#19397 = ORIENTED_EDGE('',*,*,#19398,.T.);
#19398 = EDGE_CURVE('',#9954,#13782,#19399,.T.);
#19399 = LINE('',#19400,#19401);
#19400 = CARTESIAN_POINT('',(37.41,-48.515,-4.6E-02));
#19401 = VECTOR('',#19402,1.);
#19402 = DIRECTION('',(0.,0.,1.));
#19403 = ORIENTED_EDGE('',*,*,#13781,.F.);
#19404 = ORIENTED_EDGE('',*,*,#19398,.F.);
#19405 = CYLINDRICAL_SURFACE('',#19406,0.875);
#19406 = AXIS2_PLACEMENT_3D('',#19407,#19408,#19409);
#19407 = CARTESIAN_POINT('',(37.41,-47.64,-4.6E-02));
#19408 = DIRECTION('',(-0.,-0.,-1.));
#19409 = DIRECTION('',(-0.,-1.,0.));
#19410 = ADVANCED_FACE('',(#19411),#19422,.F.);
#19411 = FACE_BOUND('',#19412,.T.);
#19412 = EDGE_LOOP('',(#19413,#19414,#19420,#19421));
#19413 = ORIENTED_EDGE('',*,*,#9964,.T.);
#19414 = ORIENTED_EDGE('',*,*,#19415,.T.);
#19415 = EDGE_CURVE('',#9965,#13793,#19416,.T.);
#19416 = LINE('',#19417,#19418);
#19417 = CARTESIAN_POINT('',(42.49,-49.6339,-4.6E-02));
#19418 = VECTOR('',#19419,1.);
#19419 = DIRECTION('',(0.,0.,1.));
#19420 = ORIENTED_EDGE('',*,*,#13792,.F.);
#19421 = ORIENTED_EDGE('',*,*,#19415,.F.);
#19422 = CYLINDRICAL_SURFACE('',#19423,1.9939);
#19423 = AXIS2_PLACEMENT_3D('',#19424,#19425,#19426);
#19424 = CARTESIAN_POINT('',(42.49,-47.64,-4.6E-02));
#19425 = DIRECTION('',(-0.,0.,-1.));
#19426 = DIRECTION('',(3.563582605748E-15,-1.,-0.));
#19427 = ADVANCED_FACE('',(#19428),#19439,.F.);
#19428 = FACE_BOUND('',#19429,.T.);
#19429 = EDGE_LOOP('',(#19430,#19431,#19437,#19438));
#19430 = ORIENTED_EDGE('',*,*,#9975,.T.);
#19431 = ORIENTED_EDGE('',*,*,#19432,.T.);
#19432 = EDGE_CURVE('',#9976,#13804,#19433,.T.);
#19433 = LINE('',#19434,#19435);
#19434 = CARTESIAN_POINT('',(47.57,-48.515,-4.6E-02));
#19435 = VECTOR('',#19436,1.);
#19436 = DIRECTION('',(0.,0.,1.));
#19437 = ORIENTED_EDGE('',*,*,#13803,.F.);
#19438 = ORIENTED_EDGE('',*,*,#19432,.F.);
#19439 = CYLINDRICAL_SURFACE('',#19440,0.875);
#19440 = AXIS2_PLACEMENT_3D('',#19441,#19442,#19443);
#19441 = CARTESIAN_POINT('',(47.57,-47.64,-4.6E-02));
#19442 = DIRECTION('',(-0.,-0.,-1.));
#19443 = DIRECTION('',(-0.,-1.,0.));
#19444 = ADVANCED_FACE('',(#19445),#19456,.F.);
#19445 = FACE_BOUND('',#19446,.T.);
#19446 = EDGE_LOOP('',(#19447,#19448,#19454,#19455));
#19447 = ORIENTED_EDGE('',*,*,#9986,.T.);
#19448 = ORIENTED_EDGE('',*,*,#19449,.T.);
#19449 = EDGE_CURVE('',#9987,#13815,#19450,.T.);
#19450 = LINE('',#19451,#19452);
#19451 = CARTESIAN_POINT('',(56.46,-48.515,-4.6E-02));
#19452 = VECTOR('',#19453,1.);
#19453 = DIRECTION('',(0.,0.,1.));
#19454 = ORIENTED_EDGE('',*,*,#13814,.F.);
#19455 = ORIENTED_EDGE('',*,*,#19449,.F.);
#19456 = CYLINDRICAL_SURFACE('',#19457,0.875);
#19457 = AXIS2_PLACEMENT_3D('',#19458,#19459,#19460);
#19458 = CARTESIAN_POINT('',(56.46,-47.64,-4.6E-02));
#19459 = DIRECTION('',(-0.,-0.,-1.));
#19460 = DIRECTION('',(-0.,-1.,0.));
#19461 = ADVANCED_FACE('',(#19462),#19473,.F.);
#19462 = FACE_BOUND('',#19463,.T.);
#19463 = EDGE_LOOP('',(#19464,#19465,#19471,#19472));
#19464 = ORIENTED_EDGE('',*,*,#9997,.T.);
#19465 = ORIENTED_EDGE('',*,*,#19466,.T.);
#19466 = EDGE_CURVE('',#9998,#13826,#19467,.T.);
#19467 = LINE('',#19468,#19469);
#19468 = CARTESIAN_POINT('',(61.54,-49.6339,-4.6E-02));
#19469 = VECTOR('',#19470,1.);
#19470 = DIRECTION('',(0.,0.,1.));
#19471 = ORIENTED_EDGE('',*,*,#13825,.F.);
#19472 = ORIENTED_EDGE('',*,*,#19466,.F.);
#19473 = CYLINDRICAL_SURFACE('',#19474,1.9939);
#19474 = AXIS2_PLACEMENT_3D('',#19475,#19476,#19477);
#19475 = CARTESIAN_POINT('',(61.54,-47.64,-4.6E-02));
#19476 = DIRECTION('',(-0.,-0.,-1.));
#19477 = DIRECTION('',(-3.563582605748E-15,-1.,0.));
#19478 = ADVANCED_FACE('',(#19479),#19490,.F.);
#19479 = FACE_BOUND('',#19480,.T.);
#19480 = EDGE_LOOP('',(#19481,#19482,#19488,#19489));
#19481 = ORIENTED_EDGE('',*,*,#10008,.T.);
#19482 = ORIENTED_EDGE('',*,*,#19483,.T.);
#19483 = EDGE_CURVE('',#10009,#13837,#19484,.T.);
#19484 = LINE('',#19485,#19486);
#19485 = CARTESIAN_POINT('',(66.62,-48.515,-4.6E-02));
#19486 = VECTOR('',#19487,1.);
#19487 = DIRECTION('',(0.,0.,1.));
#19488 = ORIENTED_EDGE('',*,*,#13836,.F.);
#19489 = ORIENTED_EDGE('',*,*,#19483,.F.);
#19490 = CYLINDRICAL_SURFACE('',#19491,0.875);
#19491 = AXIS2_PLACEMENT_3D('',#19492,#19493,#19494);
#19492 = CARTESIAN_POINT('',(66.62,-47.64,-4.6E-02));
#19493 = DIRECTION('',(-0.,-0.,-1.));
#19494 = DIRECTION('',(-0.,-1.,0.));
#19495 = ADVANCED_FACE('',(#19496),#19507,.F.);
#19496 = FACE_BOUND('',#19497,.T.);
#19497 = EDGE_LOOP('',(#19498,#19499,#19505,#19506));
#19498 = ORIENTED_EDGE('',*,*,#10019,.T.);
#19499 = ORIENTED_EDGE('',*,*,#19500,.T.);
#19500 = EDGE_CURVE('',#10020,#13848,#19501,.T.);
#19501 = LINE('',#19502,#19503);
#19502 = CARTESIAN_POINT('',(19.63,-45.835,-4.6E-02));
#19503 = VECTOR('',#19504,1.);
#19504 = DIRECTION('',(0.,0.,1.));
#19505 = ORIENTED_EDGE('',*,*,#13847,.F.);
#19506 = ORIENTED_EDGE('',*,*,#19500,.F.);
#19507 = CYLINDRICAL_SURFACE('',#19508,0.735);
#19508 = AXIS2_PLACEMENT_3D('',#19509,#19510,#19511);
#19509 = CARTESIAN_POINT('',(19.63,-45.1,-4.6E-02));
#19510 = DIRECTION('',(-0.,-0.,-1.));
#19511 = DIRECTION('',(-0.,-1.,0.));
#19512 = ADVANCED_FACE('',(#19513),#19524,.F.);
#19513 = FACE_BOUND('',#19514,.T.);
#19514 = EDGE_LOOP('',(#19515,#19516,#19522,#19523));
#19515 = ORIENTED_EDGE('',*,*,#10030,.T.);
#19516 = ORIENTED_EDGE('',*,*,#19517,.T.);
#19517 = EDGE_CURVE('',#10031,#13859,#19518,.T.);
#19518 = LINE('',#19519,#19520);
#19519 = CARTESIAN_POINT('',(25.98,-43.295,-4.6E-02));
#19520 = VECTOR('',#19521,1.);
#19521 = DIRECTION('',(0.,0.,1.));
#19522 = ORIENTED_EDGE('',*,*,#13858,.F.);
#19523 = ORIENTED_EDGE('',*,*,#19517,.F.);
#19524 = CYLINDRICAL_SURFACE('',#19525,0.735);
#19525 = AXIS2_PLACEMENT_3D('',#19526,#19527,#19528);
#19526 = CARTESIAN_POINT('',(25.98,-42.56,-4.6E-02));
#19527 = DIRECTION('',(-0.,-0.,-1.));
#19528 = DIRECTION('',(-0.,-1.,0.));
#19529 = ADVANCED_FACE('',(#19530),#19541,.F.);
#19530 = FACE_BOUND('',#19531,.T.);
#19531 = EDGE_LOOP('',(#19532,#19533,#19539,#19540));
#19532 = ORIENTED_EDGE('',*,*,#10041,.T.);
#19533 = ORIENTED_EDGE('',*,*,#19534,.T.);
#19534 = EDGE_CURVE('',#10042,#13870,#19535,.T.);
#19535 = LINE('',#19536,#19537);
#19536 = CARTESIAN_POINT('',(38.68,-45.835,-4.6E-02));
#19537 = VECTOR('',#19538,1.);
#19538 = DIRECTION('',(0.,0.,1.));
#19539 = ORIENTED_EDGE('',*,*,#13869,.F.);
#19540 = ORIENTED_EDGE('',*,*,#19534,.F.);
#19541 = CYLINDRICAL_SURFACE('',#19542,0.735);
#19542 = AXIS2_PLACEMENT_3D('',#19543,#19544,#19545);
#19543 = CARTESIAN_POINT('',(38.68,-45.1,-4.6E-02));
#19544 = DIRECTION('',(-0.,-0.,-1.));
#19545 = DIRECTION('',(-0.,-1.,0.));
#19546 = ADVANCED_FACE('',(#19547),#19558,.F.);
#19547 = FACE_BOUND('',#19548,.T.);
#19548 = EDGE_LOOP('',(#19549,#19550,#19556,#19557));
#19549 = ORIENTED_EDGE('',*,*,#10052,.T.);
#19550 = ORIENTED_EDGE('',*,*,#19551,.T.);
#19551 = EDGE_CURVE('',#10053,#13881,#19552,.T.);
#19552 = LINE('',#19553,#19554);
#19553 = CARTESIAN_POINT('',(45.03,-43.295,-4.6E-02));
#19554 = VECTOR('',#19555,1.);
#19555 = DIRECTION('',(0.,0.,1.));
#19556 = ORIENTED_EDGE('',*,*,#13880,.F.);
#19557 = ORIENTED_EDGE('',*,*,#19551,.F.);
#19558 = CYLINDRICAL_SURFACE('',#19559,0.735);
#19559 = AXIS2_PLACEMENT_3D('',#19560,#19561,#19562);
#19560 = CARTESIAN_POINT('',(45.03,-42.56,-4.6E-02));
#19561 = DIRECTION('',(-0.,-0.,-1.));
#19562 = DIRECTION('',(-0.,-1.,0.));
#19563 = ADVANCED_FACE('',(#19564),#19575,.F.);
#19564 = FACE_BOUND('',#19565,.T.);
#19565 = EDGE_LOOP('',(#19566,#19567,#19573,#19574));
#19566 = ORIENTED_EDGE('',*,*,#10063,.T.);
#19567 = ORIENTED_EDGE('',*,*,#19568,.T.);
#19568 = EDGE_CURVE('',#10064,#13892,#19569,.T.);
#19569 = LINE('',#19570,#19571);
#19570 = CARTESIAN_POINT('',(57.73,-45.835,-4.6E-02));
#19571 = VECTOR('',#19572,1.);
#19572 = DIRECTION('',(0.,0.,1.));
#19573 = ORIENTED_EDGE('',*,*,#13891,.F.);
#19574 = ORIENTED_EDGE('',*,*,#19568,.F.);
#19575 = CYLINDRICAL_SURFACE('',#19576,0.735);
#19576 = AXIS2_PLACEMENT_3D('',#19577,#19578,#19579);
#19577 = CARTESIAN_POINT('',(57.73,-45.1,-4.6E-02));
#19578 = DIRECTION('',(-0.,-0.,-1.));
#19579 = DIRECTION('',(-9.66724810558E-15,-1.,0.));
#19580 = ADVANCED_FACE('',(#19581),#19592,.F.);
#19581 = FACE_BOUND('',#19582,.T.);
#19582 = EDGE_LOOP('',(#19583,#19584,#19590,#19591));
#19583 = ORIENTED_EDGE('',*,*,#10074,.T.);
#19584 = ORIENTED_EDGE('',*,*,#19585,.T.);
#19585 = EDGE_CURVE('',#10075,#13903,#19586,.T.);
#19586 = LINE('',#19587,#19588);
#19587 = CARTESIAN_POINT('',(64.08,-43.295,-4.6E-02));
#19588 = VECTOR('',#19589,1.);
#19589 = DIRECTION('',(0.,0.,1.));
#19590 = ORIENTED_EDGE('',*,*,#13902,.F.);
#19591 = ORIENTED_EDGE('',*,*,#19585,.F.);
#19592 = CYLINDRICAL_SURFACE('',#19593,0.735);
#19593 = AXIS2_PLACEMENT_3D('',#19594,#19595,#19596);
#19594 = CARTESIAN_POINT('',(64.08,-42.56,-4.6E-02));
#19595 = DIRECTION('',(-0.,-0.,-1.));
#19596 = DIRECTION('',(-0.,-1.,0.));
#19597 = ADVANCED_FACE('',(#19598),#19609,.F.);
#19598 = FACE_BOUND('',#19599,.T.);
#19599 = EDGE_LOOP('',(#19600,#19601,#19607,#19608));
#19600 = ORIENTED_EDGE('',*,*,#10085,.T.);
#19601 = ORIENTED_EDGE('',*,*,#19602,.T.);
#19602 = EDGE_CURVE('',#10086,#13914,#19603,.T.);
#19603 = LINE('',#19604,#19605);
#19604 = CARTESIAN_POINT('',(75.51,-48.515,-4.6E-02));
#19605 = VECTOR('',#19606,1.);
#19606 = DIRECTION('',(0.,0.,1.));
#19607 = ORIENTED_EDGE('',*,*,#13913,.F.);
#19608 = ORIENTED_EDGE('',*,*,#19602,.F.);
#19609 = CYLINDRICAL_SURFACE('',#19610,0.875);
#19610 = AXIS2_PLACEMENT_3D('',#19611,#19612,#19613);
#19611 = CARTESIAN_POINT('',(75.51,-47.64,-4.6E-02));
#19612 = DIRECTION('',(-0.,-0.,-1.));
#19613 = DIRECTION('',(-0.,-1.,0.));
#19614 = ADVANCED_FACE('',(#19615),#19626,.F.);
#19615 = FACE_BOUND('',#19616,.T.);
#19616 = EDGE_LOOP('',(#19617,#19618,#19624,#19625));
#19617 = ORIENTED_EDGE('',*,*,#10096,.T.);
#19618 = ORIENTED_EDGE('',*,*,#19619,.T.);
#19619 = EDGE_CURVE('',#10097,#13925,#19620,.T.);
#19620 = LINE('',#19621,#19622);
#19621 = CARTESIAN_POINT('',(80.59,-49.6339,-4.6E-02));
#19622 = VECTOR('',#19623,1.);
#19623 = DIRECTION('',(0.,0.,1.));
#19624 = ORIENTED_EDGE('',*,*,#13924,.F.);
#19625 = ORIENTED_EDGE('',*,*,#19619,.F.);
#19626 = CYLINDRICAL_SURFACE('',#19627,1.9939);
#19627 = AXIS2_PLACEMENT_3D('',#19628,#19629,#19630);
#19628 = CARTESIAN_POINT('',(80.59,-47.64,-4.6E-02));
#19629 = DIRECTION('',(-0.,-0.,-1.));
#19630 = DIRECTION('',(-0.,-1.,0.));
#19631 = ADVANCED_FACE('',(#19632),#19643,.F.);
#19632 = FACE_BOUND('',#19633,.T.);
#19633 = EDGE_LOOP('',(#19634,#19635,#19641,#19642));
#19634 = ORIENTED_EDGE('',*,*,#10107,.T.);
#19635 = ORIENTED_EDGE('',*,*,#19636,.T.);
#19636 = EDGE_CURVE('',#10108,#13936,#19637,.T.);
#19637 = LINE('',#19638,#19639);
#19638 = CARTESIAN_POINT('',(85.67,-48.515,-4.6E-02));
#19639 = VECTOR('',#19640,1.);
#19640 = DIRECTION('',(0.,0.,1.));
#19641 = ORIENTED_EDGE('',*,*,#13935,.F.);
#19642 = ORIENTED_EDGE('',*,*,#19636,.F.);
#19643 = CYLINDRICAL_SURFACE('',#19644,0.875);
#19644 = AXIS2_PLACEMENT_3D('',#19645,#19646,#19647);
#19645 = CARTESIAN_POINT('',(85.67,-47.64,-4.6E-02));
#19646 = DIRECTION('',(-0.,-0.,-1.));
#19647 = DIRECTION('',(-0.,-1.,0.));
#19648 = ADVANCED_FACE('',(#19649),#19660,.F.);
#19649 = FACE_BOUND('',#19650,.T.);
#19650 = EDGE_LOOP('',(#19651,#19652,#19658,#19659));
#19651 = ORIENTED_EDGE('',*,*,#10118,.T.);
#19652 = ORIENTED_EDGE('',*,*,#19653,.T.);
#19653 = EDGE_CURVE('',#10119,#13947,#19654,.T.);
#19654 = LINE('',#19655,#19656);
#19655 = CARTESIAN_POINT('',(94.56,-48.515,-4.6E-02));
#19656 = VECTOR('',#19657,1.);
#19657 = DIRECTION('',(0.,0.,1.));
#19658 = ORIENTED_EDGE('',*,*,#13946,.F.);
#19659 = ORIENTED_EDGE('',*,*,#19653,.F.);
#19660 = CYLINDRICAL_SURFACE('',#19661,0.875);
#19661 = AXIS2_PLACEMENT_3D('',#19662,#19663,#19664);
#19662 = CARTESIAN_POINT('',(94.56,-47.64,-4.6E-02));
#19663 = DIRECTION('',(-0.,-0.,-1.));
#19664 = DIRECTION('',(-0.,-1.,0.));
#19665 = ADVANCED_FACE('',(#19666),#19677,.F.);
#19666 = FACE_BOUND('',#19667,.T.);
#19667 = EDGE_LOOP('',(#19668,#19669,#19675,#19676));
#19668 = ORIENTED_EDGE('',*,*,#10129,.T.);
#19669 = ORIENTED_EDGE('',*,*,#19670,.T.);
#19670 = EDGE_CURVE('',#10130,#13958,#19671,.T.);
#19671 = LINE('',#19672,#19673);
#19672 = CARTESIAN_POINT('',(99.64,-49.6339,-4.6E-02));
#19673 = VECTOR('',#19674,1.);
#19674 = DIRECTION('',(0.,0.,1.));
#19675 = ORIENTED_EDGE('',*,*,#13957,.F.);
#19676 = ORIENTED_EDGE('',*,*,#19670,.F.);
#19677 = CYLINDRICAL_SURFACE('',#19678,1.9939);
#19678 = AXIS2_PLACEMENT_3D('',#19679,#19680,#19681);
#19679 = CARTESIAN_POINT('',(99.64,-47.64,-4.6E-02));
#19680 = DIRECTION('',(-0.,-0.,-1.));
#19681 = DIRECTION('',(-0.,-1.,0.));
#19682 = ADVANCED_FACE('',(#19683),#19694,.F.);
#19683 = FACE_BOUND('',#19684,.T.);
#19684 = EDGE_LOOP('',(#19685,#19686,#19692,#19693));
#19685 = ORIENTED_EDGE('',*,*,#10140,.T.);
#19686 = ORIENTED_EDGE('',*,*,#19687,.T.);
#19687 = EDGE_CURVE('',#10141,#13969,#19688,.T.);
#19688 = LINE('',#19689,#19690);
#19689 = CARTESIAN_POINT('',(104.72,-48.515,-4.6E-02));
#19690 = VECTOR('',#19691,1.);
#19691 = DIRECTION('',(0.,0.,1.));
#19692 = ORIENTED_EDGE('',*,*,#13968,.F.);
#19693 = ORIENTED_EDGE('',*,*,#19687,.F.);
#19694 = CYLINDRICAL_SURFACE('',#19695,0.875);
#19695 = AXIS2_PLACEMENT_3D('',#19696,#19697,#19698);
#19696 = CARTESIAN_POINT('',(104.72,-47.64,-4.6E-02));
#19697 = DIRECTION('',(-0.,-0.,-1.));
#19698 = DIRECTION('',(-0.,-1.,0.));
#19699 = ADVANCED_FACE('',(#19700),#19711,.F.);
#19700 = FACE_BOUND('',#19701,.T.);
#19701 = EDGE_LOOP('',(#19702,#19703,#19709,#19710));
#19702 = ORIENTED_EDGE('',*,*,#10151,.T.);
#19703 = ORIENTED_EDGE('',*,*,#19704,.T.);
#19704 = EDGE_CURVE('',#10152,#13980,#19705,.T.);
#19705 = LINE('',#19706,#19707);
#19706 = CARTESIAN_POINT('',(113.61,-48.515,-4.6E-02));
#19707 = VECTOR('',#19708,1.);
#19708 = DIRECTION('',(0.,0.,1.));
#19709 = ORIENTED_EDGE('',*,*,#13979,.F.);
#19710 = ORIENTED_EDGE('',*,*,#19704,.F.);
#19711 = CYLINDRICAL_SURFACE('',#19712,0.875);
#19712 = AXIS2_PLACEMENT_3D('',#19713,#19714,#19715);
#19713 = CARTESIAN_POINT('',(113.61,-47.64,-4.6E-02));
#19714 = DIRECTION('',(-0.,-0.,-1.));
#19715 = DIRECTION('',(-0.,-1.,0.));
#19716 = ADVANCED_FACE('',(#19717),#19728,.F.);
#19717 = FACE_BOUND('',#19718,.T.);
#19718 = EDGE_LOOP('',(#19719,#19720,#19726,#19727));
#19719 = ORIENTED_EDGE('',*,*,#10162,.T.);
#19720 = ORIENTED_EDGE('',*,*,#19721,.T.);
#19721 = EDGE_CURVE('',#10163,#13991,#19722,.T.);
#19722 = LINE('',#19723,#19724);
#19723 = CARTESIAN_POINT('',(118.69,-49.6339,-4.6E-02));
#19724 = VECTOR('',#19725,1.);
#19725 = DIRECTION('',(0.,0.,1.));
#19726 = ORIENTED_EDGE('',*,*,#13990,.F.);
#19727 = ORIENTED_EDGE('',*,*,#19721,.F.);
#19728 = CYLINDRICAL_SURFACE('',#19729,1.9939);
#19729 = AXIS2_PLACEMENT_3D('',#19730,#19731,#19732);
#19730 = CARTESIAN_POINT('',(118.69,-47.64,-4.6E-02));
#19731 = DIRECTION('',(-0.,-0.,-1.));
#19732 = DIRECTION('',(-0.,-1.,0.));
#19733 = ADVANCED_FACE('',(#19734),#19745,.F.);
#19734 = FACE_BOUND('',#19735,.T.);
#19735 = EDGE_LOOP('',(#19736,#19737,#19743,#19744));
#19736 = ORIENTED_EDGE('',*,*,#10173,.T.);
#19737 = ORIENTED_EDGE('',*,*,#19738,.T.);
#19738 = EDGE_CURVE('',#10174,#14002,#19739,.T.);
#19739 = LINE('',#19740,#19741);
#19740 = CARTESIAN_POINT('',(123.77,-48.515,-4.6E-02));
#19741 = VECTOR('',#19742,1.);
#19742 = DIRECTION('',(0.,0.,1.));
#19743 = ORIENTED_EDGE('',*,*,#14001,.F.);
#19744 = ORIENTED_EDGE('',*,*,#19738,.F.);
#19745 = CYLINDRICAL_SURFACE('',#19746,0.875);
#19746 = AXIS2_PLACEMENT_3D('',#19747,#19748,#19749);
#19747 = CARTESIAN_POINT('',(123.77,-47.64,-4.6E-02));
#19748 = DIRECTION('',(-0.,-0.,-1.));
#19749 = DIRECTION('',(-0.,-1.,0.));
#19750 = ADVANCED_FACE('',(#19751),#19762,.F.);
#19751 = FACE_BOUND('',#19752,.T.);
#19752 = EDGE_LOOP('',(#19753,#19754,#19760,#19761));
#19753 = ORIENTED_EDGE('',*,*,#10184,.T.);
#19754 = ORIENTED_EDGE('',*,*,#19755,.T.);
#19755 = EDGE_CURVE('',#10185,#14013,#19756,.T.);
#19756 = LINE('',#19757,#19758);
#19757 = CARTESIAN_POINT('',(76.78,-45.835,-4.6E-02));
#19758 = VECTOR('',#19759,1.);
#19759 = DIRECTION('',(0.,0.,1.));
#19760 = ORIENTED_EDGE('',*,*,#14012,.F.);
#19761 = ORIENTED_EDGE('',*,*,#19755,.F.);
#19762 = CYLINDRICAL_SURFACE('',#19763,0.735);
#19763 = AXIS2_PLACEMENT_3D('',#19764,#19765,#19766);
#19764 = CARTESIAN_POINT('',(76.78,-45.1,-4.6E-02));
#19765 = DIRECTION('',(-0.,-0.,-1.));
#19766 = DIRECTION('',(-0.,-1.,0.));
#19767 = ADVANCED_FACE('',(#19768),#19779,.F.);
#19768 = FACE_BOUND('',#19769,.T.);
#19769 = EDGE_LOOP('',(#19770,#19771,#19777,#19778));
#19770 = ORIENTED_EDGE('',*,*,#10195,.T.);
#19771 = ORIENTED_EDGE('',*,*,#19772,.T.);
#19772 = EDGE_CURVE('',#10196,#14024,#19773,.T.);
#19773 = LINE('',#19774,#19775);
#19774 = CARTESIAN_POINT('',(83.13,-43.295,-4.6E-02));
#19775 = VECTOR('',#19776,1.);
#19776 = DIRECTION('',(0.,0.,1.));
#19777 = ORIENTED_EDGE('',*,*,#14023,.F.);
#19778 = ORIENTED_EDGE('',*,*,#19772,.F.);
#19779 = CYLINDRICAL_SURFACE('',#19780,0.735);
#19780 = AXIS2_PLACEMENT_3D('',#19781,#19782,#19783);
#19781 = CARTESIAN_POINT('',(83.13,-42.56,-4.6E-02));
#19782 = DIRECTION('',(-0.,-0.,-1.));
#19783 = DIRECTION('',(-0.,-1.,0.));
#19784 = ADVANCED_FACE('',(#19785),#19796,.F.);
#19785 = FACE_BOUND('',#19786,.T.);
#19786 = EDGE_LOOP('',(#19787,#19788,#19794,#19795));
#19787 = ORIENTED_EDGE('',*,*,#10206,.T.);
#19788 = ORIENTED_EDGE('',*,*,#19789,.T.);
#19789 = EDGE_CURVE('',#10207,#14035,#19790,.T.);
#19790 = LINE('',#19791,#19792);
#19791 = CARTESIAN_POINT('',(95.83,-45.835,-4.6E-02));
#19792 = VECTOR('',#19793,1.);
#19793 = DIRECTION('',(0.,0.,1.));
#19794 = ORIENTED_EDGE('',*,*,#14034,.F.);
#19795 = ORIENTED_EDGE('',*,*,#19789,.F.);
#19796 = CYLINDRICAL_SURFACE('',#19797,0.735);
#19797 = AXIS2_PLACEMENT_3D('',#19798,#19799,#19800);
#19798 = CARTESIAN_POINT('',(95.83,-45.1,-4.6E-02));
#19799 = DIRECTION('',(-0.,-0.,-1.));
#19800 = DIRECTION('',(-0.,-1.,0.));
#19801 = ADVANCED_FACE('',(#19802),#19813,.F.);
#19802 = FACE_BOUND('',#19803,.T.);
#19803 = EDGE_LOOP('',(#19804,#19805,#19811,#19812));
#19804 = ORIENTED_EDGE('',*,*,#10217,.T.);
#19805 = ORIENTED_EDGE('',*,*,#19806,.T.);
#19806 = EDGE_CURVE('',#10218,#14046,#19807,.T.);
#19807 = LINE('',#19808,#19809);
#19808 = CARTESIAN_POINT('',(102.18,-43.295,-4.6E-02));
#19809 = VECTOR('',#19810,1.);
#19810 = DIRECTION('',(0.,0.,1.));
#19811 = ORIENTED_EDGE('',*,*,#14045,.F.);
#19812 = ORIENTED_EDGE('',*,*,#19806,.F.);
#19813 = CYLINDRICAL_SURFACE('',#19814,0.735);
#19814 = AXIS2_PLACEMENT_3D('',#19815,#19816,#19817);
#19815 = CARTESIAN_POINT('',(102.18,-42.56,-4.6E-02));
#19816 = DIRECTION('',(-0.,-0.,-1.));
#19817 = DIRECTION('',(-0.,-1.,0.));
#19818 = ADVANCED_FACE('',(#19819),#19830,.F.);
#19819 = FACE_BOUND('',#19820,.T.);
#19820 = EDGE_LOOP('',(#19821,#19822,#19828,#19829));
#19821 = ORIENTED_EDGE('',*,*,#10228,.T.);
#19822 = ORIENTED_EDGE('',*,*,#19823,.T.);
#19823 = EDGE_CURVE('',#10229,#14057,#19824,.T.);
#19824 = LINE('',#19825,#19826);
#19825 = CARTESIAN_POINT('',(114.88,-45.835,-4.6E-02));
#19826 = VECTOR('',#19827,1.);
#19827 = DIRECTION('',(0.,0.,1.));
#19828 = ORIENTED_EDGE('',*,*,#14056,.F.);
#19829 = ORIENTED_EDGE('',*,*,#19823,.F.);
#19830 = CYLINDRICAL_SURFACE('',#19831,0.735);
#19831 = AXIS2_PLACEMENT_3D('',#19832,#19833,#19834);
#19832 = CARTESIAN_POINT('',(114.88,-45.1,-4.6E-02));
#19833 = DIRECTION('',(-0.,-0.,-1.));
#19834 = DIRECTION('',(-0.,-1.,0.));
#19835 = ADVANCED_FACE('',(#19836),#19847,.F.);
#19836 = FACE_BOUND('',#19837,.T.);
#19837 = EDGE_LOOP('',(#19838,#19839,#19845,#19846));
#19838 = ORIENTED_EDGE('',*,*,#10239,.T.);
#19839 = ORIENTED_EDGE('',*,*,#19840,.T.);
#19840 = EDGE_CURVE('',#10240,#14068,#19841,.T.);
#19841 = LINE('',#19842,#19843);
#19842 = CARTESIAN_POINT('',(121.23,-43.295,-4.6E-02));
#19843 = VECTOR('',#19844,1.);
#19844 = DIRECTION('',(0.,0.,1.));
#19845 = ORIENTED_EDGE('',*,*,#14067,.F.);
#19846 = ORIENTED_EDGE('',*,*,#19840,.F.);
#19847 = CYLINDRICAL_SURFACE('',#19848,0.735);
#19848 = AXIS2_PLACEMENT_3D('',#19849,#19850,#19851);
#19849 = CARTESIAN_POINT('',(121.23,-42.56,-4.6E-02));
#19850 = DIRECTION('',(-0.,-0.,-1.));
#19851 = DIRECTION('',(-0.,-1.,0.));
#19852 = ADVANCED_FACE('',(#19853),#19864,.F.);
#19853 = FACE_BOUND('',#19854,.T.);
#19854 = EDGE_LOOP('',(#19855,#19856,#19862,#19863));
#19855 = ORIENTED_EDGE('',*,*,#10250,.T.);
#19856 = ORIENTED_EDGE('',*,*,#19857,.T.);
#19857 = EDGE_CURVE('',#10251,#14079,#19858,.T.);
#19858 = LINE('',#19859,#19860);
#19859 = CARTESIAN_POINT('',(18.36,-29.465,-4.6E-02));
#19860 = VECTOR('',#19861,1.);
#19861 = DIRECTION('',(0.,0.,1.));
#19862 = ORIENTED_EDGE('',*,*,#14078,.F.);
#19863 = ORIENTED_EDGE('',*,*,#19857,.F.);
#19864 = CYLINDRICAL_SURFACE('',#19865,0.875);
#19865 = AXIS2_PLACEMENT_3D('',#19866,#19867,#19868);
#19866 = CARTESIAN_POINT('',(18.36,-28.59,-4.6E-02));
#19867 = DIRECTION('',(-0.,-0.,-1.));
#19868 = DIRECTION('',(-0.,-1.,0.));
#19869 = ADVANCED_FACE('',(#19870),#19881,.F.);
#19870 = FACE_BOUND('',#19871,.T.);
#19871 = EDGE_LOOP('',(#19872,#19873,#19879,#19880));
#19872 = ORIENTED_EDGE('',*,*,#10261,.T.);
#19873 = ORIENTED_EDGE('',*,*,#19874,.T.);
#19874 = EDGE_CURVE('',#10262,#14090,#19875,.T.);
#19875 = LINE('',#19876,#19877);
#19876 = CARTESIAN_POINT('',(23.44,-30.5839,-4.6E-02));
#19877 = VECTOR('',#19878,1.);
#19878 = DIRECTION('',(0.,0.,1.));
#19879 = ORIENTED_EDGE('',*,*,#14089,.F.);
#19880 = ORIENTED_EDGE('',*,*,#19874,.F.);
#19881 = CYLINDRICAL_SURFACE('',#19882,1.9939);
#19882 = AXIS2_PLACEMENT_3D('',#19883,#19884,#19885);
#19883 = CARTESIAN_POINT('',(23.44,-28.59,-4.6E-02));
#19884 = DIRECTION('',(-0.,-0.,-1.));
#19885 = DIRECTION('',(-0.,-1.,0.));
#19886 = ADVANCED_FACE('',(#19887),#19898,.F.);
#19887 = FACE_BOUND('',#19888,.T.);
#19888 = EDGE_LOOP('',(#19889,#19890,#19896,#19897));
#19889 = ORIENTED_EDGE('',*,*,#10272,.T.);
#19890 = ORIENTED_EDGE('',*,*,#19891,.T.);
#19891 = EDGE_CURVE('',#10273,#14101,#19892,.T.);
#19892 = LINE('',#19893,#19894);
#19893 = CARTESIAN_POINT('',(28.52,-29.465,-4.6E-02));
#19894 = VECTOR('',#19895,1.);
#19895 = DIRECTION('',(0.,0.,1.));
#19896 = ORIENTED_EDGE('',*,*,#14100,.F.);
#19897 = ORIENTED_EDGE('',*,*,#19891,.F.);
#19898 = CYLINDRICAL_SURFACE('',#19899,0.875);
#19899 = AXIS2_PLACEMENT_3D('',#19900,#19901,#19902);
#19900 = CARTESIAN_POINT('',(28.52,-28.59,-4.6E-02));
#19901 = DIRECTION('',(-0.,-0.,-1.));
#19902 = DIRECTION('',(-0.,-1.,0.));
#19903 = ADVANCED_FACE('',(#19904),#19915,.F.);
#19904 = FACE_BOUND('',#19905,.T.);
#19905 = EDGE_LOOP('',(#19906,#19907,#19913,#19914));
#19906 = ORIENTED_EDGE('',*,*,#10283,.T.);
#19907 = ORIENTED_EDGE('',*,*,#19908,.T.);
#19908 = EDGE_CURVE('',#10284,#14112,#19909,.T.);
#19909 = LINE('',#19910,#19911);
#19910 = CARTESIAN_POINT('',(19.63,-26.785,-4.6E-02));
#19911 = VECTOR('',#19912,1.);
#19912 = DIRECTION('',(0.,0.,1.));
#19913 = ORIENTED_EDGE('',*,*,#14111,.F.);
#19914 = ORIENTED_EDGE('',*,*,#19908,.F.);
#19915 = CYLINDRICAL_SURFACE('',#19916,0.735);
#19916 = AXIS2_PLACEMENT_3D('',#19917,#19918,#19919);
#19917 = CARTESIAN_POINT('',(19.63,-26.05,-4.6E-02));
#19918 = DIRECTION('',(-0.,-0.,-1.));
#19919 = DIRECTION('',(-0.,-1.,0.));
#19920 = ADVANCED_FACE('',(#19921),#19932,.F.);
#19921 = FACE_BOUND('',#19922,.T.);
#19922 = EDGE_LOOP('',(#19923,#19924,#19930,#19931));
#19923 = ORIENTED_EDGE('',*,*,#10294,.T.);
#19924 = ORIENTED_EDGE('',*,*,#19925,.T.);
#19925 = EDGE_CURVE('',#10295,#14123,#19926,.T.);
#19926 = LINE('',#19927,#19928);
#19927 = CARTESIAN_POINT('',(37.41,-29.465,-4.6E-02));
#19928 = VECTOR('',#19929,1.);
#19929 = DIRECTION('',(0.,0.,1.));
#19930 = ORIENTED_EDGE('',*,*,#14122,.F.);
#19931 = ORIENTED_EDGE('',*,*,#19925,.F.);
#19932 = CYLINDRICAL_SURFACE('',#19933,0.875);
#19933 = AXIS2_PLACEMENT_3D('',#19934,#19935,#19936);
#19934 = CARTESIAN_POINT('',(37.41,-28.59,-4.6E-02));
#19935 = DIRECTION('',(-0.,-0.,-1.));
#19936 = DIRECTION('',(-0.,-1.,0.));
#19937 = ADVANCED_FACE('',(#19938),#19949,.F.);
#19938 = FACE_BOUND('',#19939,.T.);
#19939 = EDGE_LOOP('',(#19940,#19941,#19947,#19948));
#19940 = ORIENTED_EDGE('',*,*,#10305,.T.);
#19941 = ORIENTED_EDGE('',*,*,#19942,.T.);
#19942 = EDGE_CURVE('',#10306,#14134,#19943,.T.);
#19943 = LINE('',#19944,#19945);
#19944 = CARTESIAN_POINT('',(42.49,-30.5839,-4.6E-02));
#19945 = VECTOR('',#19946,1.);
#19946 = DIRECTION('',(0.,0.,1.));
#19947 = ORIENTED_EDGE('',*,*,#14133,.F.);
#19948 = ORIENTED_EDGE('',*,*,#19942,.F.);
#19949 = CYLINDRICAL_SURFACE('',#19950,1.9939);
#19950 = AXIS2_PLACEMENT_3D('',#19951,#19952,#19953);
#19951 = CARTESIAN_POINT('',(42.49,-28.59,-4.6E-02));
#19952 = DIRECTION('',(-0.,0.,-1.));
#19953 = DIRECTION('',(3.563582605748E-15,-1.,-0.));
#19954 = ADVANCED_FACE('',(#19955),#19966,.F.);
#19955 = FACE_BOUND('',#19956,.T.);
#19956 = EDGE_LOOP('',(#19957,#19958,#19964,#19965));
#19957 = ORIENTED_EDGE('',*,*,#10316,.T.);
#19958 = ORIENTED_EDGE('',*,*,#19959,.T.);
#19959 = EDGE_CURVE('',#10317,#14145,#19960,.T.);
#19960 = LINE('',#19961,#19962);
#19961 = CARTESIAN_POINT('',(38.68,-26.785,-4.6E-02));
#19962 = VECTOR('',#19963,1.);
#19963 = DIRECTION('',(0.,0.,1.));
#19964 = ORIENTED_EDGE('',*,*,#14144,.F.);
#19965 = ORIENTED_EDGE('',*,*,#19959,.F.);
#19966 = CYLINDRICAL_SURFACE('',#19967,0.735);
#19967 = AXIS2_PLACEMENT_3D('',#19968,#19969,#19970);
#19968 = CARTESIAN_POINT('',(38.68,-26.05,-4.6E-02));
#19969 = DIRECTION('',(-0.,-0.,-1.));
#19970 = DIRECTION('',(-0.,-1.,0.));
#19971 = ADVANCED_FACE('',(#19972),#19983,.F.);
#19972 = FACE_BOUND('',#19973,.T.);
#19973 = EDGE_LOOP('',(#19974,#19975,#19981,#19982));
#19974 = ORIENTED_EDGE('',*,*,#10327,.T.);
#19975 = ORIENTED_EDGE('',*,*,#19976,.T.);
#19976 = EDGE_CURVE('',#10328,#14156,#19977,.T.);
#19977 = LINE('',#19978,#19979);
#19978 = CARTESIAN_POINT('',(47.57,-29.465,-4.6E-02));
#19979 = VECTOR('',#19980,1.);
#19980 = DIRECTION('',(0.,0.,1.));
#19981 = ORIENTED_EDGE('',*,*,#14155,.F.);
#19982 = ORIENTED_EDGE('',*,*,#19976,.F.);
#19983 = CYLINDRICAL_SURFACE('',#19984,0.875);
#19984 = AXIS2_PLACEMENT_3D('',#19985,#19986,#19987);
#19985 = CARTESIAN_POINT('',(47.57,-28.59,-4.6E-02));
#19986 = DIRECTION('',(-0.,-0.,-1.));
#19987 = DIRECTION('',(-0.,-1.,0.));
#19988 = ADVANCED_FACE('',(#19989),#20000,.F.);
#19989 = FACE_BOUND('',#19990,.T.);
#19990 = EDGE_LOOP('',(#19991,#19992,#19998,#19999));
#19991 = ORIENTED_EDGE('',*,*,#10338,.T.);
#19992 = ORIENTED_EDGE('',*,*,#19993,.T.);
#19993 = EDGE_CURVE('',#10339,#14167,#19994,.T.);
#19994 = LINE('',#19995,#19996);
#19995 = CARTESIAN_POINT('',(56.46,-29.465,-4.6E-02));
#19996 = VECTOR('',#19997,1.);
#19997 = DIRECTION('',(0.,0.,1.));
#19998 = ORIENTED_EDGE('',*,*,#14166,.F.);
#19999 = ORIENTED_EDGE('',*,*,#19993,.F.);
#20000 = CYLINDRICAL_SURFACE('',#20001,0.875);
#20001 = AXIS2_PLACEMENT_3D('',#20002,#20003,#20004);
#20002 = CARTESIAN_POINT('',(56.46,-28.59,-4.6E-02));
#20003 = DIRECTION('',(-0.,-0.,-1.));
#20004 = DIRECTION('',(-0.,-1.,0.));
#20005 = ADVANCED_FACE('',(#20006),#20017,.F.);
#20006 = FACE_BOUND('',#20007,.T.);
#20007 = EDGE_LOOP('',(#20008,#20009,#20015,#20016));
#20008 = ORIENTED_EDGE('',*,*,#10349,.T.);
#20009 = ORIENTED_EDGE('',*,*,#20010,.T.);
#20010 = EDGE_CURVE('',#10350,#14178,#20011,.T.);
#20011 = LINE('',#20012,#20013);
#20012 = CARTESIAN_POINT('',(57.73,-26.785,-4.6E-02));
#20013 = VECTOR('',#20014,1.);
#20014 = DIRECTION('',(0.,0.,1.));
#20015 = ORIENTED_EDGE('',*,*,#14177,.F.);
#20016 = ORIENTED_EDGE('',*,*,#20010,.F.);
#20017 = CYLINDRICAL_SURFACE('',#20018,0.735);
#20018 = AXIS2_PLACEMENT_3D('',#20019,#20020,#20021);
#20019 = CARTESIAN_POINT('',(57.73,-26.05,-4.6E-02));
#20020 = DIRECTION('',(-0.,-0.,-1.));
#20021 = DIRECTION('',(-9.66724810558E-15,-1.,0.));
#20022 = ADVANCED_FACE('',(#20023),#20034,.F.);
#20023 = FACE_BOUND('',#20024,.T.);
#20024 = EDGE_LOOP('',(#20025,#20026,#20032,#20033));
#20025 = ORIENTED_EDGE('',*,*,#10360,.T.);
#20026 = ORIENTED_EDGE('',*,*,#20027,.T.);
#20027 = EDGE_CURVE('',#10361,#14189,#20028,.T.);
#20028 = LINE('',#20029,#20030);
#20029 = CARTESIAN_POINT('',(61.54,-30.5839,-4.6E-02));
#20030 = VECTOR('',#20031,1.);
#20031 = DIRECTION('',(0.,0.,1.));
#20032 = ORIENTED_EDGE('',*,*,#14188,.F.);
#20033 = ORIENTED_EDGE('',*,*,#20027,.F.);
#20034 = CYLINDRICAL_SURFACE('',#20035,1.9939);
#20035 = AXIS2_PLACEMENT_3D('',#20036,#20037,#20038);
#20036 = CARTESIAN_POINT('',(61.54,-28.59,-4.6E-02));
#20037 = DIRECTION('',(-0.,-0.,-1.));
#20038 = DIRECTION('',(-3.563582605748E-15,-1.,0.));
#20039 = ADVANCED_FACE('',(#20040),#20051,.F.);
#20040 = FACE_BOUND('',#20041,.T.);
#20041 = EDGE_LOOP('',(#20042,#20043,#20049,#20050));
#20042 = ORIENTED_EDGE('',*,*,#10371,.T.);
#20043 = ORIENTED_EDGE('',*,*,#20044,.T.);
#20044 = EDGE_CURVE('',#10372,#14200,#20045,.T.);
#20045 = LINE('',#20046,#20047);
#20046 = CARTESIAN_POINT('',(66.62,-29.465,-4.6E-02));
#20047 = VECTOR('',#20048,1.);
#20048 = DIRECTION('',(0.,0.,1.));
#20049 = ORIENTED_EDGE('',*,*,#14199,.F.);
#20050 = ORIENTED_EDGE('',*,*,#20044,.F.);
#20051 = CYLINDRICAL_SURFACE('',#20052,0.875);
#20052 = AXIS2_PLACEMENT_3D('',#20053,#20054,#20055);
#20053 = CARTESIAN_POINT('',(66.62,-28.59,-4.6E-02));
#20054 = DIRECTION('',(-0.,-0.,-1.));
#20055 = DIRECTION('',(-0.,-1.,0.));
#20056 = ADVANCED_FACE('',(#20057),#20068,.F.);
#20057 = FACE_BOUND('',#20058,.T.);
#20058 = EDGE_LOOP('',(#20059,#20060,#20066,#20067));
#20059 = ORIENTED_EDGE('',*,*,#10382,.T.);
#20060 = ORIENTED_EDGE('',*,*,#20061,.T.);
#20061 = EDGE_CURVE('',#10383,#14211,#20062,.T.);
#20062 = LINE('',#20063,#20064);
#20063 = CARTESIAN_POINT('',(25.98,-24.245,-4.6E-02));
#20064 = VECTOR('',#20065,1.);
#20065 = DIRECTION('',(0.,0.,1.));
#20066 = ORIENTED_EDGE('',*,*,#14210,.F.);
#20067 = ORIENTED_EDGE('',*,*,#20061,.F.);
#20068 = CYLINDRICAL_SURFACE('',#20069,0.735);
#20069 = AXIS2_PLACEMENT_3D('',#20070,#20071,#20072);
#20070 = CARTESIAN_POINT('',(25.98,-23.51,-4.6E-02));
#20071 = DIRECTION('',(-0.,-0.,-1.));
#20072 = DIRECTION('',(-0.,-1.,0.));
#20073 = ADVANCED_FACE('',(#20074),#20085,.F.);
#20074 = FACE_BOUND('',#20075,.T.);
#20075 = EDGE_LOOP('',(#20076,#20077,#20083,#20084));
#20076 = ORIENTED_EDGE('',*,*,#10393,.T.);
#20077 = ORIENTED_EDGE('',*,*,#20078,.T.);
#20078 = EDGE_CURVE('',#10394,#14222,#20079,.T.);
#20079 = LINE('',#20080,#20081);
#20080 = CARTESIAN_POINT('',(45.03,-24.245,-4.6E-02));
#20081 = VECTOR('',#20082,1.);
#20082 = DIRECTION('',(0.,0.,1.));
#20083 = ORIENTED_EDGE('',*,*,#14221,.F.);
#20084 = ORIENTED_EDGE('',*,*,#20078,.F.);
#20085 = CYLINDRICAL_SURFACE('',#20086,0.735);
#20086 = AXIS2_PLACEMENT_3D('',#20087,#20088,#20089);
#20087 = CARTESIAN_POINT('',(45.03,-23.51,-4.6E-02));
#20088 = DIRECTION('',(-0.,-0.,-1.));
#20089 = DIRECTION('',(-0.,-1.,0.));
#20090 = ADVANCED_FACE('',(#20091),#20102,.F.);
#20091 = FACE_BOUND('',#20092,.T.);
#20092 = EDGE_LOOP('',(#20093,#20094,#20100,#20101));
#20093 = ORIENTED_EDGE('',*,*,#10404,.T.);
#20094 = ORIENTED_EDGE('',*,*,#20095,.T.);
#20095 = EDGE_CURVE('',#10405,#14233,#20096,.T.);
#20096 = LINE('',#20097,#20098);
#20097 = CARTESIAN_POINT('',(22.6462,-16.998119,-4.6E-02));
#20098 = VECTOR('',#20099,1.);
#20099 = DIRECTION('',(0.,0.,1.));
#20100 = ORIENTED_EDGE('',*,*,#14232,.F.);
#20101 = ORIENTED_EDGE('',*,*,#20095,.F.);
#20102 = CYLINDRICAL_SURFACE('',#20103,1.505);
#20103 = AXIS2_PLACEMENT_3D('',#20104,#20105,#20106);
#20104 = CARTESIAN_POINT('',(22.6462,-15.493119,-4.6E-02));
#20105 = DIRECTION('',(-0.,-0.,-1.));
#20106 = DIRECTION('',(-0.,-1.,0.));
#20107 = ADVANCED_FACE('',(#20108),#20119,.F.);
#20108 = FACE_BOUND('',#20109,.T.);
#20109 = EDGE_LOOP('',(#20110,#20111,#20117,#20118));
#20110 = ORIENTED_EDGE('',*,*,#10415,.T.);
#20111 = ORIENTED_EDGE('',*,*,#20112,.T.);
#20112 = EDGE_CURVE('',#10416,#14244,#20113,.T.);
#20113 = LINE('',#20114,#20115);
#20114 = CARTESIAN_POINT('',(64.08,-24.245,-4.6E-02));
#20115 = VECTOR('',#20116,1.);
#20116 = DIRECTION('',(0.,0.,1.));
#20117 = ORIENTED_EDGE('',*,*,#14243,.F.);
#20118 = ORIENTED_EDGE('',*,*,#20112,.F.);
#20119 = CYLINDRICAL_SURFACE('',#20120,0.735);
#20120 = AXIS2_PLACEMENT_3D('',#20121,#20122,#20123);
#20121 = CARTESIAN_POINT('',(64.08,-23.51,-4.6E-02));
#20122 = DIRECTION('',(-0.,-0.,-1.));
#20123 = DIRECTION('',(-0.,-1.,0.));
#20124 = ADVANCED_FACE('',(#20125),#20136,.F.);
#20125 = FACE_BOUND('',#20126,.T.);
#20126 = EDGE_LOOP('',(#20127,#20128,#20134,#20135));
#20127 = ORIENTED_EDGE('',*,*,#10426,.T.);
#20128 = ORIENTED_EDGE('',*,*,#20129,.T.);
#20129 = EDGE_CURVE('',#10427,#14255,#20130,.T.);
#20130 = LINE('',#20131,#20132);
#20131 = CARTESIAN_POINT('',(75.51,-29.465,-4.6E-02));
#20132 = VECTOR('',#20133,1.);
#20133 = DIRECTION('',(0.,0.,1.));
#20134 = ORIENTED_EDGE('',*,*,#14254,.F.);
#20135 = ORIENTED_EDGE('',*,*,#20129,.F.);
#20136 = CYLINDRICAL_SURFACE('',#20137,0.875);
#20137 = AXIS2_PLACEMENT_3D('',#20138,#20139,#20140);
#20138 = CARTESIAN_POINT('',(75.51,-28.59,-4.6E-02));
#20139 = DIRECTION('',(-0.,-0.,-1.));
#20140 = DIRECTION('',(-0.,-1.,0.));
#20141 = ADVANCED_FACE('',(#20142),#20153,.F.);
#20142 = FACE_BOUND('',#20143,.T.);
#20143 = EDGE_LOOP('',(#20144,#20145,#20151,#20152));
#20144 = ORIENTED_EDGE('',*,*,#10437,.T.);
#20145 = ORIENTED_EDGE('',*,*,#20146,.T.);
#20146 = EDGE_CURVE('',#10438,#14266,#20147,.T.);
#20147 = LINE('',#20148,#20149);
#20148 = CARTESIAN_POINT('',(80.59,-30.5839,-4.6E-02));
#20149 = VECTOR('',#20150,1.);
#20150 = DIRECTION('',(0.,0.,1.));
#20151 = ORIENTED_EDGE('',*,*,#14265,.F.);
#20152 = ORIENTED_EDGE('',*,*,#20146,.F.);
#20153 = CYLINDRICAL_SURFACE('',#20154,1.9939);
#20154 = AXIS2_PLACEMENT_3D('',#20155,#20156,#20157);
#20155 = CARTESIAN_POINT('',(80.59,-28.59,-4.6E-02));
#20156 = DIRECTION('',(-0.,-0.,-1.));
#20157 = DIRECTION('',(-0.,-1.,0.));
#20158 = ADVANCED_FACE('',(#20159),#20170,.F.);
#20159 = FACE_BOUND('',#20160,.T.);
#20160 = EDGE_LOOP('',(#20161,#20162,#20168,#20169));
#20161 = ORIENTED_EDGE('',*,*,#10448,.T.);
#20162 = ORIENTED_EDGE('',*,*,#20163,.T.);
#20163 = EDGE_CURVE('',#10449,#14277,#20164,.T.);
#20164 = LINE('',#20165,#20166);
#20165 = CARTESIAN_POINT('',(85.67,-29.465,-4.6E-02));
#20166 = VECTOR('',#20167,1.);
#20167 = DIRECTION('',(0.,0.,1.));
#20168 = ORIENTED_EDGE('',*,*,#14276,.F.);
#20169 = ORIENTED_EDGE('',*,*,#20163,.F.);
#20170 = CYLINDRICAL_SURFACE('',#20171,0.875);
#20171 = AXIS2_PLACEMENT_3D('',#20172,#20173,#20174);
#20172 = CARTESIAN_POINT('',(85.67,-28.59,-4.6E-02));
#20173 = DIRECTION('',(-0.,-0.,-1.));
#20174 = DIRECTION('',(-0.,-1.,0.));
#20175 = ADVANCED_FACE('',(#20176),#20187,.F.);
#20176 = FACE_BOUND('',#20177,.T.);
#20177 = EDGE_LOOP('',(#20178,#20179,#20185,#20186));
#20178 = ORIENTED_EDGE('',*,*,#10459,.T.);
#20179 = ORIENTED_EDGE('',*,*,#20180,.T.);
#20180 = EDGE_CURVE('',#10460,#14288,#20181,.T.);
#20181 = LINE('',#20182,#20183);
#20182 = CARTESIAN_POINT('',(76.78,-26.785,-4.6E-02));
#20183 = VECTOR('',#20184,1.);
#20184 = DIRECTION('',(0.,0.,1.));
#20185 = ORIENTED_EDGE('',*,*,#14287,.F.);
#20186 = ORIENTED_EDGE('',*,*,#20180,.F.);
#20187 = CYLINDRICAL_SURFACE('',#20188,0.735);
#20188 = AXIS2_PLACEMENT_3D('',#20189,#20190,#20191);
#20189 = CARTESIAN_POINT('',(76.78,-26.05,-4.6E-02));
#20190 = DIRECTION('',(-0.,-0.,-1.));
#20191 = DIRECTION('',(-0.,-1.,0.));
#20192 = ADVANCED_FACE('',(#20193),#20204,.F.);
#20193 = FACE_BOUND('',#20194,.T.);
#20194 = EDGE_LOOP('',(#20195,#20196,#20202,#20203));
#20195 = ORIENTED_EDGE('',*,*,#10470,.T.);
#20196 = ORIENTED_EDGE('',*,*,#20197,.T.);
#20197 = EDGE_CURVE('',#10471,#14299,#20198,.T.);
#20198 = LINE('',#20199,#20200);
#20199 = CARTESIAN_POINT('',(94.56,-29.465,-4.6E-02));
#20200 = VECTOR('',#20201,1.);
#20201 = DIRECTION('',(0.,0.,1.));
#20202 = ORIENTED_EDGE('',*,*,#14298,.F.);
#20203 = ORIENTED_EDGE('',*,*,#20197,.F.);
#20204 = CYLINDRICAL_SURFACE('',#20205,0.875);
#20205 = AXIS2_PLACEMENT_3D('',#20206,#20207,#20208);
#20206 = CARTESIAN_POINT('',(94.56,-28.59,-4.6E-02));
#20207 = DIRECTION('',(-0.,-0.,-1.));
#20208 = DIRECTION('',(-0.,-1.,0.));
#20209 = ADVANCED_FACE('',(#20210),#20221,.F.);
#20210 = FACE_BOUND('',#20211,.T.);
#20211 = EDGE_LOOP('',(#20212,#20213,#20219,#20220));
#20212 = ORIENTED_EDGE('',*,*,#10481,.T.);
#20213 = ORIENTED_EDGE('',*,*,#20214,.T.);
#20214 = EDGE_CURVE('',#10482,#14310,#20215,.T.);
#20215 = LINE('',#20216,#20217);
#20216 = CARTESIAN_POINT('',(99.64,-30.5839,-4.6E-02));
#20217 = VECTOR('',#20218,1.);
#20218 = DIRECTION('',(0.,0.,1.));
#20219 = ORIENTED_EDGE('',*,*,#14309,.F.);
#20220 = ORIENTED_EDGE('',*,*,#20214,.F.);
#20221 = CYLINDRICAL_SURFACE('',#20222,1.9939);
#20222 = AXIS2_PLACEMENT_3D('',#20223,#20224,#20225);
#20223 = CARTESIAN_POINT('',(99.64,-28.59,-4.6E-02));
#20224 = DIRECTION('',(-0.,-0.,-1.));
#20225 = DIRECTION('',(-0.,-1.,0.));
#20226 = ADVANCED_FACE('',(#20227),#20238,.F.);
#20227 = FACE_BOUND('',#20228,.T.);
#20228 = EDGE_LOOP('',(#20229,#20230,#20236,#20237));
#20229 = ORIENTED_EDGE('',*,*,#10492,.T.);
#20230 = ORIENTED_EDGE('',*,*,#20231,.T.);
#20231 = EDGE_CURVE('',#10493,#14321,#20232,.T.);
#20232 = LINE('',#20233,#20234);
#20233 = CARTESIAN_POINT('',(95.83,-26.785,-4.6E-02));
#20234 = VECTOR('',#20235,1.);
#20235 = DIRECTION('',(0.,0.,1.));
#20236 = ORIENTED_EDGE('',*,*,#14320,.F.);
#20237 = ORIENTED_EDGE('',*,*,#20231,.F.);
#20238 = CYLINDRICAL_SURFACE('',#20239,0.735);
#20239 = AXIS2_PLACEMENT_3D('',#20240,#20241,#20242);
#20240 = CARTESIAN_POINT('',(95.83,-26.05,-4.6E-02));
#20241 = DIRECTION('',(-0.,-0.,-1.));
#20242 = DIRECTION('',(-0.,-1.,0.));
#20243 = ADVANCED_FACE('',(#20244),#20255,.F.);
#20244 = FACE_BOUND('',#20245,.T.);
#20245 = EDGE_LOOP('',(#20246,#20247,#20253,#20254));
#20246 = ORIENTED_EDGE('',*,*,#10503,.T.);
#20247 = ORIENTED_EDGE('',*,*,#20248,.T.);
#20248 = EDGE_CURVE('',#10504,#14332,#20249,.T.);
#20249 = LINE('',#20250,#20251);
#20250 = CARTESIAN_POINT('',(104.72,-29.465,-4.6E-02));
#20251 = VECTOR('',#20252,1.);
#20252 = DIRECTION('',(0.,0.,1.));
#20253 = ORIENTED_EDGE('',*,*,#14331,.F.);
#20254 = ORIENTED_EDGE('',*,*,#20248,.F.);
#20255 = CYLINDRICAL_SURFACE('',#20256,0.875);
#20256 = AXIS2_PLACEMENT_3D('',#20257,#20258,#20259);
#20257 = CARTESIAN_POINT('',(104.72,-28.59,-4.6E-02));
#20258 = DIRECTION('',(-0.,-0.,-1.));
#20259 = DIRECTION('',(-0.,-1.,0.));
#20260 = ADVANCED_FACE('',(#20261),#20272,.F.);
#20261 = FACE_BOUND('',#20262,.T.);
#20262 = EDGE_LOOP('',(#20263,#20264,#20270,#20271));
#20263 = ORIENTED_EDGE('',*,*,#10514,.T.);
#20264 = ORIENTED_EDGE('',*,*,#20265,.T.);
#20265 = EDGE_CURVE('',#10515,#14343,#20266,.T.);
#20266 = LINE('',#20267,#20268);
#20267 = CARTESIAN_POINT('',(113.61,-29.465,-4.6E-02));
#20268 = VECTOR('',#20269,1.);
#20269 = DIRECTION('',(0.,0.,1.));
#20270 = ORIENTED_EDGE('',*,*,#14342,.F.);
#20271 = ORIENTED_EDGE('',*,*,#20265,.F.);
#20272 = CYLINDRICAL_SURFACE('',#20273,0.875);
#20273 = AXIS2_PLACEMENT_3D('',#20274,#20275,#20276);
#20274 = CARTESIAN_POINT('',(113.61,-28.59,-4.6E-02));
#20275 = DIRECTION('',(-0.,-0.,-1.));
#20276 = DIRECTION('',(-0.,-1.,0.));
#20277 = ADVANCED_FACE('',(#20278),#20289,.F.);
#20278 = FACE_BOUND('',#20279,.T.);
#20279 = EDGE_LOOP('',(#20280,#20281,#20287,#20288));
#20280 = ORIENTED_EDGE('',*,*,#10525,.T.);
#20281 = ORIENTED_EDGE('',*,*,#20282,.T.);
#20282 = EDGE_CURVE('',#10526,#14354,#20283,.T.);
#20283 = LINE('',#20284,#20285);
#20284 = CARTESIAN_POINT('',(118.69,-30.5839,-4.6E-02));
#20285 = VECTOR('',#20286,1.);
#20286 = DIRECTION('',(0.,0.,1.));
#20287 = ORIENTED_EDGE('',*,*,#14353,.F.);
#20288 = ORIENTED_EDGE('',*,*,#20282,.F.);
#20289 = CYLINDRICAL_SURFACE('',#20290,1.9939);
#20290 = AXIS2_PLACEMENT_3D('',#20291,#20292,#20293);
#20291 = CARTESIAN_POINT('',(118.69,-28.59,-4.6E-02));
#20292 = DIRECTION('',(-0.,-0.,-1.));
#20293 = DIRECTION('',(-0.,-1.,0.));
#20294 = ADVANCED_FACE('',(#20295),#20306,.F.);
#20295 = FACE_BOUND('',#20296,.T.);
#20296 = EDGE_LOOP('',(#20297,#20298,#20304,#20305));
#20297 = ORIENTED_EDGE('',*,*,#10536,.T.);
#20298 = ORIENTED_EDGE('',*,*,#20299,.T.);
#20299 = EDGE_CURVE('',#10537,#14365,#20300,.T.);
#20300 = LINE('',#20301,#20302);
#20301 = CARTESIAN_POINT('',(123.77,-29.465,-4.6E-02));
#20302 = VECTOR('',#20303,1.);
#20303 = DIRECTION('',(0.,0.,1.));
#20304 = ORIENTED_EDGE('',*,*,#14364,.F.);
#20305 = ORIENTED_EDGE('',*,*,#20299,.F.);
#20306 = CYLINDRICAL_SURFACE('',#20307,0.875);
#20307 = AXIS2_PLACEMENT_3D('',#20308,#20309,#20310);
#20308 = CARTESIAN_POINT('',(123.77,-28.59,-4.6E-02));
#20309 = DIRECTION('',(-0.,-0.,-1.));
#20310 = DIRECTION('',(-0.,-1.,0.));
#20311 = ADVANCED_FACE('',(#20312),#20323,.F.);
#20312 = FACE_BOUND('',#20313,.T.);
#20313 = EDGE_LOOP('',(#20314,#20315,#20321,#20322));
#20314 = ORIENTED_EDGE('',*,*,#10547,.T.);
#20315 = ORIENTED_EDGE('',*,*,#20316,.T.);
#20316 = EDGE_CURVE('',#10548,#14376,#20317,.T.);
#20317 = LINE('',#20318,#20319);
#20318 = CARTESIAN_POINT('',(114.88,-26.785,-4.6E-02));
#20319 = VECTOR('',#20320,1.);
#20320 = DIRECTION('',(0.,0.,1.));
#20321 = ORIENTED_EDGE('',*,*,#14375,.F.);
#20322 = ORIENTED_EDGE('',*,*,#20316,.F.);
#20323 = CYLINDRICAL_SURFACE('',#20324,0.735);
#20324 = AXIS2_PLACEMENT_3D('',#20325,#20326,#20327);
#20325 = CARTESIAN_POINT('',(114.88,-26.05,-4.6E-02));
#20326 = DIRECTION('',(-0.,-0.,-1.));
#20327 = DIRECTION('',(-0.,-1.,0.));
#20328 = ADVANCED_FACE('',(#20329),#20340,.F.);
#20329 = FACE_BOUND('',#20330,.T.);
#20330 = EDGE_LOOP('',(#20331,#20332,#20338,#20339));
#20331 = ORIENTED_EDGE('',*,*,#10558,.T.);
#20332 = ORIENTED_EDGE('',*,*,#20333,.T.);
#20333 = EDGE_CURVE('',#10559,#14387,#20334,.T.);
#20334 = LINE('',#20335,#20336);
#20335 = CARTESIAN_POINT('',(83.13,-24.245,-4.6E-02));
#20336 = VECTOR('',#20337,1.);
#20337 = DIRECTION('',(0.,0.,1.));
#20338 = ORIENTED_EDGE('',*,*,#14386,.F.);
#20339 = ORIENTED_EDGE('',*,*,#20333,.F.);
#20340 = CYLINDRICAL_SURFACE('',#20341,0.735);
#20341 = AXIS2_PLACEMENT_3D('',#20342,#20343,#20344);
#20342 = CARTESIAN_POINT('',(83.13,-23.51,-4.6E-02));
#20343 = DIRECTION('',(-0.,-0.,-1.));
#20344 = DIRECTION('',(-0.,-1.,0.));
#20345 = ADVANCED_FACE('',(#20346),#20357,.F.);
#20346 = FACE_BOUND('',#20347,.T.);
#20347 = EDGE_LOOP('',(#20348,#20349,#20355,#20356));
#20348 = ORIENTED_EDGE('',*,*,#10569,.T.);
#20349 = ORIENTED_EDGE('',*,*,#20350,.T.);
#20350 = EDGE_CURVE('',#10570,#14398,#20351,.T.);
#20351 = LINE('',#20352,#20353);
#20352 = CARTESIAN_POINT('',(79.7962,-16.998119,-4.6E-02));
#20353 = VECTOR('',#20354,1.);
#20354 = DIRECTION('',(0.,0.,1.));
#20355 = ORIENTED_EDGE('',*,*,#14397,.F.);
#20356 = ORIENTED_EDGE('',*,*,#20350,.F.);
#20357 = CYLINDRICAL_SURFACE('',#20358,1.505);
#20358 = AXIS2_PLACEMENT_3D('',#20359,#20360,#20361);
#20359 = CARTESIAN_POINT('',(79.7962,-15.493119,-4.6E-02));
#20360 = DIRECTION('',(-0.,-0.,-1.));
#20361 = DIRECTION('',(-0.,-1.,0.));
#20362 = ADVANCED_FACE('',(#20363),#20374,.F.);
#20363 = FACE_BOUND('',#20364,.T.);
#20364 = EDGE_LOOP('',(#20365,#20366,#20372,#20373));
#20365 = ORIENTED_EDGE('',*,*,#10580,.T.);
#20366 = ORIENTED_EDGE('',*,*,#20367,.T.);
#20367 = EDGE_CURVE('',#10581,#14409,#20368,.T.);
#20368 = LINE('',#20369,#20370);
#20369 = CARTESIAN_POINT('',(102.18,-24.245,-4.6E-02));
#20370 = VECTOR('',#20371,1.);
#20371 = DIRECTION('',(0.,0.,1.));
#20372 = ORIENTED_EDGE('',*,*,#14408,.F.);
#20373 = ORIENTED_EDGE('',*,*,#20367,.F.);
#20374 = CYLINDRICAL_SURFACE('',#20375,0.735);
#20375 = AXIS2_PLACEMENT_3D('',#20376,#20377,#20378);
#20376 = CARTESIAN_POINT('',(102.18,-23.51,-4.6E-02));
#20377 = DIRECTION('',(-0.,-0.,-1.));
#20378 = DIRECTION('',(-0.,-1.,0.));
#20379 = ADVANCED_FACE('',(#20380),#20391,.F.);
#20380 = FACE_BOUND('',#20381,.T.);
#20381 = EDGE_LOOP('',(#20382,#20383,#20389,#20390));
#20382 = ORIENTED_EDGE('',*,*,#10591,.T.);
#20383 = ORIENTED_EDGE('',*,*,#20384,.T.);
#20384 = EDGE_CURVE('',#10592,#14420,#20385,.T.);
#20385 = LINE('',#20386,#20387);
#20386 = CARTESIAN_POINT('',(121.23,-24.245,-4.6E-02));
#20387 = VECTOR('',#20388,1.);
#20388 = DIRECTION('',(0.,0.,1.));
#20389 = ORIENTED_EDGE('',*,*,#14419,.F.);
#20390 = ORIENTED_EDGE('',*,*,#20384,.F.);
#20391 = CYLINDRICAL_SURFACE('',#20392,0.735);
#20392 = AXIS2_PLACEMENT_3D('',#20393,#20394,#20395);
#20393 = CARTESIAN_POINT('',(121.23,-23.51,-4.6E-02));
#20394 = DIRECTION('',(-0.,-0.,-1.));
#20395 = DIRECTION('',(-0.,-1.,0.));
#20396 = ADVANCED_FACE('',(#20397),#20408,.F.);
#20397 = FACE_BOUND('',#20398,.T.);
#20398 = EDGE_LOOP('',(#20399,#20400,#20406,#20407));
#20399 = ORIENTED_EDGE('',*,*,#10602,.T.);
#20400 = ORIENTED_EDGE('',*,*,#20401,.T.);
#20401 = EDGE_CURVE('',#10603,#14431,#20402,.T.);
#20402 = LINE('',#20403,#20404);
#20403 = CARTESIAN_POINT('',(132.66,-48.515,-4.6E-02));
#20404 = VECTOR('',#20405,1.);
#20405 = DIRECTION('',(0.,0.,1.));
#20406 = ORIENTED_EDGE('',*,*,#14430,.F.);
#20407 = ORIENTED_EDGE('',*,*,#20401,.F.);
#20408 = CYLINDRICAL_SURFACE('',#20409,0.875);
#20409 = AXIS2_PLACEMENT_3D('',#20410,#20411,#20412);
#20410 = CARTESIAN_POINT('',(132.66,-47.64,-4.6E-02));
#20411 = DIRECTION('',(-0.,-0.,-1.));
#20412 = DIRECTION('',(-0.,-1.,0.));
#20413 = ADVANCED_FACE('',(#20414),#20425,.F.);
#20414 = FACE_BOUND('',#20415,.T.);
#20415 = EDGE_LOOP('',(#20416,#20417,#20423,#20424));
#20416 = ORIENTED_EDGE('',*,*,#10613,.T.);
#20417 = ORIENTED_EDGE('',*,*,#20418,.T.);
#20418 = EDGE_CURVE('',#10614,#14442,#20419,.T.);
#20419 = LINE('',#20420,#20421);
#20420 = CARTESIAN_POINT('',(137.74,-49.6339,-4.6E-02));
#20421 = VECTOR('',#20422,1.);
#20422 = DIRECTION('',(0.,0.,1.));
#20423 = ORIENTED_EDGE('',*,*,#14441,.F.);
#20424 = ORIENTED_EDGE('',*,*,#20418,.F.);
#20425 = CYLINDRICAL_SURFACE('',#20426,1.9939);
#20426 = AXIS2_PLACEMENT_3D('',#20427,#20428,#20429);
#20427 = CARTESIAN_POINT('',(137.74,-47.64,-4.6E-02));
#20428 = DIRECTION('',(-0.,-0.,-1.));
#20429 = DIRECTION('',(-0.,-1.,0.));
#20430 = ADVANCED_FACE('',(#20431),#20442,.F.);
#20431 = FACE_BOUND('',#20432,.T.);
#20432 = EDGE_LOOP('',(#20433,#20434,#20440,#20441));
#20433 = ORIENTED_EDGE('',*,*,#10624,.T.);
#20434 = ORIENTED_EDGE('',*,*,#20435,.T.);
#20435 = EDGE_CURVE('',#10625,#14453,#20436,.T.);
#20436 = LINE('',#20437,#20438);
#20437 = CARTESIAN_POINT('',(142.82,-48.515,-4.6E-02));
#20438 = VECTOR('',#20439,1.);
#20439 = DIRECTION('',(0.,0.,1.));
#20440 = ORIENTED_EDGE('',*,*,#14452,.F.);
#20441 = ORIENTED_EDGE('',*,*,#20435,.F.);
#20442 = CYLINDRICAL_SURFACE('',#20443,0.875);
#20443 = AXIS2_PLACEMENT_3D('',#20444,#20445,#20446);
#20444 = CARTESIAN_POINT('',(142.82,-47.64,-4.6E-02));
#20445 = DIRECTION('',(-0.,-0.,-1.));
#20446 = DIRECTION('',(-0.,-1.,0.));
#20447 = ADVANCED_FACE('',(#20448),#20459,.F.);
#20448 = FACE_BOUND('',#20449,.T.);
#20449 = EDGE_LOOP('',(#20450,#20451,#20457,#20458));
#20450 = ORIENTED_EDGE('',*,*,#10635,.T.);
#20451 = ORIENTED_EDGE('',*,*,#20452,.T.);
#20452 = EDGE_CURVE('',#10636,#14464,#20453,.T.);
#20453 = LINE('',#20454,#20455);
#20454 = CARTESIAN_POINT('',(151.71,-48.515,-4.6E-02));
#20455 = VECTOR('',#20456,1.);
#20456 = DIRECTION('',(0.,0.,1.));
#20457 = ORIENTED_EDGE('',*,*,#14463,.F.);
#20458 = ORIENTED_EDGE('',*,*,#20452,.F.);
#20459 = CYLINDRICAL_SURFACE('',#20460,0.875);
#20460 = AXIS2_PLACEMENT_3D('',#20461,#20462,#20463);
#20461 = CARTESIAN_POINT('',(151.71,-47.64,-4.6E-02));
#20462 = DIRECTION('',(-0.,-0.,-1.));
#20463 = DIRECTION('',(-0.,-1.,0.));
#20464 = ADVANCED_FACE('',(#20465),#20476,.F.);
#20465 = FACE_BOUND('',#20466,.T.);
#20466 = EDGE_LOOP('',(#20467,#20468,#20474,#20475));
#20467 = ORIENTED_EDGE('',*,*,#10646,.T.);
#20468 = ORIENTED_EDGE('',*,*,#20469,.T.);
#20469 = EDGE_CURVE('',#10647,#14475,#20470,.T.);
#20470 = LINE('',#20471,#20472);
#20471 = CARTESIAN_POINT('',(156.79,-49.6339,-4.6E-02));
#20472 = VECTOR('',#20473,1.);
#20473 = DIRECTION('',(0.,0.,1.));
#20474 = ORIENTED_EDGE('',*,*,#14474,.F.);
#20475 = ORIENTED_EDGE('',*,*,#20469,.F.);
#20476 = CYLINDRICAL_SURFACE('',#20477,1.9939);
#20477 = AXIS2_PLACEMENT_3D('',#20478,#20479,#20480);
#20478 = CARTESIAN_POINT('',(156.79,-47.64,-4.6E-02));
#20479 = DIRECTION('',(-0.,-0.,-1.));
#20480 = DIRECTION('',(-0.,-1.,0.));
#20481 = ADVANCED_FACE('',(#20482),#20493,.F.);
#20482 = FACE_BOUND('',#20483,.T.);
#20483 = EDGE_LOOP('',(#20484,#20485,#20491,#20492));
#20484 = ORIENTED_EDGE('',*,*,#10657,.T.);
#20485 = ORIENTED_EDGE('',*,*,#20486,.T.);
#20486 = EDGE_CURVE('',#10658,#14486,#20487,.T.);
#20487 = LINE('',#20488,#20489);
#20488 = CARTESIAN_POINT('',(161.87,-48.515,-4.6E-02));
#20489 = VECTOR('',#20490,1.);
#20490 = DIRECTION('',(0.,0.,1.));
#20491 = ORIENTED_EDGE('',*,*,#14485,.F.);
#20492 = ORIENTED_EDGE('',*,*,#20486,.F.);
#20493 = CYLINDRICAL_SURFACE('',#20494,0.875);
#20494 = AXIS2_PLACEMENT_3D('',#20495,#20496,#20497);
#20495 = CARTESIAN_POINT('',(161.87,-47.64,-4.6E-02));
#20496 = DIRECTION('',(-0.,-0.,-1.));
#20497 = DIRECTION('',(-0.,-1.,0.));
#20498 = ADVANCED_FACE('',(#20499),#20510,.F.);
#20499 = FACE_BOUND('',#20500,.T.);
#20500 = EDGE_LOOP('',(#20501,#20502,#20508,#20509));
#20501 = ORIENTED_EDGE('',*,*,#10668,.T.);
#20502 = ORIENTED_EDGE('',*,*,#20503,.T.);
#20503 = EDGE_CURVE('',#10669,#14497,#20504,.T.);
#20504 = LINE('',#20505,#20506);
#20505 = CARTESIAN_POINT('',(170.76,-48.515,-4.6E-02));
#20506 = VECTOR('',#20507,1.);
#20507 = DIRECTION('',(0.,0.,1.));
#20508 = ORIENTED_EDGE('',*,*,#14496,.F.);
#20509 = ORIENTED_EDGE('',*,*,#20503,.F.);
#20510 = CYLINDRICAL_SURFACE('',#20511,0.875);
#20511 = AXIS2_PLACEMENT_3D('',#20512,#20513,#20514);
#20512 = CARTESIAN_POINT('',(170.76,-47.64,-4.6E-02));
#20513 = DIRECTION('',(-0.,-0.,-1.));
#20514 = DIRECTION('',(-0.,-1.,0.));
#20515 = ADVANCED_FACE('',(#20516),#20527,.F.);
#20516 = FACE_BOUND('',#20517,.T.);
#20517 = EDGE_LOOP('',(#20518,#20519,#20525,#20526));
#20518 = ORIENTED_EDGE('',*,*,#10679,.T.);
#20519 = ORIENTED_EDGE('',*,*,#20520,.T.);
#20520 = EDGE_CURVE('',#10680,#14508,#20521,.T.);
#20521 = LINE('',#20522,#20523);
#20522 = CARTESIAN_POINT('',(175.84,-49.6339,-4.6E-02));
#20523 = VECTOR('',#20524,1.);
#20524 = DIRECTION('',(0.,0.,1.));
#20525 = ORIENTED_EDGE('',*,*,#14507,.F.);
#20526 = ORIENTED_EDGE('',*,*,#20520,.F.);
#20527 = CYLINDRICAL_SURFACE('',#20528,1.9939);
#20528 = AXIS2_PLACEMENT_3D('',#20529,#20530,#20531);
#20529 = CARTESIAN_POINT('',(175.84,-47.64,-4.6E-02));
#20530 = DIRECTION('',(-0.,-0.,-1.));
#20531 = DIRECTION('',(-0.,-1.,0.));
#20532 = ADVANCED_FACE('',(#20533),#20544,.F.);
#20533 = FACE_BOUND('',#20534,.T.);
#20534 = EDGE_LOOP('',(#20535,#20536,#20542,#20543));
#20535 = ORIENTED_EDGE('',*,*,#10690,.T.);
#20536 = ORIENTED_EDGE('',*,*,#20537,.T.);
#20537 = EDGE_CURVE('',#10691,#14519,#20538,.T.);
#20538 = LINE('',#20539,#20540);
#20539 = CARTESIAN_POINT('',(180.92,-48.515,-4.6E-02));
#20540 = VECTOR('',#20541,1.);
#20541 = DIRECTION('',(0.,0.,1.));
#20542 = ORIENTED_EDGE('',*,*,#14518,.F.);
#20543 = ORIENTED_EDGE('',*,*,#20537,.F.);
#20544 = CYLINDRICAL_SURFACE('',#20545,0.875);
#20545 = AXIS2_PLACEMENT_3D('',#20546,#20547,#20548);
#20546 = CARTESIAN_POINT('',(180.92,-47.64,-4.6E-02));
#20547 = DIRECTION('',(-0.,-0.,-1.));
#20548 = DIRECTION('',(-0.,-1.,0.));
#20549 = ADVANCED_FACE('',(#20550),#20561,.F.);
#20550 = FACE_BOUND('',#20551,.T.);
#20551 = EDGE_LOOP('',(#20552,#20553,#20559,#20560));
#20552 = ORIENTED_EDGE('',*,*,#10701,.T.);
#20553 = ORIENTED_EDGE('',*,*,#20554,.T.);
#20554 = EDGE_CURVE('',#10702,#14530,#20555,.T.);
#20555 = LINE('',#20556,#20557);
#20556 = CARTESIAN_POINT('',(133.93,-45.835,-4.6E-02));
#20557 = VECTOR('',#20558,1.);
#20558 = DIRECTION('',(0.,0.,1.));
#20559 = ORIENTED_EDGE('',*,*,#14529,.F.);
#20560 = ORIENTED_EDGE('',*,*,#20554,.F.);
#20561 = CYLINDRICAL_SURFACE('',#20562,0.735);
#20562 = AXIS2_PLACEMENT_3D('',#20563,#20564,#20565);
#20563 = CARTESIAN_POINT('',(133.93,-45.1,-4.6E-02));
#20564 = DIRECTION('',(-0.,-0.,-1.));
#20565 = DIRECTION('',(-0.,-1.,0.));
#20566 = ADVANCED_FACE('',(#20567),#20578,.F.);
#20567 = FACE_BOUND('',#20568,.T.);
#20568 = EDGE_LOOP('',(#20569,#20570,#20576,#20577));
#20569 = ORIENTED_EDGE('',*,*,#10712,.T.);
#20570 = ORIENTED_EDGE('',*,*,#20571,.T.);
#20571 = EDGE_CURVE('',#10713,#14541,#20572,.T.);
#20572 = LINE('',#20573,#20574);
#20573 = CARTESIAN_POINT('',(140.28,-43.295,-4.6E-02));
#20574 = VECTOR('',#20575,1.);
#20575 = DIRECTION('',(0.,0.,1.));
#20576 = ORIENTED_EDGE('',*,*,#14540,.F.);
#20577 = ORIENTED_EDGE('',*,*,#20571,.F.);
#20578 = CYLINDRICAL_SURFACE('',#20579,0.735);
#20579 = AXIS2_PLACEMENT_3D('',#20580,#20581,#20582);
#20580 = CARTESIAN_POINT('',(140.28,-42.56,-4.6E-02));
#20581 = DIRECTION('',(-0.,0.,-1.));
#20582 = DIRECTION('',(3.866899242232E-14,-1.,-0.));
#20583 = ADVANCED_FACE('',(#20584),#20595,.F.);
#20584 = FACE_BOUND('',#20585,.T.);
#20585 = EDGE_LOOP('',(#20586,#20587,#20593,#20594));
#20586 = ORIENTED_EDGE('',*,*,#10723,.T.);
#20587 = ORIENTED_EDGE('',*,*,#20588,.T.);
#20588 = EDGE_CURVE('',#10724,#14552,#20589,.T.);
#20589 = LINE('',#20590,#20591);
#20590 = CARTESIAN_POINT('',(152.98,-45.835,-4.6E-02));
#20591 = VECTOR('',#20592,1.);
#20592 = DIRECTION('',(0.,0.,1.));
#20593 = ORIENTED_EDGE('',*,*,#14551,.F.);
#20594 = ORIENTED_EDGE('',*,*,#20588,.F.);
#20595 = CYLINDRICAL_SURFACE('',#20596,0.735);
#20596 = AXIS2_PLACEMENT_3D('',#20597,#20598,#20599);
#20597 = CARTESIAN_POINT('',(152.98,-45.1,-4.6E-02));
#20598 = DIRECTION('',(-0.,-0.,-1.));
#20599 = DIRECTION('',(-3.866899242232E-14,-1.,0.));
#20600 = ADVANCED_FACE('',(#20601),#20612,.F.);
#20601 = FACE_BOUND('',#20602,.T.);
#20602 = EDGE_LOOP('',(#20603,#20604,#20610,#20611));
#20603 = ORIENTED_EDGE('',*,*,#10734,.T.);
#20604 = ORIENTED_EDGE('',*,*,#20605,.T.);
#20605 = EDGE_CURVE('',#10735,#14563,#20606,.T.);
#20606 = LINE('',#20607,#20608);
#20607 = CARTESIAN_POINT('',(159.33,-43.295,-4.6E-02));
#20608 = VECTOR('',#20609,1.);
#20609 = DIRECTION('',(0.,0.,1.));
#20610 = ORIENTED_EDGE('',*,*,#14562,.F.);
#20611 = ORIENTED_EDGE('',*,*,#20605,.F.);
#20612 = CYLINDRICAL_SURFACE('',#20613,0.735);
#20613 = AXIS2_PLACEMENT_3D('',#20614,#20615,#20616);
#20614 = CARTESIAN_POINT('',(159.33,-42.56,-4.6E-02));
#20615 = DIRECTION('',(-0.,0.,-1.));
#20616 = DIRECTION('',(3.866899242232E-14,-1.,-0.));
#20617 = ADVANCED_FACE('',(#20618),#20629,.F.);
#20618 = FACE_BOUND('',#20619,.T.);
#20619 = EDGE_LOOP('',(#20620,#20621,#20627,#20628));
#20620 = ORIENTED_EDGE('',*,*,#10745,.T.);
#20621 = ORIENTED_EDGE('',*,*,#20622,.T.);
#20622 = EDGE_CURVE('',#10746,#14574,#20623,.T.);
#20623 = LINE('',#20624,#20625);
#20624 = CARTESIAN_POINT('',(172.03,-45.835,-4.6E-02));
#20625 = VECTOR('',#20626,1.);
#20626 = DIRECTION('',(0.,0.,1.));
#20627 = ORIENTED_EDGE('',*,*,#14573,.F.);
#20628 = ORIENTED_EDGE('',*,*,#20622,.F.);
#20629 = CYLINDRICAL_SURFACE('',#20630,0.735);
#20630 = AXIS2_PLACEMENT_3D('',#20631,#20632,#20633);
#20631 = CARTESIAN_POINT('',(172.03,-45.1,-4.6E-02));
#20632 = DIRECTION('',(-0.,0.,-1.));
#20633 = DIRECTION('',(3.866899242232E-14,-1.,-0.));
#20634 = ADVANCED_FACE('',(#20635),#20646,.F.);
#20635 = FACE_BOUND('',#20636,.T.);
#20636 = EDGE_LOOP('',(#20637,#20638,#20644,#20645));
#20637 = ORIENTED_EDGE('',*,*,#10756,.T.);
#20638 = ORIENTED_EDGE('',*,*,#20639,.T.);
#20639 = EDGE_CURVE('',#10757,#14585,#20640,.T.);
#20640 = LINE('',#20641,#20642);
#20641 = CARTESIAN_POINT('',(178.38,-43.295,-4.6E-02));
#20642 = VECTOR('',#20643,1.);
#20643 = DIRECTION('',(0.,0.,1.));
#20644 = ORIENTED_EDGE('',*,*,#14584,.F.);
#20645 = ORIENTED_EDGE('',*,*,#20639,.F.);
#20646 = CYLINDRICAL_SURFACE('',#20647,0.735);
#20647 = AXIS2_PLACEMENT_3D('',#20648,#20649,#20650);
#20648 = CARTESIAN_POINT('',(178.38,-42.56,-4.6E-02));
#20649 = DIRECTION('',(-0.,-0.,-1.));
#20650 = DIRECTION('',(-0.,-1.,0.));
#20651 = ADVANCED_FACE('',(#20652),#20663,.F.);
#20652 = FACE_BOUND('',#20653,.T.);
#20653 = EDGE_LOOP('',(#20654,#20655,#20661,#20662));
#20654 = ORIENTED_EDGE('',*,*,#10767,.T.);
#20655 = ORIENTED_EDGE('',*,*,#20656,.T.);
#20656 = EDGE_CURVE('',#10768,#14596,#20657,.T.);
#20657 = LINE('',#20658,#20659);
#20658 = CARTESIAN_POINT('',(189.81,-48.515,-4.6E-02));
#20659 = VECTOR('',#20660,1.);
#20660 = DIRECTION('',(0.,0.,1.));
#20661 = ORIENTED_EDGE('',*,*,#14595,.F.);
#20662 = ORIENTED_EDGE('',*,*,#20656,.F.);
#20663 = CYLINDRICAL_SURFACE('',#20664,0.875);
#20664 = AXIS2_PLACEMENT_3D('',#20665,#20666,#20667);
#20665 = CARTESIAN_POINT('',(189.81,-47.64,-4.6E-02));
#20666 = DIRECTION('',(-0.,-0.,-1.));
#20667 = DIRECTION('',(-0.,-1.,0.));
#20668 = ADVANCED_FACE('',(#20669),#20680,.F.);
#20669 = FACE_BOUND('',#20670,.T.);
#20670 = EDGE_LOOP('',(#20671,#20672,#20678,#20679));
#20671 = ORIENTED_EDGE('',*,*,#10778,.T.);
#20672 = ORIENTED_EDGE('',*,*,#20673,.T.);
#20673 = EDGE_CURVE('',#10779,#14607,#20674,.T.);
#20674 = LINE('',#20675,#20676);
#20675 = CARTESIAN_POINT('',(194.89,-49.6339,-4.6E-02));
#20676 = VECTOR('',#20677,1.);
#20677 = DIRECTION('',(0.,0.,1.));
#20678 = ORIENTED_EDGE('',*,*,#14606,.F.);
#20679 = ORIENTED_EDGE('',*,*,#20673,.F.);
#20680 = CYLINDRICAL_SURFACE('',#20681,1.9939);
#20681 = AXIS2_PLACEMENT_3D('',#20682,#20683,#20684);
#20682 = CARTESIAN_POINT('',(194.89,-47.64,-4.6E-02));
#20683 = DIRECTION('',(-0.,-0.,-1.));
#20684 = DIRECTION('',(-0.,-1.,0.));
#20685 = ADVANCED_FACE('',(#20686),#20697,.F.);
#20686 = FACE_BOUND('',#20687,.T.);
#20687 = EDGE_LOOP('',(#20688,#20689,#20695,#20696));
#20688 = ORIENTED_EDGE('',*,*,#10789,.T.);
#20689 = ORIENTED_EDGE('',*,*,#20690,.T.);
#20690 = EDGE_CURVE('',#10790,#14618,#20691,.T.);
#20691 = LINE('',#20692,#20693);
#20692 = CARTESIAN_POINT('',(199.97,-48.515,-4.6E-02));
#20693 = VECTOR('',#20694,1.);
#20694 = DIRECTION('',(0.,0.,1.));
#20695 = ORIENTED_EDGE('',*,*,#14617,.F.);
#20696 = ORIENTED_EDGE('',*,*,#20690,.F.);
#20697 = CYLINDRICAL_SURFACE('',#20698,0.875);
#20698 = AXIS2_PLACEMENT_3D('',#20699,#20700,#20701);
#20699 = CARTESIAN_POINT('',(199.97,-47.64,-4.6E-02));
#20700 = DIRECTION('',(-0.,-0.,-1.));
#20701 = DIRECTION('',(-0.,-1.,0.));
#20702 = ADVANCED_FACE('',(#20703),#20714,.F.);
#20703 = FACE_BOUND('',#20704,.T.);
#20704 = EDGE_LOOP('',(#20705,#20706,#20712,#20713));
#20705 = ORIENTED_EDGE('',*,*,#10800,.T.);
#20706 = ORIENTED_EDGE('',*,*,#20707,.T.);
#20707 = EDGE_CURVE('',#10801,#14629,#20708,.T.);
#20708 = LINE('',#20709,#20710);
#20709 = CARTESIAN_POINT('',(208.86,-48.515,-4.6E-02));
#20710 = VECTOR('',#20711,1.);
#20711 = DIRECTION('',(0.,0.,1.));
#20712 = ORIENTED_EDGE('',*,*,#14628,.F.);
#20713 = ORIENTED_EDGE('',*,*,#20707,.F.);
#20714 = CYLINDRICAL_SURFACE('',#20715,0.875);
#20715 = AXIS2_PLACEMENT_3D('',#20716,#20717,#20718);
#20716 = CARTESIAN_POINT('',(208.86,-47.64,-4.6E-02));
#20717 = DIRECTION('',(-0.,-0.,-1.));
#20718 = DIRECTION('',(-0.,-1.,0.));
#20719 = ADVANCED_FACE('',(#20720),#20731,.F.);
#20720 = FACE_BOUND('',#20721,.T.);
#20721 = EDGE_LOOP('',(#20722,#20723,#20729,#20730));
#20722 = ORIENTED_EDGE('',*,*,#10811,.T.);
#20723 = ORIENTED_EDGE('',*,*,#20724,.T.);
#20724 = EDGE_CURVE('',#10812,#14640,#20725,.T.);
#20725 = LINE('',#20726,#20727);
#20726 = CARTESIAN_POINT('',(213.94,-49.6339,-4.6E-02));
#20727 = VECTOR('',#20728,1.);
#20728 = DIRECTION('',(0.,0.,1.));
#20729 = ORIENTED_EDGE('',*,*,#14639,.F.);
#20730 = ORIENTED_EDGE('',*,*,#20724,.F.);
#20731 = CYLINDRICAL_SURFACE('',#20732,1.9939);
#20732 = AXIS2_PLACEMENT_3D('',#20733,#20734,#20735);
#20733 = CARTESIAN_POINT('',(213.94,-47.64,-4.6E-02));
#20734 = DIRECTION('',(-0.,-0.,-1.));
#20735 = DIRECTION('',(-0.,-1.,0.));
#20736 = ADVANCED_FACE('',(#20737),#20748,.F.);
#20737 = FACE_BOUND('',#20738,.T.);
#20738 = EDGE_LOOP('',(#20739,#20740,#20746,#20747));
#20739 = ORIENTED_EDGE('',*,*,#10822,.T.);
#20740 = ORIENTED_EDGE('',*,*,#20741,.T.);
#20741 = EDGE_CURVE('',#10823,#14651,#20742,.T.);
#20742 = LINE('',#20743,#20744);
#20743 = CARTESIAN_POINT('',(219.02,-48.515,-4.6E-02));
#20744 = VECTOR('',#20745,1.);
#20745 = DIRECTION('',(0.,0.,1.));
#20746 = ORIENTED_EDGE('',*,*,#14650,.F.);
#20747 = ORIENTED_EDGE('',*,*,#20741,.F.);
#20748 = CYLINDRICAL_SURFACE('',#20749,0.875);
#20749 = AXIS2_PLACEMENT_3D('',#20750,#20751,#20752);
#20750 = CARTESIAN_POINT('',(219.02,-47.64,-4.6E-02));
#20751 = DIRECTION('',(-0.,-0.,-1.));
#20752 = DIRECTION('',(-0.,-1.,0.));
#20753 = ADVANCED_FACE('',(#20754),#20765,.F.);
#20754 = FACE_BOUND('',#20755,.T.);
#20755 = EDGE_LOOP('',(#20756,#20757,#20763,#20764));
#20756 = ORIENTED_EDGE('',*,*,#10833,.T.);
#20757 = ORIENTED_EDGE('',*,*,#20758,.T.);
#20758 = EDGE_CURVE('',#10834,#14662,#20759,.T.);
#20759 = LINE('',#20760,#20761);
#20760 = CARTESIAN_POINT('',(227.91,-48.515,-4.6E-02));
#20761 = VECTOR('',#20762,1.);
#20762 = DIRECTION('',(0.,0.,1.));
#20763 = ORIENTED_EDGE('',*,*,#14661,.F.);
#20764 = ORIENTED_EDGE('',*,*,#20758,.F.);
#20765 = CYLINDRICAL_SURFACE('',#20766,0.875);
#20766 = AXIS2_PLACEMENT_3D('',#20767,#20768,#20769);
#20767 = CARTESIAN_POINT('',(227.91,-47.64,-4.6E-02));
#20768 = DIRECTION('',(-0.,-0.,-1.));
#20769 = DIRECTION('',(-0.,-1.,0.));
#20770 = ADVANCED_FACE('',(#20771),#20782,.F.);
#20771 = FACE_BOUND('',#20772,.T.);
#20772 = EDGE_LOOP('',(#20773,#20774,#20780,#20781));
#20773 = ORIENTED_EDGE('',*,*,#10844,.T.);
#20774 = ORIENTED_EDGE('',*,*,#20775,.T.);
#20775 = EDGE_CURVE('',#10845,#14673,#20776,.T.);
#20776 = LINE('',#20777,#20778);
#20777 = CARTESIAN_POINT('',(232.99,-49.6339,-4.6E-02));
#20778 = VECTOR('',#20779,1.);
#20779 = DIRECTION('',(0.,0.,1.));
#20780 = ORIENTED_EDGE('',*,*,#14672,.F.);
#20781 = ORIENTED_EDGE('',*,*,#20775,.F.);
#20782 = CYLINDRICAL_SURFACE('',#20783,1.9939);
#20783 = AXIS2_PLACEMENT_3D('',#20784,#20785,#20786);
#20784 = CARTESIAN_POINT('',(232.99,-47.64,-4.6E-02));
#20785 = DIRECTION('',(-0.,-0.,-1.));
#20786 = DIRECTION('',(-0.,-1.,0.));
#20787 = ADVANCED_FACE('',(#20788),#20799,.F.);
#20788 = FACE_BOUND('',#20789,.T.);
#20789 = EDGE_LOOP('',(#20790,#20791,#20797,#20798));
#20790 = ORIENTED_EDGE('',*,*,#10855,.T.);
#20791 = ORIENTED_EDGE('',*,*,#20792,.T.);
#20792 = EDGE_CURVE('',#10856,#14684,#20793,.T.);
#20793 = LINE('',#20794,#20795);
#20794 = CARTESIAN_POINT('',(238.07,-48.515,-4.6E-02));
#20795 = VECTOR('',#20796,1.);
#20796 = DIRECTION('',(0.,0.,1.));
#20797 = ORIENTED_EDGE('',*,*,#14683,.F.);
#20798 = ORIENTED_EDGE('',*,*,#20792,.F.);
#20799 = CYLINDRICAL_SURFACE('',#20800,0.875);
#20800 = AXIS2_PLACEMENT_3D('',#20801,#20802,#20803);
#20801 = CARTESIAN_POINT('',(238.07,-47.64,-4.6E-02));
#20802 = DIRECTION('',(-0.,-0.,-1.));
#20803 = DIRECTION('',(-0.,-1.,0.));
#20804 = ADVANCED_FACE('',(#20805),#20816,.F.);
#20805 = FACE_BOUND('',#20806,.T.);
#20806 = EDGE_LOOP('',(#20807,#20808,#20814,#20815));
#20807 = ORIENTED_EDGE('',*,*,#10866,.T.);
#20808 = ORIENTED_EDGE('',*,*,#20809,.T.);
#20809 = EDGE_CURVE('',#10867,#14695,#20810,.T.);
#20810 = LINE('',#20811,#20812);
#20811 = CARTESIAN_POINT('',(191.08,-45.835,-4.6E-02));
#20812 = VECTOR('',#20813,1.);
#20813 = DIRECTION('',(0.,0.,1.));
#20814 = ORIENTED_EDGE('',*,*,#14694,.F.);
#20815 = ORIENTED_EDGE('',*,*,#20809,.F.);
#20816 = CYLINDRICAL_SURFACE('',#20817,0.735);
#20817 = AXIS2_PLACEMENT_3D('',#20818,#20819,#20820);
#20818 = CARTESIAN_POINT('',(191.08,-45.1,-4.6E-02));
#20819 = DIRECTION('',(-0.,0.,-1.));
#20820 = DIRECTION('',(3.866899242232E-14,-1.,-0.));
#20821 = ADVANCED_FACE('',(#20822),#20833,.F.);
#20822 = FACE_BOUND('',#20823,.T.);
#20823 = EDGE_LOOP('',(#20824,#20825,#20831,#20832));
#20824 = ORIENTED_EDGE('',*,*,#10877,.T.);
#20825 = ORIENTED_EDGE('',*,*,#20826,.T.);
#20826 = EDGE_CURVE('',#10878,#14706,#20827,.T.);
#20827 = LINE('',#20828,#20829);
#20828 = CARTESIAN_POINT('',(210.13,-45.835,-4.6E-02));
#20829 = VECTOR('',#20830,1.);
#20830 = DIRECTION('',(0.,0.,1.));
#20831 = ORIENTED_EDGE('',*,*,#14705,.F.);
#20832 = ORIENTED_EDGE('',*,*,#20826,.F.);
#20833 = CYLINDRICAL_SURFACE('',#20834,0.735);
#20834 = AXIS2_PLACEMENT_3D('',#20835,#20836,#20837);
#20835 = CARTESIAN_POINT('',(210.13,-45.1,-4.6E-02));
#20836 = DIRECTION('',(-0.,-0.,-1.));
#20837 = DIRECTION('',(-0.,-1.,0.));
#20838 = ADVANCED_FACE('',(#20839),#20850,.F.);
#20839 = FACE_BOUND('',#20840,.T.);
#20840 = EDGE_LOOP('',(#20841,#20842,#20848,#20849));
#20841 = ORIENTED_EDGE('',*,*,#10888,.T.);
#20842 = ORIENTED_EDGE('',*,*,#20843,.T.);
#20843 = EDGE_CURVE('',#10889,#14717,#20844,.T.);
#20844 = LINE('',#20845,#20846);
#20845 = CARTESIAN_POINT('',(197.43,-43.295,-4.6E-02));
#20846 = VECTOR('',#20847,1.);
#20847 = DIRECTION('',(0.,0.,1.));
#20848 = ORIENTED_EDGE('',*,*,#14716,.F.);
#20849 = ORIENTED_EDGE('',*,*,#20843,.F.);
#20850 = CYLINDRICAL_SURFACE('',#20851,0.735);
#20851 = AXIS2_PLACEMENT_3D('',#20852,#20853,#20854);
#20852 = CARTESIAN_POINT('',(197.43,-42.56,-4.6E-02));
#20853 = DIRECTION('',(-0.,-0.,-1.));
#20854 = DIRECTION('',(-0.,-1.,0.));
#20855 = ADVANCED_FACE('',(#20856),#20867,.F.);
#20856 = FACE_BOUND('',#20857,.T.);
#20857 = EDGE_LOOP('',(#20858,#20859,#20865,#20866));
#20858 = ORIENTED_EDGE('',*,*,#10899,.T.);
#20859 = ORIENTED_EDGE('',*,*,#20860,.T.);
#20860 = EDGE_CURVE('',#10900,#14728,#20861,.T.);
#20861 = LINE('',#20862,#20863);
#20862 = CARTESIAN_POINT('',(216.48,-43.295,-4.6E-02));
#20863 = VECTOR('',#20864,1.);
#20864 = DIRECTION('',(0.,0.,1.));
#20865 = ORIENTED_EDGE('',*,*,#14727,.F.);
#20866 = ORIENTED_EDGE('',*,*,#20860,.F.);
#20867 = CYLINDRICAL_SURFACE('',#20868,0.735);
#20868 = AXIS2_PLACEMENT_3D('',#20869,#20870,#20871);
#20869 = CARTESIAN_POINT('',(216.48,-42.56,-4.6E-02));
#20870 = DIRECTION('',(-0.,-0.,-1.));
#20871 = DIRECTION('',(-3.866899242232E-14,-1.,0.));
#20872 = ADVANCED_FACE('',(#20873),#20884,.F.);
#20873 = FACE_BOUND('',#20874,.T.);
#20874 = EDGE_LOOP('',(#20875,#20876,#20882,#20883));
#20875 = ORIENTED_EDGE('',*,*,#10910,.T.);
#20876 = ORIENTED_EDGE('',*,*,#20877,.T.);
#20877 = EDGE_CURVE('',#10911,#14739,#20878,.T.);
#20878 = LINE('',#20879,#20880);
#20879 = CARTESIAN_POINT('',(229.18,-45.835,-4.6E-02));
#20880 = VECTOR('',#20881,1.);
#20881 = DIRECTION('',(0.,0.,1.));
#20882 = ORIENTED_EDGE('',*,*,#14738,.F.);
#20883 = ORIENTED_EDGE('',*,*,#20877,.F.);
#20884 = CYLINDRICAL_SURFACE('',#20885,0.735);
#20885 = AXIS2_PLACEMENT_3D('',#20886,#20887,#20888);
#20886 = CARTESIAN_POINT('',(229.18,-45.1,-4.6E-02));
#20887 = DIRECTION('',(-0.,-0.,-1.));
#20888 = DIRECTION('',(-0.,-1.,0.));
#20889 = ADVANCED_FACE('',(#20890),#20901,.F.);
#20890 = FACE_BOUND('',#20891,.T.);
#20891 = EDGE_LOOP('',(#20892,#20893,#20899,#20900));
#20892 = ORIENTED_EDGE('',*,*,#10921,.T.);
#20893 = ORIENTED_EDGE('',*,*,#20894,.T.);
#20894 = EDGE_CURVE('',#10922,#14750,#20895,.T.);
#20895 = LINE('',#20896,#20897);
#20896 = CARTESIAN_POINT('',(235.53,-43.295,-4.6E-02));
#20897 = VECTOR('',#20898,1.);
#20898 = DIRECTION('',(0.,0.,1.));
#20899 = ORIENTED_EDGE('',*,*,#14749,.F.);
#20900 = ORIENTED_EDGE('',*,*,#20894,.F.);
#20901 = CYLINDRICAL_SURFACE('',#20902,0.735);
#20902 = AXIS2_PLACEMENT_3D('',#20903,#20904,#20905);
#20903 = CARTESIAN_POINT('',(235.53,-42.56,-4.6E-02));
#20904 = DIRECTION('',(-0.,0.,-1.));
#20905 = DIRECTION('',(3.866899242232E-14,-1.,-0.));
#20906 = ADVANCED_FACE('',(#20907),#20918,.F.);
#20907 = FACE_BOUND('',#20908,.T.);
#20908 = EDGE_LOOP('',(#20909,#20910,#20916,#20917));
#20909 = ORIENTED_EDGE('',*,*,#10932,.T.);
#20910 = ORIENTED_EDGE('',*,*,#20911,.T.);
#20911 = EDGE_CURVE('',#10933,#14761,#20912,.T.);
#20912 = LINE('',#20913,#20914);
#20913 = CARTESIAN_POINT('',(132.66,-29.465,-4.6E-02));
#20914 = VECTOR('',#20915,1.);
#20915 = DIRECTION('',(0.,0.,1.));
#20916 = ORIENTED_EDGE('',*,*,#14760,.F.);
#20917 = ORIENTED_EDGE('',*,*,#20911,.F.);
#20918 = CYLINDRICAL_SURFACE('',#20919,0.875);
#20919 = AXIS2_PLACEMENT_3D('',#20920,#20921,#20922);
#20920 = CARTESIAN_POINT('',(132.66,-28.59,-4.6E-02));
#20921 = DIRECTION('',(-0.,-0.,-1.));
#20922 = DIRECTION('',(-0.,-1.,0.));
#20923 = ADVANCED_FACE('',(#20924),#20935,.F.);
#20924 = FACE_BOUND('',#20925,.T.);
#20925 = EDGE_LOOP('',(#20926,#20927,#20933,#20934));
#20926 = ORIENTED_EDGE('',*,*,#10943,.T.);
#20927 = ORIENTED_EDGE('',*,*,#20928,.T.);
#20928 = EDGE_CURVE('',#10944,#14772,#20929,.T.);
#20929 = LINE('',#20930,#20931);
#20930 = CARTESIAN_POINT('',(137.74,-30.5839,-4.6E-02));
#20931 = VECTOR('',#20932,1.);
#20932 = DIRECTION('',(0.,0.,1.));
#20933 = ORIENTED_EDGE('',*,*,#14771,.F.);
#20934 = ORIENTED_EDGE('',*,*,#20928,.F.);
#20935 = CYLINDRICAL_SURFACE('',#20936,1.9939);
#20936 = AXIS2_PLACEMENT_3D('',#20937,#20938,#20939);
#20937 = CARTESIAN_POINT('',(137.74,-28.59,-4.6E-02));
#20938 = DIRECTION('',(-0.,-0.,-1.));
#20939 = DIRECTION('',(-0.,-1.,0.));
#20940 = ADVANCED_FACE('',(#20941),#20952,.F.);
#20941 = FACE_BOUND('',#20942,.T.);
#20942 = EDGE_LOOP('',(#20943,#20944,#20950,#20951));
#20943 = ORIENTED_EDGE('',*,*,#10954,.T.);
#20944 = ORIENTED_EDGE('',*,*,#20945,.T.);
#20945 = EDGE_CURVE('',#10955,#14783,#20946,.T.);
#20946 = LINE('',#20947,#20948);
#20947 = CARTESIAN_POINT('',(133.93,-26.785,-4.6E-02));
#20948 = VECTOR('',#20949,1.);
#20949 = DIRECTION('',(0.,0.,1.));
#20950 = ORIENTED_EDGE('',*,*,#14782,.F.);
#20951 = ORIENTED_EDGE('',*,*,#20945,.F.);
#20952 = CYLINDRICAL_SURFACE('',#20953,0.735);
#20953 = AXIS2_PLACEMENT_3D('',#20954,#20955,#20956);
#20954 = CARTESIAN_POINT('',(133.93,-26.05,-4.6E-02));
#20955 = DIRECTION('',(-0.,-0.,-1.));
#20956 = DIRECTION('',(-0.,-1.,0.));
#20957 = ADVANCED_FACE('',(#20958),#20969,.F.);
#20958 = FACE_BOUND('',#20959,.T.);
#20959 = EDGE_LOOP('',(#20960,#20961,#20967,#20968));
#20960 = ORIENTED_EDGE('',*,*,#10965,.T.);
#20961 = ORIENTED_EDGE('',*,*,#20962,.T.);
#20962 = EDGE_CURVE('',#10966,#14794,#20963,.T.);
#20963 = LINE('',#20964,#20965);
#20964 = CARTESIAN_POINT('',(142.82,-29.465,-4.6E-02));
#20965 = VECTOR('',#20966,1.);
#20966 = DIRECTION('',(0.,0.,1.));
#20967 = ORIENTED_EDGE('',*,*,#14793,.F.);
#20968 = ORIENTED_EDGE('',*,*,#20962,.F.);
#20969 = CYLINDRICAL_SURFACE('',#20970,0.875);
#20970 = AXIS2_PLACEMENT_3D('',#20971,#20972,#20973);
#20971 = CARTESIAN_POINT('',(142.82,-28.59,-4.6E-02));
#20972 = DIRECTION('',(-0.,-0.,-1.));
#20973 = DIRECTION('',(-0.,-1.,0.));
#20974 = ADVANCED_FACE('',(#20975),#20986,.F.);
#20975 = FACE_BOUND('',#20976,.T.);
#20976 = EDGE_LOOP('',(#20977,#20978,#20984,#20985));
#20977 = ORIENTED_EDGE('',*,*,#10976,.T.);
#20978 = ORIENTED_EDGE('',*,*,#20979,.T.);
#20979 = EDGE_CURVE('',#10977,#14805,#20980,.T.);
#20980 = LINE('',#20981,#20982);
#20981 = CARTESIAN_POINT('',(151.71,-29.465,-4.6E-02));
#20982 = VECTOR('',#20983,1.);
#20983 = DIRECTION('',(0.,0.,1.));
#20984 = ORIENTED_EDGE('',*,*,#14804,.F.);
#20985 = ORIENTED_EDGE('',*,*,#20979,.F.);
#20986 = CYLINDRICAL_SURFACE('',#20987,0.875);
#20987 = AXIS2_PLACEMENT_3D('',#20988,#20989,#20990);
#20988 = CARTESIAN_POINT('',(151.71,-28.59,-4.6E-02));
#20989 = DIRECTION('',(-0.,-0.,-1.));
#20990 = DIRECTION('',(-0.,-1.,0.));
#20991 = ADVANCED_FACE('',(#20992),#21003,.F.);
#20992 = FACE_BOUND('',#20993,.T.);
#20993 = EDGE_LOOP('',(#20994,#20995,#21001,#21002));
#20994 = ORIENTED_EDGE('',*,*,#10987,.T.);
#20995 = ORIENTED_EDGE('',*,*,#20996,.T.);
#20996 = EDGE_CURVE('',#10988,#14816,#20997,.T.);
#20997 = LINE('',#20998,#20999);
#20998 = CARTESIAN_POINT('',(152.98,-26.785,-4.6E-02));
#20999 = VECTOR('',#21000,1.);
#21000 = DIRECTION('',(0.,0.,1.));
#21001 = ORIENTED_EDGE('',*,*,#14815,.F.);
#21002 = ORIENTED_EDGE('',*,*,#20996,.F.);
#21003 = CYLINDRICAL_SURFACE('',#21004,0.735);
#21004 = AXIS2_PLACEMENT_3D('',#21005,#21006,#21007);
#21005 = CARTESIAN_POINT('',(152.98,-26.05,-4.6E-02));
#21006 = DIRECTION('',(-0.,-0.,-1.));
#21007 = DIRECTION('',(-3.866899242232E-14,-1.,0.));
#21008 = ADVANCED_FACE('',(#21009),#21020,.F.);
#21009 = FACE_BOUND('',#21010,.T.);
#21010 = EDGE_LOOP('',(#21011,#21012,#21018,#21019));
#21011 = ORIENTED_EDGE('',*,*,#10998,.T.);
#21012 = ORIENTED_EDGE('',*,*,#21013,.T.);
#21013 = EDGE_CURVE('',#10999,#14827,#21014,.T.);
#21014 = LINE('',#21015,#21016);
#21015 = CARTESIAN_POINT('',(156.79,-30.5839,-4.6E-02));
#21016 = VECTOR('',#21017,1.);
#21017 = DIRECTION('',(0.,0.,1.));
#21018 = ORIENTED_EDGE('',*,*,#14826,.F.);
#21019 = ORIENTED_EDGE('',*,*,#21013,.F.);
#21020 = CYLINDRICAL_SURFACE('',#21021,1.9939);
#21021 = AXIS2_PLACEMENT_3D('',#21022,#21023,#21024);
#21022 = CARTESIAN_POINT('',(156.79,-28.59,-4.6E-02));
#21023 = DIRECTION('',(-0.,-0.,-1.));
#21024 = DIRECTION('',(-0.,-1.,0.));
#21025 = ADVANCED_FACE('',(#21026),#21037,.F.);
#21026 = FACE_BOUND('',#21027,.T.);
#21027 = EDGE_LOOP('',(#21028,#21029,#21035,#21036));
#21028 = ORIENTED_EDGE('',*,*,#11009,.T.);
#21029 = ORIENTED_EDGE('',*,*,#21030,.T.);
#21030 = EDGE_CURVE('',#11010,#14838,#21031,.T.);
#21031 = LINE('',#21032,#21033);
#21032 = CARTESIAN_POINT('',(161.87,-29.465,-4.6E-02));
#21033 = VECTOR('',#21034,1.);
#21034 = DIRECTION('',(0.,0.,1.));
#21035 = ORIENTED_EDGE('',*,*,#14837,.F.);
#21036 = ORIENTED_EDGE('',*,*,#21030,.F.);
#21037 = CYLINDRICAL_SURFACE('',#21038,0.875);
#21038 = AXIS2_PLACEMENT_3D('',#21039,#21040,#21041);
#21039 = CARTESIAN_POINT('',(161.87,-28.59,-4.6E-02));
#21040 = DIRECTION('',(-0.,-0.,-1.));
#21041 = DIRECTION('',(-0.,-1.,0.));
#21042 = ADVANCED_FACE('',(#21043),#21054,.F.);
#21043 = FACE_BOUND('',#21044,.T.);
#21044 = EDGE_LOOP('',(#21045,#21046,#21052,#21053));
#21045 = ORIENTED_EDGE('',*,*,#11020,.T.);
#21046 = ORIENTED_EDGE('',*,*,#21047,.T.);
#21047 = EDGE_CURVE('',#11021,#14849,#21048,.T.);
#21048 = LINE('',#21049,#21050);
#21049 = CARTESIAN_POINT('',(170.76,-29.465,-4.6E-02));
#21050 = VECTOR('',#21051,1.);
#21051 = DIRECTION('',(0.,0.,1.));
#21052 = ORIENTED_EDGE('',*,*,#14848,.F.);
#21053 = ORIENTED_EDGE('',*,*,#21047,.F.);
#21054 = CYLINDRICAL_SURFACE('',#21055,0.875);
#21055 = AXIS2_PLACEMENT_3D('',#21056,#21057,#21058);
#21056 = CARTESIAN_POINT('',(170.76,-28.59,-4.6E-02));
#21057 = DIRECTION('',(-0.,-0.,-1.));
#21058 = DIRECTION('',(-0.,-1.,0.));
#21059 = ADVANCED_FACE('',(#21060),#21071,.F.);
#21060 = FACE_BOUND('',#21061,.T.);
#21061 = EDGE_LOOP('',(#21062,#21063,#21069,#21070));
#21062 = ORIENTED_EDGE('',*,*,#11031,.T.);
#21063 = ORIENTED_EDGE('',*,*,#21064,.T.);
#21064 = EDGE_CURVE('',#11032,#14860,#21065,.T.);
#21065 = LINE('',#21066,#21067);
#21066 = CARTESIAN_POINT('',(175.84,-30.5839,-4.6E-02));
#21067 = VECTOR('',#21068,1.);
#21068 = DIRECTION('',(0.,0.,1.));
#21069 = ORIENTED_EDGE('',*,*,#14859,.F.);
#21070 = ORIENTED_EDGE('',*,*,#21064,.F.);
#21071 = CYLINDRICAL_SURFACE('',#21072,1.9939);
#21072 = AXIS2_PLACEMENT_3D('',#21073,#21074,#21075);
#21073 = CARTESIAN_POINT('',(175.84,-28.59,-4.6E-02));
#21074 = DIRECTION('',(-0.,-0.,-1.));
#21075 = DIRECTION('',(-0.,-1.,0.));
#21076 = ADVANCED_FACE('',(#21077),#21088,.F.);
#21077 = FACE_BOUND('',#21078,.T.);
#21078 = EDGE_LOOP('',(#21079,#21080,#21086,#21087));
#21079 = ORIENTED_EDGE('',*,*,#11042,.T.);
#21080 = ORIENTED_EDGE('',*,*,#21081,.T.);
#21081 = EDGE_CURVE('',#11043,#14871,#21082,.T.);
#21082 = LINE('',#21083,#21084);
#21083 = CARTESIAN_POINT('',(180.92,-29.465,-4.6E-02));
#21084 = VECTOR('',#21085,1.);
#21085 = DIRECTION('',(0.,0.,1.));
#21086 = ORIENTED_EDGE('',*,*,#14870,.F.);
#21087 = ORIENTED_EDGE('',*,*,#21081,.F.);
#21088 = CYLINDRICAL_SURFACE('',#21089,0.875);
#21089 = AXIS2_PLACEMENT_3D('',#21090,#21091,#21092);
#21090 = CARTESIAN_POINT('',(180.92,-28.59,-4.6E-02));
#21091 = DIRECTION('',(-0.,-0.,-1.));
#21092 = DIRECTION('',(-0.,-1.,0.));
#21093 = ADVANCED_FACE('',(#21094),#21105,.F.);
#21094 = FACE_BOUND('',#21095,.T.);
#21095 = EDGE_LOOP('',(#21096,#21097,#21103,#21104));
#21096 = ORIENTED_EDGE('',*,*,#11053,.T.);
#21097 = ORIENTED_EDGE('',*,*,#21098,.T.);
#21098 = EDGE_CURVE('',#11054,#14882,#21099,.T.);
#21099 = LINE('',#21100,#21101);
#21100 = CARTESIAN_POINT('',(172.03,-26.785,-4.6E-02));
#21101 = VECTOR('',#21102,1.);
#21102 = DIRECTION('',(0.,0.,1.));
#21103 = ORIENTED_EDGE('',*,*,#14881,.F.);
#21104 = ORIENTED_EDGE('',*,*,#21098,.F.);
#21105 = CYLINDRICAL_SURFACE('',#21106,0.735);
#21106 = AXIS2_PLACEMENT_3D('',#21107,#21108,#21109);
#21107 = CARTESIAN_POINT('',(172.03,-26.05,-4.6E-02));
#21108 = DIRECTION('',(-0.,0.,-1.));
#21109 = DIRECTION('',(3.866899242232E-14,-1.,-0.));
#21110 = ADVANCED_FACE('',(#21111),#21122,.F.);
#21111 = FACE_BOUND('',#21112,.T.);
#21112 = EDGE_LOOP('',(#21113,#21114,#21120,#21121));
#21113 = ORIENTED_EDGE('',*,*,#11064,.T.);
#21114 = ORIENTED_EDGE('',*,*,#21115,.T.);
#21115 = EDGE_CURVE('',#11065,#14893,#21116,.T.);
#21116 = LINE('',#21117,#21118);
#21117 = CARTESIAN_POINT('',(140.28,-24.245,-4.6E-02));
#21118 = VECTOR('',#21119,1.);
#21119 = DIRECTION('',(0.,0.,1.));
#21120 = ORIENTED_EDGE('',*,*,#14892,.F.);
#21121 = ORIENTED_EDGE('',*,*,#21115,.F.);
#21122 = CYLINDRICAL_SURFACE('',#21123,0.735);
#21123 = AXIS2_PLACEMENT_3D('',#21124,#21125,#21126);
#21124 = CARTESIAN_POINT('',(140.28,-23.51,-4.6E-02));
#21125 = DIRECTION('',(-0.,0.,-1.));
#21126 = DIRECTION('',(3.866899242232E-14,-1.,-0.));
#21127 = ADVANCED_FACE('',(#21128),#21139,.F.);
#21128 = FACE_BOUND('',#21129,.T.);
#21129 = EDGE_LOOP('',(#21130,#21131,#21137,#21138));
#21130 = ORIENTED_EDGE('',*,*,#11075,.T.);
#21131 = ORIENTED_EDGE('',*,*,#21132,.T.);
#21132 = EDGE_CURVE('',#11076,#14904,#21133,.T.);
#21133 = LINE('',#21134,#21135);
#21134 = CARTESIAN_POINT('',(159.33,-24.245,-4.6E-02));
#21135 = VECTOR('',#21136,1.);
#21136 = DIRECTION('',(0.,0.,1.));
#21137 = ORIENTED_EDGE('',*,*,#14903,.F.);
#21138 = ORIENTED_EDGE('',*,*,#21132,.F.);
#21139 = CYLINDRICAL_SURFACE('',#21140,0.735);
#21140 = AXIS2_PLACEMENT_3D('',#21141,#21142,#21143);
#21141 = CARTESIAN_POINT('',(159.33,-23.51,-4.6E-02));
#21142 = DIRECTION('',(-0.,0.,-1.));
#21143 = DIRECTION('',(3.866899242232E-14,-1.,-0.));
#21144 = ADVANCED_FACE('',(#21145),#21156,.F.);
#21145 = FACE_BOUND('',#21146,.T.);
#21146 = EDGE_LOOP('',(#21147,#21148,#21154,#21155));
#21147 = ORIENTED_EDGE('',*,*,#11086,.T.);
#21148 = ORIENTED_EDGE('',*,*,#21149,.T.);
#21149 = EDGE_CURVE('',#11087,#14915,#21150,.T.);
#21150 = LINE('',#21151,#21152);
#21151 = CARTESIAN_POINT('',(178.38,-24.245,-4.6E-02));
#21152 = VECTOR('',#21153,1.);
#21153 = DIRECTION('',(0.,0.,1.));
#21154 = ORIENTED_EDGE('',*,*,#14914,.F.);
#21155 = ORIENTED_EDGE('',*,*,#21149,.F.);
#21156 = CYLINDRICAL_SURFACE('',#21157,0.735);
#21157 = AXIS2_PLACEMENT_3D('',#21158,#21159,#21160);
#21158 = CARTESIAN_POINT('',(178.38,-23.51,-4.6E-02));
#21159 = DIRECTION('',(-0.,-0.,-1.));
#21160 = DIRECTION('',(-0.,-1.,0.));
#21161 = ADVANCED_FACE('',(#21162),#21173,.F.);
#21162 = FACE_BOUND('',#21163,.T.);
#21163 = EDGE_LOOP('',(#21164,#21165,#21171,#21172));
#21164 = ORIENTED_EDGE('',*,*,#11097,.T.);
#21165 = ORIENTED_EDGE('',*,*,#21166,.T.);
#21166 = EDGE_CURVE('',#11098,#14926,#21167,.T.);
#21167 = LINE('',#21168,#21169);
#21168 = CARTESIAN_POINT('',(176.6338,-16.998122,-4.6E-02));
#21169 = VECTOR('',#21170,1.);
#21170 = DIRECTION('',(0.,0.,1.));
#21171 = ORIENTED_EDGE('',*,*,#14925,.F.);
#21172 = ORIENTED_EDGE('',*,*,#21166,.F.);
#21173 = CYLINDRICAL_SURFACE('',#21174,1.505);
#21174 = AXIS2_PLACEMENT_3D('',#21175,#21176,#21177);
#21175 = CARTESIAN_POINT('',(176.6338,-15.493122,-4.6E-02));
#21176 = DIRECTION('',(-0.,-0.,-1.));
#21177 = DIRECTION('',(-0.,-1.,0.));
#21178 = ADVANCED_FACE('',(#21179),#21190,.F.);
#21179 = FACE_BOUND('',#21180,.T.);
#21180 = EDGE_LOOP('',(#21181,#21182,#21188,#21189));
#21181 = ORIENTED_EDGE('',*,*,#11108,.T.);
#21182 = ORIENTED_EDGE('',*,*,#21183,.T.);
#21183 = EDGE_CURVE('',#11109,#14937,#21184,.T.);
#21184 = LINE('',#21185,#21186);
#21185 = CARTESIAN_POINT('',(189.81,-29.465,-4.6E-02));
#21186 = VECTOR('',#21187,1.);
#21187 = DIRECTION('',(0.,0.,1.));
#21188 = ORIENTED_EDGE('',*,*,#14936,.F.);
#21189 = ORIENTED_EDGE('',*,*,#21183,.F.);
#21190 = CYLINDRICAL_SURFACE('',#21191,0.875);
#21191 = AXIS2_PLACEMENT_3D('',#21192,#21193,#21194);
#21192 = CARTESIAN_POINT('',(189.81,-28.59,-4.6E-02));
#21193 = DIRECTION('',(-0.,-0.,-1.));
#21194 = DIRECTION('',(-0.,-1.,0.));
#21195 = ADVANCED_FACE('',(#21196),#21207,.F.);
#21196 = FACE_BOUND('',#21197,.T.);
#21197 = EDGE_LOOP('',(#21198,#21199,#21205,#21206));
#21198 = ORIENTED_EDGE('',*,*,#11119,.T.);
#21199 = ORIENTED_EDGE('',*,*,#21200,.T.);
#21200 = EDGE_CURVE('',#11120,#14948,#21201,.T.);
#21201 = LINE('',#21202,#21203);
#21202 = CARTESIAN_POINT('',(194.89,-30.5839,-4.6E-02));
#21203 = VECTOR('',#21204,1.);
#21204 = DIRECTION('',(0.,0.,1.));
#21205 = ORIENTED_EDGE('',*,*,#14947,.F.);
#21206 = ORIENTED_EDGE('',*,*,#21200,.F.);
#21207 = CYLINDRICAL_SURFACE('',#21208,1.9939);
#21208 = AXIS2_PLACEMENT_3D('',#21209,#21210,#21211);
#21209 = CARTESIAN_POINT('',(194.89,-28.59,-4.6E-02));
#21210 = DIRECTION('',(-0.,-0.,-1.));
#21211 = DIRECTION('',(-0.,-1.,0.));
#21212 = ADVANCED_FACE('',(#21213),#21224,.F.);
#21213 = FACE_BOUND('',#21214,.T.);
#21214 = EDGE_LOOP('',(#21215,#21216,#21222,#21223));
#21215 = ORIENTED_EDGE('',*,*,#11130,.T.);
#21216 = ORIENTED_EDGE('',*,*,#21217,.T.);
#21217 = EDGE_CURVE('',#11131,#14959,#21218,.T.);
#21218 = LINE('',#21219,#21220);
#21219 = CARTESIAN_POINT('',(191.08,-26.785,-4.6E-02));
#21220 = VECTOR('',#21221,1.);
#21221 = DIRECTION('',(0.,0.,1.));
#21222 = ORIENTED_EDGE('',*,*,#14958,.F.);
#21223 = ORIENTED_EDGE('',*,*,#21217,.F.);
#21224 = CYLINDRICAL_SURFACE('',#21225,0.735);
#21225 = AXIS2_PLACEMENT_3D('',#21226,#21227,#21228);
#21226 = CARTESIAN_POINT('',(191.08,-26.05,-4.6E-02));
#21227 = DIRECTION('',(-0.,0.,-1.));
#21228 = DIRECTION('',(3.866899242232E-14,-1.,-0.));
#21229 = ADVANCED_FACE('',(#21230),#21241,.F.);
#21230 = FACE_BOUND('',#21231,.T.);
#21231 = EDGE_LOOP('',(#21232,#21233,#21239,#21240));
#21232 = ORIENTED_EDGE('',*,*,#11141,.T.);
#21233 = ORIENTED_EDGE('',*,*,#21234,.T.);
#21234 = EDGE_CURVE('',#11142,#14970,#21235,.T.);
#21235 = LINE('',#21236,#21237);
#21236 = CARTESIAN_POINT('',(199.97,-29.465,-4.6E-02));
#21237 = VECTOR('',#21238,1.);
#21238 = DIRECTION('',(0.,0.,1.));
#21239 = ORIENTED_EDGE('',*,*,#14969,.F.);
#21240 = ORIENTED_EDGE('',*,*,#21234,.F.);
#21241 = CYLINDRICAL_SURFACE('',#21242,0.875);
#21242 = AXIS2_PLACEMENT_3D('',#21243,#21244,#21245);
#21243 = CARTESIAN_POINT('',(199.97,-28.59,-4.6E-02));
#21244 = DIRECTION('',(-0.,-0.,-1.));
#21245 = DIRECTION('',(-0.,-1.,0.));
#21246 = ADVANCED_FACE('',(#21247),#21258,.F.);
#21247 = FACE_BOUND('',#21248,.T.);
#21248 = EDGE_LOOP('',(#21249,#21250,#21256,#21257));
#21249 = ORIENTED_EDGE('',*,*,#11152,.T.);
#21250 = ORIENTED_EDGE('',*,*,#21251,.T.);
#21251 = EDGE_CURVE('',#11153,#14981,#21252,.T.);
#21252 = LINE('',#21253,#21254);
#21253 = CARTESIAN_POINT('',(208.86,-29.465,-4.6E-02));
#21254 = VECTOR('',#21255,1.);
#21255 = DIRECTION('',(0.,0.,1.));
#21256 = ORIENTED_EDGE('',*,*,#14980,.F.);
#21257 = ORIENTED_EDGE('',*,*,#21251,.F.);
#21258 = CYLINDRICAL_SURFACE('',#21259,0.875);
#21259 = AXIS2_PLACEMENT_3D('',#21260,#21261,#21262);
#21260 = CARTESIAN_POINT('',(208.86,-28.59,-4.6E-02));
#21261 = DIRECTION('',(-0.,-0.,-1.));
#21262 = DIRECTION('',(-0.,-1.,0.));
#21263 = ADVANCED_FACE('',(#21264),#21275,.F.);
#21264 = FACE_BOUND('',#21265,.T.);
#21265 = EDGE_LOOP('',(#21266,#21267,#21273,#21274));
#21266 = ORIENTED_EDGE('',*,*,#11163,.T.);
#21267 = ORIENTED_EDGE('',*,*,#21268,.T.);
#21268 = EDGE_CURVE('',#11164,#14992,#21269,.T.);
#21269 = LINE('',#21270,#21271);
#21270 = CARTESIAN_POINT('',(210.13,-26.785,-4.6E-02));
#21271 = VECTOR('',#21272,1.);
#21272 = DIRECTION('',(0.,0.,1.));
#21273 = ORIENTED_EDGE('',*,*,#14991,.F.);
#21274 = ORIENTED_EDGE('',*,*,#21268,.F.);
#21275 = CYLINDRICAL_SURFACE('',#21276,0.735);
#21276 = AXIS2_PLACEMENT_3D('',#21277,#21278,#21279);
#21277 = CARTESIAN_POINT('',(210.13,-26.05,-4.6E-02));
#21278 = DIRECTION('',(-0.,-0.,-1.));
#21279 = DIRECTION('',(-0.,-1.,0.));
#21280 = ADVANCED_FACE('',(#21281),#21292,.F.);
#21281 = FACE_BOUND('',#21282,.T.);
#21282 = EDGE_LOOP('',(#21283,#21284,#21290,#21291));
#21283 = ORIENTED_EDGE('',*,*,#11174,.T.);
#21284 = ORIENTED_EDGE('',*,*,#21285,.T.);
#21285 = EDGE_CURVE('',#11175,#15003,#21286,.T.);
#21286 = LINE('',#21287,#21288);
#21287 = CARTESIAN_POINT('',(213.94,-30.5839,-4.6E-02));
#21288 = VECTOR('',#21289,1.);
#21289 = DIRECTION('',(0.,0.,1.));
#21290 = ORIENTED_EDGE('',*,*,#15002,.F.);
#21291 = ORIENTED_EDGE('',*,*,#21285,.F.);
#21292 = CYLINDRICAL_SURFACE('',#21293,1.9939);
#21293 = AXIS2_PLACEMENT_3D('',#21294,#21295,#21296);
#21294 = CARTESIAN_POINT('',(213.94,-28.59,-4.6E-02));
#21295 = DIRECTION('',(-0.,-0.,-1.));
#21296 = DIRECTION('',(-0.,-1.,0.));
#21297 = ADVANCED_FACE('',(#21298),#21309,.F.);
#21298 = FACE_BOUND('',#21299,.T.);
#21299 = EDGE_LOOP('',(#21300,#21301,#21307,#21308));
#21300 = ORIENTED_EDGE('',*,*,#11185,.T.);
#21301 = ORIENTED_EDGE('',*,*,#21302,.T.);
#21302 = EDGE_CURVE('',#11186,#15014,#21303,.T.);
#21303 = LINE('',#21304,#21305);
#21304 = CARTESIAN_POINT('',(219.02,-29.465,-4.6E-02));
#21305 = VECTOR('',#21306,1.);
#21306 = DIRECTION('',(0.,0.,1.));
#21307 = ORIENTED_EDGE('',*,*,#15013,.F.);
#21308 = ORIENTED_EDGE('',*,*,#21302,.F.);
#21309 = CYLINDRICAL_SURFACE('',#21310,0.875);
#21310 = AXIS2_PLACEMENT_3D('',#21311,#21312,#21313);
#21311 = CARTESIAN_POINT('',(219.02,-28.59,-4.6E-02));
#21312 = DIRECTION('',(-0.,-0.,-1.));
#21313 = DIRECTION('',(-0.,-1.,0.));
#21314 = ADVANCED_FACE('',(#21315),#21326,.F.);
#21315 = FACE_BOUND('',#21316,.T.);
#21316 = EDGE_LOOP('',(#21317,#21318,#21324,#21325));
#21317 = ORIENTED_EDGE('',*,*,#11196,.T.);
#21318 = ORIENTED_EDGE('',*,*,#21319,.T.);
#21319 = EDGE_CURVE('',#11197,#15025,#21320,.T.);
#21320 = LINE('',#21321,#21322);
#21321 = CARTESIAN_POINT('',(227.91,-29.465,-4.6E-02));
#21322 = VECTOR('',#21323,1.);
#21323 = DIRECTION('',(0.,0.,1.));
#21324 = ORIENTED_EDGE('',*,*,#15024,.F.);
#21325 = ORIENTED_EDGE('',*,*,#21319,.F.);
#21326 = CYLINDRICAL_SURFACE('',#21327,0.875);
#21327 = AXIS2_PLACEMENT_3D('',#21328,#21329,#21330);
#21328 = CARTESIAN_POINT('',(227.91,-28.59,-4.6E-02));
#21329 = DIRECTION('',(-0.,-0.,-1.));
#21330 = DIRECTION('',(-0.,-1.,0.));
#21331 = ADVANCED_FACE('',(#21332),#21343,.F.);
#21332 = FACE_BOUND('',#21333,.T.);
#21333 = EDGE_LOOP('',(#21334,#21335,#21341,#21342));
#21334 = ORIENTED_EDGE('',*,*,#11207,.T.);
#21335 = ORIENTED_EDGE('',*,*,#21336,.T.);
#21336 = EDGE_CURVE('',#11208,#15036,#21337,.T.);
#21337 = LINE('',#21338,#21339);
#21338 = CARTESIAN_POINT('',(232.99,-30.5839,-4.6E-02));
#21339 = VECTOR('',#21340,1.);
#21340 = DIRECTION('',(0.,0.,1.));
#21341 = ORIENTED_EDGE('',*,*,#15035,.F.);
#21342 = ORIENTED_EDGE('',*,*,#21336,.F.);
#21343 = CYLINDRICAL_SURFACE('',#21344,1.9939);
#21344 = AXIS2_PLACEMENT_3D('',#21345,#21346,#21347);
#21345 = CARTESIAN_POINT('',(232.99,-28.59,-4.6E-02));
#21346 = DIRECTION('',(-0.,-0.,-1.));
#21347 = DIRECTION('',(-0.,-1.,0.));
#21348 = ADVANCED_FACE('',(#21349),#21360,.F.);
#21349 = FACE_BOUND('',#21350,.T.);
#21350 = EDGE_LOOP('',(#21351,#21352,#21358,#21359));
#21351 = ORIENTED_EDGE('',*,*,#11218,.T.);
#21352 = ORIENTED_EDGE('',*,*,#21353,.T.);
#21353 = EDGE_CURVE('',#11219,#15047,#21354,.T.);
#21354 = LINE('',#21355,#21356);
#21355 = CARTESIAN_POINT('',(238.07,-29.465,-4.6E-02));
#21356 = VECTOR('',#21357,1.);
#21357 = DIRECTION('',(0.,0.,1.));
#21358 = ORIENTED_EDGE('',*,*,#15046,.F.);
#21359 = ORIENTED_EDGE('',*,*,#21353,.F.);
#21360 = CYLINDRICAL_SURFACE('',#21361,0.875);
#21361 = AXIS2_PLACEMENT_3D('',#21362,#21363,#21364);
#21362 = CARTESIAN_POINT('',(238.07,-28.59,-4.6E-02));
#21363 = DIRECTION('',(-0.,-0.,-1.));
#21364 = DIRECTION('',(-0.,-1.,0.));
#21365 = ADVANCED_FACE('',(#21366),#21377,.F.);
#21366 = FACE_BOUND('',#21367,.T.);
#21367 = EDGE_LOOP('',(#21368,#21369,#21375,#21376));
#21368 = ORIENTED_EDGE('',*,*,#11229,.T.);
#21369 = ORIENTED_EDGE('',*,*,#21370,.T.);
#21370 = EDGE_CURVE('',#11230,#15058,#21371,.T.);
#21371 = LINE('',#21372,#21373);
#21372 = CARTESIAN_POINT('',(229.18,-26.785,-4.6E-02));
#21373 = VECTOR('',#21374,1.);
#21374 = DIRECTION('',(0.,0.,1.));
#21375 = ORIENTED_EDGE('',*,*,#15057,.F.);
#21376 = ORIENTED_EDGE('',*,*,#21370,.F.);
#21377 = CYLINDRICAL_SURFACE('',#21378,0.735);
#21378 = AXIS2_PLACEMENT_3D('',#21379,#21380,#21381);
#21379 = CARTESIAN_POINT('',(229.18,-26.05,-4.6E-02));
#21380 = DIRECTION('',(-0.,-0.,-1.));
#21381 = DIRECTION('',(-0.,-1.,0.));
#21382 = ADVANCED_FACE('',(#21383),#21394,.F.);
#21383 = FACE_BOUND('',#21384,.T.);
#21384 = EDGE_LOOP('',(#21385,#21386,#21392,#21393));
#21385 = ORIENTED_EDGE('',*,*,#11240,.T.);
#21386 = ORIENTED_EDGE('',*,*,#21387,.T.);
#21387 = EDGE_CURVE('',#11241,#15069,#21388,.T.);
#21388 = LINE('',#21389,#21390);
#21389 = CARTESIAN_POINT('',(197.43,-24.245,-4.6E-02));
#21390 = VECTOR('',#21391,1.);
#21391 = DIRECTION('',(0.,0.,1.));
#21392 = ORIENTED_EDGE('',*,*,#15068,.F.);
#21393 = ORIENTED_EDGE('',*,*,#21387,.F.);
#21394 = CYLINDRICAL_SURFACE('',#21395,0.735);
#21395 = AXIS2_PLACEMENT_3D('',#21396,#21397,#21398);
#21396 = CARTESIAN_POINT('',(197.43,-23.51,-4.6E-02));
#21397 = DIRECTION('',(-0.,-0.,-1.));
#21398 = DIRECTION('',(-0.,-1.,0.));
#21399 = ADVANCED_FACE('',(#21400),#21411,.F.);
#21400 = FACE_BOUND('',#21401,.T.);
#21401 = EDGE_LOOP('',(#21402,#21403,#21409,#21410));
#21402 = ORIENTED_EDGE('',*,*,#11251,.T.);
#21403 = ORIENTED_EDGE('',*,*,#21404,.T.);
#21404 = EDGE_CURVE('',#11252,#15080,#21405,.T.);
#21405 = LINE('',#21406,#21407);
#21406 = CARTESIAN_POINT('',(216.48,-24.245,-4.6E-02));
#21407 = VECTOR('',#21408,1.);
#21408 = DIRECTION('',(0.,0.,1.));
#21409 = ORIENTED_EDGE('',*,*,#15079,.F.);
#21410 = ORIENTED_EDGE('',*,*,#21404,.F.);
#21411 = CYLINDRICAL_SURFACE('',#21412,0.735);
#21412 = AXIS2_PLACEMENT_3D('',#21413,#21414,#21415);
#21413 = CARTESIAN_POINT('',(216.48,-23.51,-4.6E-02));
#21414 = DIRECTION('',(-0.,-0.,-1.));
#21415 = DIRECTION('',(-3.866899242232E-14,-1.,0.));
#21416 = ADVANCED_FACE('',(#21417),#21428,.F.);
#21417 = FACE_BOUND('',#21418,.T.);
#21418 = EDGE_LOOP('',(#21419,#21420,#21426,#21427));
#21419 = ORIENTED_EDGE('',*,*,#11262,.T.);
#21420 = ORIENTED_EDGE('',*,*,#21421,.T.);
#21421 = EDGE_CURVE('',#11263,#15091,#21422,.T.);
#21422 = LINE('',#21423,#21424);
#21423 = CARTESIAN_POINT('',(235.53,-24.245,-4.6E-02));
#21424 = VECTOR('',#21425,1.);
#21425 = DIRECTION('',(0.,0.,1.));
#21426 = ORIENTED_EDGE('',*,*,#15090,.F.);
#21427 = ORIENTED_EDGE('',*,*,#21421,.F.);
#21428 = CYLINDRICAL_SURFACE('',#21429,0.735);
#21429 = AXIS2_PLACEMENT_3D('',#21430,#21431,#21432);
#21430 = CARTESIAN_POINT('',(235.53,-23.51,-4.6E-02));
#21431 = DIRECTION('',(-0.,0.,-1.));
#21432 = DIRECTION('',(3.866899242232E-14,-1.,-0.));
#21433 = ADVANCED_FACE('',(#21434),#21445,.F.);
#21434 = FACE_BOUND('',#21435,.T.);
#21435 = EDGE_LOOP('',(#21436,#21437,#21443,#21444));
#21436 = ORIENTED_EDGE('',*,*,#11273,.T.);
#21437 = ORIENTED_EDGE('',*,*,#21438,.T.);
#21438 = EDGE_CURVE('',#11274,#15102,#21439,.T.);
#21439 = LINE('',#21440,#21441);
#21440 = CARTESIAN_POINT('',(233.7838,-16.998122,-4.6E-02));
#21441 = VECTOR('',#21442,1.);
#21442 = DIRECTION('',(0.,0.,1.));
#21443 = ORIENTED_EDGE('',*,*,#15101,.F.);
#21444 = ORIENTED_EDGE('',*,*,#21438,.F.);
#21445 = CYLINDRICAL_SURFACE('',#21446,1.505);
#21446 = AXIS2_PLACEMENT_3D('',#21447,#21448,#21449);
#21447 = CARTESIAN_POINT('',(233.7838,-15.493122,-4.6E-02));
#21448 = DIRECTION('',(-0.,0.,-1.));
#21449 = DIRECTION('',(1.888485676439E-14,-1.,-0.));
#21450 = ( GEOMETRIC_REPRESENTATION_CONTEXT(3) 
GLOBAL_UNCERTAINTY_ASSIGNED_CONTEXT((#21454)) 
GLOBAL_UNIT_ASSIGNED_CONTEXT((#21451,#21452,#21453)) 
REPRESENTATION_CONTEXT('Context #1',
  '3D Context with UNIT and UNCERTAINTY') );
#21451 = ( LENGTH_UNIT() NAMED_UNIT(*) SI_UNIT(.MILLI.,.METRE.) );
#21452 = ( NAMED_UNIT(*) PLANE_ANGLE_UNIT() SI_UNIT($,.RADIAN.) );
#21453 = ( NAMED_UNIT(*) SI_UNIT($,.STERADIAN.) SOLID_ANGLE_UNIT() );
#21454 = UNCERTAINTY_MEASURE_WITH_UNIT(LENGTH_MEASURE(1.E-07),#21451,
  'distance_accuracy_value','confusion accuracy');
#21455 = CONTEXT_DEPENDENT_SHAPE_REPRESENTATION(#21456,#21458);
#21456 = ( REPRESENTATION_RELATIONSHIP('','',#7351,#10) 
REPRESENTATION_RELATIONSHIP_WITH_TRANSFORMATION(#21457) 
SHAPE_REPRESENTATION_RELATIONSHIP() );
#21457 = ITEM_DEFINED_TRANSFORMATION('','',#11,#19);
#21458 = PRODUCT_DEFINITION_SHAPE('Placement','Placement of an item',
  #21459);
#21459 = NEXT_ASSEMBLY_USAGE_OCCURRENCE('2','=>[0:1:1:3]','',#5,#7346,$
  );
#21460 = PRODUCT_RELATED_PRODUCT_CATEGORY('part',$,(#7348));
#21461 = MECHANICAL_DESIGN_GEOMETRIC_PRESENTATION_REPRESENTATION('',(
    #21462),#21450);
#21462 = STYLED_ITEM('color',(#21463),#7352);
#21463 = PRESENTATION_STYLE_ASSIGNMENT((#21464));
#21464 = SURFACE_STYLE_USAGE(.BOTH.,#21465);
#21465 = SURFACE_SIDE_STYLE('',(#21466));
#21466 = SURFACE_STYLE_FILL_AREA(#21467);
#21467 = FILL_AREA_STYLE('',(#21468));
#21468 = FILL_AREA_STYLE_COLOUR('',#21469);
#21469 = COLOUR_RGB('',0.313304153717,0.484529207832,0.410020903123);
#21470 = MECHANICAL_DESIGN_GEOMETRIC_PRESENTATION_REPRESENTATION('',(
    #21471,#21479,#21486,#21493,#21500,#21507,#21514),#7333);
#21471 = STYLED_ITEM('color',(#21472),#37);
#21472 = PRESENTATION_STYLE_ASSIGNMENT((#21473));
#21473 = SURFACE_STYLE_USAGE(.BOTH.,#21474);
#21474 = SURFACE_SIDE_STYLE('',(#21475));
#21475 = SURFACE_STYLE_FILL_AREA(#21476);
#21476 = FILL_AREA_STYLE('',(#21477));
#21477 = FILL_AREA_STYLE_COLOUR('',#21478);
#21478 = DRAUGHTING_PRE_DEFINED_COLOUR('white');
#21479 = STYLED_ITEM('color',(#21480),#830);
#21480 = PRESENTATION_STYLE_ASSIGNMENT((#21481));
#21481 = SURFACE_STYLE_USAGE(.BOTH.,#21482);
#21482 = SURFACE_SIDE_STYLE('',(#21483));
#21483 = SURFACE_STYLE_FILL_AREA(#21484);
#21484 = FILL_AREA_STYLE('',(#21485));
#21485 = FILL_AREA_STYLE_COLOUR('',#21478);
#21486 = STYLED_ITEM('color',(#21487),#1454);
#21487 = PRESENTATION_STYLE_ASSIGNMENT((#21488));
#21488 = SURFACE_STYLE_USAGE(.BOTH.,#21489);
#21489 = SURFACE_SIDE_STYLE('',(#21490));
#21490 = SURFACE_STYLE_FILL_AREA(#21491);
#21491 = FILL_AREA_STYLE('',(#21492));
#21492 = FILL_AREA_STYLE_COLOUR('',#21478);
#21493 = STYLED_ITEM('color',(#21494),#2078);
#21494 = PRESENTATION_STYLE_ASSIGNMENT((#21495));
#21495 = SURFACE_STYLE_USAGE(.BOTH.,#21496);
#21496 = SURFACE_SIDE_STYLE('',(#21497));
#21497 = SURFACE_STYLE_FILL_AREA(#21498);
#21498 = FILL_AREA_STYLE('',(#21499));
#21499 = FILL_AREA_STYLE_COLOUR('',#21478);
#21500 = STYLED_ITEM('color',(#21501),#2702);
#21501 = PRESENTATION_STYLE_ASSIGNMENT((#21502));
#21502 = SURFACE_STYLE_USAGE(.BOTH.,#21503);
#21503 = SURFACE_SIDE_STYLE('',(#21504));
#21504 = SURFACE_STYLE_FILL_AREA(#21505);
#21505 = FILL_AREA_STYLE('',(#21506));
#21506 = FILL_AREA_STYLE_COLOUR('',#21478);
#21507 = STYLED_ITEM('color',(#21508),#3495);
#21508 = PRESENTATION_STYLE_ASSIGNMENT((#21509));
#21509 = SURFACE_STYLE_USAGE(.BOTH.,#21510);
#21510 = SURFACE_SIDE_STYLE('',(#21511));
#21511 = SURFACE_STYLE_FILL_AREA(#21512);
#21512 = FILL_AREA_STYLE('',(#21513));
#21513 = FILL_AREA_STYLE_COLOUR('',#21478);
#21514 = STYLED_ITEM('color',(#21515),#4119);
#21515 = PRESENTATION_STYLE_ASSIGNMENT((#21516));
#21516 = SURFACE_STYLE_USAGE(.BOTH.,#21517);
#21517 = SURFACE_SIDE_STYLE('',(#21518));
#21518 = SURFACE_STYLE_FILL_AREA(#21519);
#21519 = FILL_AREA_STYLE('',(#21520));
#21520 = FILL_AREA_STYLE_COLOUR('',#21521);
#21521 = COLOUR_RGB('',1.,1.,0.752941164258);
ENDSEC;
END-ISO-10303-21;
